tipo,elemento,nodo,componente,valor
local,1,-,comp_0,1186.505949
local,1,-,comp_1,6.147958
local,1,-,comp_2,-19.287846
local,1,-,comp_3,2.121288
local,1,-,comp_4,52.944473
local,1,-,comp_5,17.667766
local,1,-,comp_6,-1186.505949
local,1,-,comp_7,-6.147958
local,1,-,comp_8,19.287846
local,1,-,comp_9,-2.121288
local,1,-,comp_10,23.435398
local,1,-,comp_11,6.678148
local,3,-,comp_0,848.542028
local,3,-,comp_1,6.551029
local,3,-,comp_2,-12.699695
local,3,-,comp_3,2.922655
local,3,-,comp_4,20.676712
local,3,-,comp_5,10.437367
local,3,-,comp_6,-848.542028
local,3,-,comp_7,-6.551029
local,3,-,comp_8,12.699695
local,3,-,comp_9,-2.922655
local,3,-,comp_10,29.614079
local,3,-,comp_11,15.504709
local,4,-,comp_0,549.47432
local,4,-,comp_1,7.002074
local,4,-,comp_2,-4.656636
local,4,-,comp_3,2.137161
local,4,-,comp_4,4.237052
local,4,-,comp_5,10.482443
local,4,-,comp_6,-549.47432
local,4,-,comp_7,-7.002074
local,4,-,comp_8,4.656636
local,4,-,comp_9,-2.137161
local,4,-,comp_10,14.203225
local,4,-,comp_11,17.24577
local,5,-,comp_0,267.374465
local,5,-,comp_1,8.150745
local,5,-,comp_2,-4.779444
local,5,-,comp_3,1.713677
local,5,-,comp_4,6.840143
local,5,-,comp_5,11.794316
local,5,-,comp_6,-267.374465
local,5,-,comp_7,-8.150745
local,5,-,comp_8,4.779444
local,5,-,comp_9,-1.713677
local,5,-,comp_10,12.086457
local,5,-,comp_11,20.482634
local,6,-,comp_0,2420.650319
local,6,-,comp_1,15.047328
local,6,-,comp_2,-14.880904
local,6,-,comp_3,2.121288
local,6,-,comp_4,38.556449
local,6,-,comp_5,39.585689
local,6,-,comp_6,-2420.650319
local,6,-,comp_7,-15.047328
local,6,-,comp_8,14.880904
local,6,-,comp_9,-2.121288
local,6,-,comp_10,20.371932
local,6,-,comp_11,20.001729
local,7,-,comp_0,1804.175298
local,7,-,comp_1,12.624363
local,7,-,comp_2,-10.283876
local,7,-,comp_3,2.922655
local,7,-,comp_4,17.003684
local,7,-,comp_5,23.872824
local,7,-,comp_6,-1804.175298
local,7,-,comp_7,-12.624363
local,7,-,comp_8,10.283876
local,7,-,comp_9,-2.922655
local,7,-,comp_10,23.720467
local,7,-,comp_11,26.119652
local,8,-,comp_0,1186.757651
local,8,-,comp_1,7.418334
local,8,-,comp_2,-3.140851
local,8,-,comp_3,2.137161
local,8,-,comp_4,2.705197
local,8,-,comp_5,9.863911
local,8,-,comp_6,-1186.757651
local,8,-,comp_7,-7.418334
local,8,-,comp_8,3.140851
local,8,-,comp_9,-2.137161
local,8,-,comp_10,9.732572
local,8,-,comp_11,19.512694
local,9,-,comp_0,567.366068
local,9,-,comp_1,-2.852959
local,9,-,comp_2,-2.930051
local,9,-,comp_3,1.713677
local,9,-,comp_4,3.640172
local,9,-,comp_5,-3.043554
local,9,-,comp_6,-567.366068
local,9,-,comp_7,2.852959
local,9,-,comp_8,2.930051
local,9,-,comp_9,-1.713677
local,9,-,comp_10,7.96283
local,9,-,comp_11,-8.254164
local,10,-,comp_0,2336.534632
local,10,-,comp_1,8.680541
local,10,-,comp_2,-19.42454
local,10,-,comp_3,2.121288
local,10,-,comp_4,44.554048
local,10,-,comp_5,21.010775
local,10,-,comp_6,-2336.534632
local,10,-,comp_7,-8.680541
local,10,-,comp_8,19.42454
local,10,-,comp_9,-2.121288
local,10,-,comp_10,32.36713
local,10,-,comp_11,13.364167
local,11,-,comp_0,1727.891328
local,11,-,comp_1,10.729886
local,11,-,comp_2,-17.704562
local,11,-,comp_3,2.922655
local,11,-,comp_4,32.796587
local,11,-,comp_5,19.296468
local,11,-,comp_6,-1727.891328
local,11,-,comp_7,-10.729886
local,11,-,comp_8,17.704562
local,11,-,comp_9,-2.922655
local,11,-,comp_10,37.313478
local,11,-,comp_11,23.193882
local,12,-,comp_0,1121.347211
local,12,-,comp_1,12.372083
local,12,-,comp_2,-7.863517
local,12,-,comp_3,2.137161
local,12,-,comp_4,12.736822
local,12,-,comp_5,19.743936
local,12,-,comp_6,-1121.347211
local,12,-,comp_7,-12.372083
local,12,-,comp_8,7.863517
local,12,-,comp_9,-2.137161
local,12,-,comp_10,18.402704
local,12,-,comp_11,29.249511
local,13,-,comp_0,512.120635
local,13,-,comp_1,0.758264
local,13,-,comp_2,-6.293634
local,13,-,comp_3,1.713677
local,13,-,comp_4,10.516315
local,13,-,comp_5,6.951572
local,13,-,comp_6,-512.120635
local,13,-,comp_7,-0.758264
local,13,-,comp_8,6.293634
local,13,-,comp_9,-1.713677
local,13,-,comp_10,14.406476
local,13,-,comp_11,-3.948845
local,14,-,comp_0,2057.458199
local,14,-,comp_1,-1.629532
local,14,-,comp_2,-15.725003
local,14,-,comp_3,2.121288
local,14,-,comp_4,39.670659
local,14,-,comp_5,-0.883687
local,14,-,comp_6,-2057.458199
local,14,-,comp_7,1.629532
local,14,-,comp_8,15.725003
local,14,-,comp_9,-2.121288
local,14,-,comp_10,22.600353
local,14,-,comp_11,-5.569261
local,15,-,comp_0,1527.445528
local,15,-,comp_1,-2.81208
local,15,-,comp_2,-12.003525
local,15,-,comp_3,2.922655
local,15,-,comp_4,20.38783
local,15,-,comp_5,-7.032976
local,15,-,comp_6,-1527.445528
local,15,-,comp_7,2.81208
local,15,-,comp_8,12.003525
local,15,-,comp_9,-2.922655
local,15,-,comp_10,27.146128
local,15,-,comp_11,-4.10286
local,16,-,comp_0,1000.39388
local,16,-,comp_1,1.1911
local,16,-,comp_2,-5.12066
local,16,-,comp_3,2.137161
local,16,-,comp_4,6.474271
local,16,-,comp_5,-1.368385
local,16,-,comp_6,-1000.39388
local,16,-,comp_7,-1.1911
local,16,-,comp_8,5.12066
local,16,-,comp_9,-2.137161
local,16,-,comp_10,13.803544
local,16,-,comp_11,6.085142
local,17,-,comp_0,477.021262
local,17,-,comp_1,-8.178646
local,17,-,comp_2,-4.54612
local,17,-,comp_3,1.713677
local,17,-,comp_4,7.231006
local,17,-,comp_5,-11.596611
local,17,-,comp_6,-477.021262
local,17,-,comp_7,8.178646
local,17,-,comp_8,4.54612
local,17,-,comp_9,-1.713677
local,17,-,comp_10,10.771628
local,17,-,comp_11,-20.790825
local,18,-,comp_0,1541.657811
local,18,-,comp_1,25.424663
local,18,-,comp_2,-2.505855
local,18,-,comp_3,2.121288
local,18,-,comp_4,10.793569
local,18,-,comp_5,53.283772
local,18,-,comp_6,-1541.657811
local,18,-,comp_7,-25.424663
local,18,-,comp_8,2.505855
local,18,-,comp_9,-2.121288
local,18,-,comp_10,-0.870385
local,18,-,comp_11,47.397895
local,19,-,comp_0,1159.627004
local,19,-,comp_1,29.066467
local,19,-,comp_2,4.986785
local,19,-,comp_3,2.922655
local,19,-,comp_4,-12.377968
local,19,-,comp_5,59.274484
local,19,-,comp_6,-1159.627004
local,19,-,comp_7,-29.066467
local,19,-,comp_8,-4.986785
local,19,-,comp_9,-2.922655
local,19,-,comp_10,-7.369701
local,19,-,comp_11,55.828724
local,20,-,comp_0,775.302203
local,20,-,comp_1,10.805621
local,20,-,comp_2,7.535916
local,20,-,comp_3,2.137161
local,20,-,comp_4,-18.089413
local,20,-,comp_5,22.340624
local,20,-,comp_6,-775.302203
local,20,-,comp_7,-10.805621
local,20,-,comp_8,-7.535916
local,20,-,comp_9,-2.137161
local,20,-,comp_10,-11.752816
local,20,-,comp_11,20.449636
local,21,-,comp_0,385.507451
local,21,-,comp_1,35.475618
local,21,-,comp_2,18.422815
local,21,-,comp_3,1.713677
local,21,-,comp_4,-29.656272
local,21,-,comp_5,44.015892
local,21,-,comp_6,-385.507451
local,21,-,comp_7,-35.475618
local,21,-,comp_8,-18.422815
local,21,-,comp_9,-1.713677
local,21,-,comp_10,-43.298075
local,21,-,comp_11,96.467555
local,22,-,comp_0,2168.568453
local,22,-,comp_1,36.682615
local,22,-,comp_2,-7.902185
local,22,-,comp_3,2.121288
local,22,-,comp_4,17.916724
local,22,-,comp_5,57.973513
local,22,-,comp_6,-2168.568453
local,22,-,comp_7,-36.682615
local,22,-,comp_8,7.902185
local,22,-,comp_9,-2.121288
local,22,-,comp_10,13.375926
local,22,-,comp_11,87.289642
local,23,-,comp_0,1630.997806
local,23,-,comp_1,54.473825
local,23,-,comp_2,-4.259565
local,23,-,comp_3,2.922655
local,23,-,comp_4,6.950369
local,23,-,comp_5,114.001204
local,23,-,comp_6,-1630.997806
local,23,-,comp_7,-54.473825
local,23,-,comp_8,4.259565
local,23,-,comp_9,-2.922655
local,23,-,comp_10,9.917507
local,23,-,comp_11,101.715142
local,24,-,comp_0,1115.329273
local,24,-,comp_1,22.807724
local,24,-,comp_2,2.017072
local,24,-,comp_3,2.137161
local,24,-,comp_4,-5.722512
local,24,-,comp_5,54.298243
local,24,-,comp_6,-1115.329273
local,24,-,comp_7,-22.807724
local,24,-,comp_8,-2.017072
local,24,-,comp_9,-2.137161
local,24,-,comp_10,-2.265092
local,24,-,comp_11,36.020342
local,25,-,comp_0,603.264333
local,25,-,comp_1,107.297487
local,25,-,comp_2,4.912249
local,25,-,comp_3,1.713677
local,25,-,comp_4,-9.619477
local,25,-,comp_5,140.57913
local,25,-,comp_6,-603.264333
local,25,-,comp_7,-107.297487
local,25,-,comp_8,-4.912249
local,25,-,comp_9,-1.713677
local,25,-,comp_10,-9.83303
local,25,-,comp_11,284.318919
local,26,-,comp_0,1831.166566
local,26,-,comp_1,16.418893
local,26,-,comp_2,-9.881053
local,26,-,comp_3,2.121288
local,26,-,comp_4,20.528831
local,26,-,comp_5,22.940234
local,26,-,comp_6,-1831.166566
local,26,-,comp_7,-16.418893
local,26,-,comp_8,9.881053
local,26,-,comp_9,-2.121288
local,26,-,comp_10,18.600139
local,26,-,comp_11,42.078581
local,27,-,comp_0,1368.130497
local,27,-,comp_1,25.860406
local,27,-,comp_2,-9.407229
local,27,-,comp_3,2.922655
local,27,-,comp_4,16.357393
local,27,-,comp_5,54.638627
local,27,-,comp_6,-1368.130497
local,27,-,comp_7,-25.860406
local,27,-,comp_8,9.407229
local,27,-,comp_9,-2.922655
local,27,-,comp_10,20.895234
local,27,-,comp_11,47.768582
local,28,-,comp_0,908.264981
local,28,-,comp_1,10.551599
local,28,-,comp_2,-4.213532
local,28,-,comp_3,2.137161
local,28,-,comp_4,6.684696
local,28,-,comp_5,25.011234
local,28,-,comp_6,-908.264981
local,28,-,comp_7,-10.551599
local,28,-,comp_8,4.213532
local,28,-,comp_9,-2.137161
local,28,-,comp_10,10.000892
local,28,-,comp_11,16.773098
local,29,-,comp_0,450.331394
local,29,-,comp_1,42.714705
local,29,-,comp_2,-10.43501
local,29,-,comp_3,1.713677
local,29,-,comp_4,14.680492
local,29,-,comp_5,53.914709
local,29,-,comp_6,-450.331394
local,29,-,comp_7,-42.714705
local,29,-,comp_8,10.43501
local,29,-,comp_9,-1.713677
local,29,-,comp_10,26.642146
local,29,-,comp_11,115.235522
local,30,-,comp_0,458.32956
local,30,-,comp_1,7.783614
local,30,-,comp_2,0.363603
local,30,-,comp_3,2.121288
local,30,-,comp_4,-4.42193
local,30,-,comp_5,29.997587
local,30,-,comp_6,-458.32956
local,30,-,comp_7,-7.783614
local,30,-,comp_8,-0.363603
local,30,-,comp_9,-2.121288
local,30,-,comp_10,2.982061
local,30,-,comp_11,0.825526
local,31,-,comp_0,354.223378
local,31,-,comp_1,1.177205
local,31,-,comp_2,0.3861
local,31,-,comp_3,2.922655
local,31,-,comp_4,-2.982061
local,31,-,comp_5,-0.825526
local,31,-,comp_6,-354.223378
local,31,-,comp_7,-1.177205
local,31,-,comp_8,-0.3861
local,31,-,comp_9,-2.922655
local,31,-,comp_10,1.453106
local,31,-,comp_11,5.487259
local,32,-,comp_0,246.733906
local,32,-,comp_1,-0.027896
local,32,-,comp_2,0.221683
local,32,-,comp_3,2.137161
local,32,-,comp_4,-1.453106
local,32,-,comp_5,-5.487259
local,32,-,comp_6,-246.733906
local,32,-,comp_7,0.027896
local,32,-,comp_8,-0.221683
local,32,-,comp_9,-2.137161
local,32,-,comp_10,0.575241
local,32,-,comp_11,5.37679
local,33,-,comp_0,142.627724
local,33,-,comp_1,-1.357775
local,33,-,comp_2,0.145263
local,33,-,comp_3,1.713677
local,33,-,comp_4,-0.575241
local,33,-,comp_5,-5.37679
local,33,-,comp_6,-142.627724
local,33,-,comp_7,1.357775
local,33,-,comp_8,-0.145263
local,33,-,comp_9,-1.713677
local,33,-,comp_10,0.0
local,33,-,comp_11,-0.0
local,34,-,comp_0,0.0
local,34,-,comp_1,0.0
local,34,-,comp_2,0.0
local,34,-,comp_3,-0.0
local,34,-,comp_4,0.0
local,34,-,comp_5,0.0
local,34,-,comp_6,0.0
local,34,-,comp_7,0.0
local,34,-,comp_8,0.0
local,34,-,comp_9,0.0
local,34,-,comp_10,0.0
local,34,-,comp_11,0.0
local,36,-,comp_0,0.0
local,36,-,comp_1,0.0
local,36,-,comp_2,0.0
local,36,-,comp_3,-0.0
local,36,-,comp_4,0.0
local,36,-,comp_5,0.0
local,36,-,comp_6,0.0
local,36,-,comp_7,0.0
local,36,-,comp_8,0.0
local,36,-,comp_9,0.0
local,36,-,comp_10,0.0
local,36,-,comp_11,0.0
local,37,-,comp_0,0.0
local,37,-,comp_1,0.0
local,37,-,comp_2,0.0
local,37,-,comp_3,-0.0
local,37,-,comp_4,0.0
local,37,-,comp_5,0.0
local,37,-,comp_6,0.0
local,37,-,comp_7,0.0
local,37,-,comp_8,0.0
local,37,-,comp_9,0.0
local,37,-,comp_10,0.0
local,37,-,comp_11,0.0
local,38,-,comp_0,0.0
local,38,-,comp_1,0.0
local,38,-,comp_2,0.0
local,38,-,comp_3,-0.0
local,38,-,comp_4,0.0
local,38,-,comp_5,0.0
local,38,-,comp_6,0.0
local,38,-,comp_7,0.0
local,38,-,comp_8,0.0
local,38,-,comp_9,0.0
local,38,-,comp_10,0.0
local,38,-,comp_11,0.0
local,39,-,comp_0,0.0
local,39,-,comp_1,0.0
local,39,-,comp_2,0.0
local,39,-,comp_3,-0.0
local,39,-,comp_4,0.0
local,39,-,comp_5,0.0
local,39,-,comp_6,0.0
local,39,-,comp_7,0.0
local,39,-,comp_8,0.0
local,39,-,comp_9,0.0
local,39,-,comp_10,0.0
local,39,-,comp_11,0.0
local,40,-,comp_0,0.0
local,40,-,comp_1,0.0
local,40,-,comp_2,0.0
local,40,-,comp_3,-0.0
local,40,-,comp_4,0.0
local,40,-,comp_5,0.0
local,40,-,comp_6,0.0
local,40,-,comp_7,0.0
local,40,-,comp_8,0.0
local,40,-,comp_9,0.0
local,40,-,comp_10,0.0
local,40,-,comp_11,0.0
local,41,-,comp_0,0.0
local,41,-,comp_1,0.0
local,41,-,comp_2,0.0
local,41,-,comp_3,-0.0
local,41,-,comp_4,0.0
local,41,-,comp_5,0.0
local,41,-,comp_6,0.0
local,41,-,comp_7,0.0
local,41,-,comp_8,0.0
local,41,-,comp_9,0.0
local,41,-,comp_10,0.0
local,41,-,comp_11,0.0
local,42,-,comp_0,0.0
local,42,-,comp_1,0.0
local,42,-,comp_2,0.0
local,42,-,comp_3,-0.0
local,42,-,comp_4,0.0
local,42,-,comp_5,0.0
local,42,-,comp_6,0.0
local,42,-,comp_7,0.0
local,42,-,comp_8,0.0
local,42,-,comp_9,0.0
local,42,-,comp_10,0.0
local,42,-,comp_11,0.0
local,43,-,comp_0,0.0
local,43,-,comp_1,0.0
local,43,-,comp_2,0.0
local,43,-,comp_3,-0.0
local,43,-,comp_4,0.0
local,43,-,comp_5,0.0
local,43,-,comp_6,0.0
local,43,-,comp_7,0.0
local,43,-,comp_8,0.0
local,43,-,comp_9,0.0
local,43,-,comp_10,0.0
local,43,-,comp_11,0.0
local,44,-,comp_0,0.0
local,44,-,comp_1,0.0
local,44,-,comp_2,0.0
local,44,-,comp_3,-0.0
local,44,-,comp_4,0.0
local,44,-,comp_5,0.0
local,44,-,comp_6,0.0
local,44,-,comp_7,0.0
local,44,-,comp_8,0.0
local,44,-,comp_9,0.0
local,44,-,comp_10,0.0
local,44,-,comp_11,0.0
local,45,-,comp_0,0.0
local,45,-,comp_1,0.0
local,45,-,comp_2,0.0
local,45,-,comp_3,-0.0
local,45,-,comp_4,0.0
local,45,-,comp_5,0.0
local,45,-,comp_6,0.0
local,45,-,comp_7,0.0
local,45,-,comp_8,0.0
local,45,-,comp_9,0.0
local,45,-,comp_10,0.0
local,45,-,comp_11,0.0
local,46,-,comp_0,0.0
local,46,-,comp_1,0.0
local,46,-,comp_2,0.0
local,46,-,comp_3,-0.0
local,46,-,comp_4,0.0
local,46,-,comp_5,0.0
local,46,-,comp_6,0.0
local,46,-,comp_7,0.0
local,46,-,comp_8,0.0
local,46,-,comp_9,0.0
local,46,-,comp_10,0.0
local,46,-,comp_11,0.0
local,47,-,comp_0,0.0
local,47,-,comp_1,0.0
local,47,-,comp_2,0.0
local,47,-,comp_3,-0.0
local,47,-,comp_4,0.0
local,47,-,comp_5,0.0
local,47,-,comp_6,0.0
local,47,-,comp_7,0.0
local,47,-,comp_8,0.0
local,47,-,comp_9,0.0
local,47,-,comp_10,0.0
local,47,-,comp_11,0.0
local,48,-,comp_0,0.0
local,48,-,comp_1,0.0
local,48,-,comp_2,0.0
local,48,-,comp_3,-0.0
local,48,-,comp_4,0.0
local,48,-,comp_5,0.0
local,48,-,comp_6,0.0
local,48,-,comp_7,0.0
local,48,-,comp_8,0.0
local,48,-,comp_9,0.0
local,48,-,comp_10,0.0
local,48,-,comp_11,0.0
local,49,-,comp_0,0.0
local,49,-,comp_1,0.0
local,49,-,comp_2,0.0
local,49,-,comp_3,-0.0
local,49,-,comp_4,0.0
local,49,-,comp_5,0.0
local,49,-,comp_6,0.0
local,49,-,comp_7,0.0
local,49,-,comp_8,0.0
local,49,-,comp_9,0.0
local,49,-,comp_10,0.0
local,49,-,comp_11,0.0
local,50,-,comp_0,0.0
local,50,-,comp_1,0.0
local,50,-,comp_2,0.0
local,50,-,comp_3,-0.0
local,50,-,comp_4,0.0
local,50,-,comp_5,0.0
local,50,-,comp_6,0.0
local,50,-,comp_7,0.0
local,50,-,comp_8,0.0
local,50,-,comp_9,0.0
local,50,-,comp_10,0.0
local,50,-,comp_11,0.0
local,51,-,comp_0,0.0
local,51,-,comp_1,0.0
local,51,-,comp_2,0.0
local,51,-,comp_3,-0.0
local,51,-,comp_4,0.0
local,51,-,comp_5,0.0
local,51,-,comp_6,0.0
local,51,-,comp_7,0.0
local,51,-,comp_8,0.0
local,51,-,comp_9,0.0
local,51,-,comp_10,0.0
local,51,-,comp_11,0.0
local,52,-,comp_0,0.0
local,52,-,comp_1,0.0
local,52,-,comp_2,0.0
local,52,-,comp_3,-0.0
local,52,-,comp_4,0.0
local,52,-,comp_5,0.0
local,52,-,comp_6,0.0
local,52,-,comp_7,0.0
local,52,-,comp_8,0.0
local,52,-,comp_9,0.0
local,52,-,comp_10,0.0
local,52,-,comp_11,0.0
local,53,-,comp_0,0.0
local,53,-,comp_1,0.0
local,53,-,comp_2,0.0
local,53,-,comp_3,-0.0
local,53,-,comp_4,0.0
local,53,-,comp_5,0.0
local,53,-,comp_6,0.0
local,53,-,comp_7,0.0
local,53,-,comp_8,0.0
local,53,-,comp_9,0.0
local,53,-,comp_10,0.0
local,53,-,comp_11,0.0
local,54,-,comp_0,0.0
local,54,-,comp_1,0.0
local,54,-,comp_2,0.0
local,54,-,comp_3,-0.0
local,54,-,comp_4,0.0
local,54,-,comp_5,0.0
local,54,-,comp_6,0.0
local,54,-,comp_7,0.0
local,54,-,comp_8,0.0
local,54,-,comp_9,0.0
local,54,-,comp_10,0.0
local,54,-,comp_11,0.0
local,55,-,comp_0,0.0
local,55,-,comp_1,0.0
local,55,-,comp_2,0.0
local,55,-,comp_3,-0.0
local,55,-,comp_4,0.0
local,55,-,comp_5,0.0
local,55,-,comp_6,0.0
local,55,-,comp_7,0.0
local,55,-,comp_8,0.0
local,55,-,comp_9,0.0
local,55,-,comp_10,0.0
local,55,-,comp_11,0.0
local,56,-,comp_0,0.0
local,56,-,comp_1,0.0
local,56,-,comp_2,0.0
local,56,-,comp_3,-0.0
local,56,-,comp_4,0.0
local,56,-,comp_5,0.0
local,56,-,comp_6,0.0
local,56,-,comp_7,0.0
local,56,-,comp_8,0.0
local,56,-,comp_9,0.0
local,56,-,comp_10,0.0
local,56,-,comp_11,0.0
local,57,-,comp_0,0.0
local,57,-,comp_1,0.0
local,57,-,comp_2,0.0
local,57,-,comp_3,-0.0
local,57,-,comp_4,0.0
local,57,-,comp_5,0.0
local,57,-,comp_6,0.0
local,57,-,comp_7,0.0
local,57,-,comp_8,0.0
local,57,-,comp_9,0.0
local,57,-,comp_10,0.0
local,57,-,comp_11,0.0
local,58,-,comp_0,0.0
local,58,-,comp_1,0.0
local,58,-,comp_2,0.0
local,58,-,comp_3,-0.0
local,58,-,comp_4,0.0
local,58,-,comp_5,0.0
local,58,-,comp_6,0.0
local,58,-,comp_7,0.0
local,58,-,comp_8,0.0
local,58,-,comp_9,0.0
local,58,-,comp_10,0.0
local,58,-,comp_11,0.0
local,59,-,comp_0,0.0
local,59,-,comp_1,0.0
local,59,-,comp_2,0.0
local,59,-,comp_3,-0.0
local,59,-,comp_4,0.0
local,59,-,comp_5,0.0
local,59,-,comp_6,0.0
local,59,-,comp_7,0.0
local,59,-,comp_8,0.0
local,59,-,comp_9,0.0
local,59,-,comp_10,0.0
local,59,-,comp_11,0.0
local,60,-,comp_0,0.0
local,60,-,comp_1,0.0
local,60,-,comp_2,0.0
local,60,-,comp_3,-0.0
local,60,-,comp_4,0.0
local,60,-,comp_5,0.0
local,60,-,comp_6,0.0
local,60,-,comp_7,0.0
local,60,-,comp_8,0.0
local,60,-,comp_9,0.0
local,60,-,comp_10,0.0
local,60,-,comp_11,0.0
local,61,-,comp_0,0.0
local,61,-,comp_1,0.0
local,61,-,comp_2,0.0
local,61,-,comp_3,-0.0
local,61,-,comp_4,0.0
local,61,-,comp_5,0.0
local,61,-,comp_6,0.0
local,61,-,comp_7,0.0
local,61,-,comp_8,0.0
local,61,-,comp_9,0.0
local,61,-,comp_10,0.0
local,61,-,comp_11,0.0
local,62,-,comp_0,0.0
local,62,-,comp_1,0.0
local,62,-,comp_2,0.0
local,62,-,comp_3,-0.0
local,62,-,comp_4,0.0
local,62,-,comp_5,0.0
local,62,-,comp_6,0.0
local,62,-,comp_7,0.0
local,62,-,comp_8,0.0
local,62,-,comp_9,0.0
local,62,-,comp_10,0.0
local,62,-,comp_11,0.0
local,63,-,comp_0,0.0
local,63,-,comp_1,0.0
local,63,-,comp_2,0.0
local,63,-,comp_3,-0.0
local,63,-,comp_4,0.0
local,63,-,comp_5,0.0
local,63,-,comp_6,0.0
local,63,-,comp_7,0.0
local,63,-,comp_8,0.0
local,63,-,comp_9,0.0
local,63,-,comp_10,0.0
local,63,-,comp_11,0.0
local,64,-,comp_0,0.0
local,64,-,comp_1,0.0
local,64,-,comp_2,0.0
local,64,-,comp_3,-0.0
local,64,-,comp_4,0.0
local,64,-,comp_5,0.0
local,64,-,comp_6,0.0
local,64,-,comp_7,0.0
local,64,-,comp_8,0.0
local,64,-,comp_9,0.0
local,64,-,comp_10,0.0
local,64,-,comp_11,0.0
local,65,-,comp_0,0.0
local,65,-,comp_1,0.0
local,65,-,comp_2,0.0
local,65,-,comp_3,-0.0
local,65,-,comp_4,0.0
local,65,-,comp_5,0.0
local,65,-,comp_6,0.0
local,65,-,comp_7,0.0
local,65,-,comp_8,0.0
local,65,-,comp_9,0.0
local,65,-,comp_10,0.0
local,65,-,comp_11,0.0
local,66,-,comp_0,0.0
local,66,-,comp_1,0.0
local,66,-,comp_2,0.0
local,66,-,comp_3,-0.0
local,66,-,comp_4,0.0
local,66,-,comp_5,0.0
local,66,-,comp_6,0.0
local,66,-,comp_7,0.0
local,66,-,comp_8,0.0
local,66,-,comp_9,0.0
local,66,-,comp_10,0.0
local,66,-,comp_11,0.0
local,67,-,comp_0,0.0
local,67,-,comp_1,0.0
local,67,-,comp_2,0.0
local,67,-,comp_3,-0.0
local,67,-,comp_4,0.0
local,67,-,comp_5,0.0
local,67,-,comp_6,0.0
local,67,-,comp_7,0.0
local,67,-,comp_8,0.0
local,67,-,comp_9,0.0
local,67,-,comp_10,0.0
local,67,-,comp_11,0.0
local,68,-,comp_0,0.0
local,68,-,comp_1,0.0
local,68,-,comp_2,0.0
local,68,-,comp_3,-0.0
local,68,-,comp_4,0.0
local,68,-,comp_5,0.0
local,68,-,comp_6,0.0
local,68,-,comp_7,0.0
local,68,-,comp_8,0.0
local,68,-,comp_9,0.0
local,68,-,comp_10,0.0
local,68,-,comp_11,0.0
local,69,-,comp_0,0.0
local,69,-,comp_1,0.0
local,69,-,comp_2,0.0
local,69,-,comp_3,-0.0
local,69,-,comp_4,0.0
local,69,-,comp_5,0.0
local,69,-,comp_6,0.0
local,69,-,comp_7,0.0
local,69,-,comp_8,0.0
local,69,-,comp_9,0.0
local,69,-,comp_10,0.0
local,69,-,comp_11,0.0
local,70,-,comp_0,0.0
local,70,-,comp_1,0.0
local,70,-,comp_2,-6.12438
local,70,-,comp_3,-1.106091
local,70,-,comp_4,28.960679
local,70,-,comp_5,0.0
local,70,-,comp_6,0.0
local,70,-,comp_7,-0.0
local,70,-,comp_8,6.12438
local,70,-,comp_9,1.106091
local,70,-,comp_10,25.546301
local,70,-,comp_11,0.0
local,71,-,comp_0,0.0
local,71,-,comp_1,0.0
local,71,-,comp_2,-10.278777
local,71,-,comp_3,-0.336805
local,71,-,comp_4,35.55418
local,71,-,comp_5,0.0
local,71,-,comp_6,0.0
local,71,-,comp_7,0.0
local,71,-,comp_8,10.278777
local,71,-,comp_9,0.336805
local,71,-,comp_10,38.966954
local,71,-,comp_11,0.0
local,72,-,comp_0,0.0
local,72,-,comp_1,0.0
local,72,-,comp_2,-0.625235
local,72,-,comp_3,0.270037
local,72,-,comp_4,3.927824
local,72,-,comp_5,0.0
local,72,-,comp_6,0.0
local,72,-,comp_7,-0.0
local,72,-,comp_8,0.625235
local,72,-,comp_9,-0.270037
local,72,-,comp_10,1.63677
local,72,-,comp_11,0.0
local,73,-,comp_0,0.0
local,73,-,comp_1,0.0
local,73,-,comp_2,-0.589721
local,73,-,comp_3,-0.110187
local,73,-,comp_4,1.45453
local,73,-,comp_5,0.0
local,73,-,comp_6,0.0
local,73,-,comp_7,0.0
local,73,-,comp_8,0.589721
local,73,-,comp_9,0.110187
local,73,-,comp_10,2.820949
local,73,-,comp_11,0.0
local,74,-,comp_0,0.0
local,74,-,comp_1,0.0
local,74,-,comp_2,-0.901843
local,74,-,comp_3,-3.261748
local,74,-,comp_4,6.040776
local,74,-,comp_5,0.0
local,74,-,comp_6,0.0
local,74,-,comp_7,-0.0
local,74,-,comp_8,0.901843
local,74,-,comp_9,3.261748
local,74,-,comp_10,1.985628
local,74,-,comp_11,0.0
local,75,-,comp_0,0.0
local,75,-,comp_1,0.0
local,75,-,comp_2,-4.068985
local,75,-,comp_3,1.157679
local,75,-,comp_4,15.662809
local,75,-,comp_5,0.0
local,75,-,comp_6,0.0
local,75,-,comp_7,0.0
local,75,-,comp_8,4.068985
local,75,-,comp_9,-1.157679
local,75,-,comp_10,13.837329
local,75,-,comp_11,0.0
local,76,-,comp_0,0.0
local,76,-,comp_1,0.0
local,76,-,comp_2,13.828428
local,76,-,comp_3,-28.44375
local,76,-,comp_4,-20.715318
local,76,-,comp_5,0.0
local,76,-,comp_6,0.0
local,76,-,comp_7,-0.0
local,76,-,comp_8,-13.828428
local,76,-,comp_9,28.44375
local,76,-,comp_10,-102.357687
local,76,-,comp_11,0.0
local,77,-,comp_0,0.0
local,77,-,comp_1,0.0
local,77,-,comp_2,-17.252252
local,77,-,comp_3,29.836494
local,77,-,comp_4,104.120437
local,77,-,comp_5,0.0
local,77,-,comp_6,0.0
local,77,-,comp_7,0.0
local,77,-,comp_8,17.252252
local,77,-,comp_9,-29.836494
local,77,-,comp_10,20.958391
local,77,-,comp_11,0.0
local,78,-,comp_0,0.0
local,78,-,comp_1,0.0
local,78,-,comp_2,1.417065
local,78,-,comp_3,-2.501635
local,78,-,comp_4,-11.202047
local,78,-,comp_5,0.0
local,78,-,comp_6,0.0
local,78,-,comp_7,0.0
local,78,-,comp_8,-1.417065
local,78,-,comp_9,2.501635
local,78,-,comp_10,4.116722
local,78,-,comp_11,0.0
local,79,-,comp_0,0.0
local,79,-,comp_1,0.0
local,79,-,comp_2,2.0423
local,79,-,comp_3,1.42619
local,79,-,comp_4,-4.386759
local,79,-,comp_5,0.0
local,79,-,comp_6,0.0
local,79,-,comp_7,0.0
local,79,-,comp_8,-2.0423
local,79,-,comp_9,-1.42619
local,79,-,comp_10,-5.824743
local,79,-,comp_11,0.0
local,80,-,comp_0,0.0
local,80,-,comp_1,0.0
local,80,-,comp_2,13.828428
local,80,-,comp_3,20.715318
local,80,-,comp_4,-97.585888
local,80,-,comp_5,0.0
local,80,-,comp_6,0.0
local,80,-,comp_7,0.0
local,80,-,comp_8,-13.828428
local,80,-,comp_9,-20.715318
local,80,-,comp_10,28.44375
local,80,-,comp_11,0.0
local,81,-,comp_0,0.0
local,81,-,comp_1,0.0
local,81,-,comp_2,-3.750064
local,81,-,comp_3,-2.176192
local,81,-,comp_4,9.240666
local,81,-,comp_5,0.0
local,81,-,comp_6,0.0
local,81,-,comp_7,0.0
local,81,-,comp_8,3.750064
local,81,-,comp_9,2.176192
local,81,-,comp_10,9.509654
local,81,-,comp_11,0.0
local,82,-,comp_0,0.0
local,82,-,comp_1,0.0
local,82,-,comp_2,-3.785578
local,82,-,comp_3,0.915108
local,82,-,comp_4,-9.12943
local,82,-,comp_5,0.0
local,82,-,comp_6,0.0
local,82,-,comp_7,0.0
local,82,-,comp_8,3.785578
local,82,-,comp_9,-0.915108
local,82,-,comp_10,28.057321
local,82,-,comp_11,0.0
local,83,-,comp_0,0.0
local,83,-,comp_1,0.0
local,83,-,comp_2,13.221423
local,83,-,comp_3,-1.76275
local,83,-,comp_4,-233.767594
local,83,-,comp_5,0.0
local,83,-,comp_6,0.0
local,83,-,comp_7,0.0
local,83,-,comp_8,-13.221423
local,83,-,comp_9,1.76275
local,83,-,comp_10,167.660479
local,83,-,comp_11,0.0
local,84,-,comp_0,0.0
local,84,-,comp_1,0.0
local,84,-,comp_2,-2.447252
local,84,-,comp_3,-2.659137
local,84,-,comp_4,6.993084
local,84,-,comp_5,0.0
local,84,-,comp_6,0.0
local,84,-,comp_7,0.0
local,84,-,comp_8,2.447252
local,84,-,comp_9,2.659137
local,84,-,comp_10,5.243175
local,84,-,comp_11,0.0
local,85,-,comp_0,0.0
local,85,-,comp_1,0.0
local,85,-,comp_2,-3.036973
local,85,-,comp_3,0.161811
local,85,-,comp_4,-5.353362
local,85,-,comp_5,0.0
local,85,-,comp_6,0.0
local,85,-,comp_7,0.0
local,85,-,comp_8,3.036973
local,85,-,comp_9,-0.161811
local,85,-,comp_10,20.538226
local,85,-,comp_11,0.0
local,86,-,comp_0,0.0
local,86,-,comp_1,0.0
local,86,-,comp_2,17.252252
local,86,-,comp_3,-20.958391
local,86,-,comp_4,-116.097755
local,86,-,comp_5,0.0
local,86,-,comp_6,0.0
local,86,-,comp_7,0.0
local,86,-,comp_8,-17.252252
local,86,-,comp_9,20.958391
local,86,-,comp_10,29.836494
local,86,-,comp_11,0.0
local,87,-,comp_0,0.0
local,87,-,comp_1,0.0
local,87,-,comp_2,-3.657799
local,87,-,comp_3,2.748073
local,87,-,comp_4,2.353423
local,87,-,comp_5,0.0
local,87,-,comp_6,0.0
local,87,-,comp_7,-0.0
local,87,-,comp_8,3.657799
local,87,-,comp_9,-2.748073
local,87,-,comp_10,30.200991
local,87,-,comp_11,0.0
local,88,-,comp_0,0.0
local,88,-,comp_1,0.0
local,88,-,comp_2,-1.271999
local,88,-,comp_3,0.179211
local,88,-,comp_4,9.955783
local,88,-,comp_5,0.0
local,88,-,comp_6,0.0
local,88,-,comp_7,0.0
local,88,-,comp_8,1.271999
local,88,-,comp_9,-0.179211
local,88,-,comp_10,-0.733791
local,88,-,comp_11,0.0
local,89,-,comp_0,0.0
local,89,-,comp_1,0.0
local,89,-,comp_2,-1.587462
local,89,-,comp_3,-0.928012
local,89,-,comp_4,3.559878
local,89,-,comp_5,0.0
local,89,-,comp_6,0.0
local,89,-,comp_7,-0.0
local,89,-,comp_8,1.587462
local,89,-,comp_9,0.928012
local,89,-,comp_10,10.568531
local,89,-,comp_11,0.0
local,90,-,comp_0,0.0
local,90,-,comp_1,0.0
local,90,-,comp_2,0.122658
local,90,-,comp_3,3.628465
local,90,-,comp_4,-2.985156
local,90,-,comp_5,0.0
local,90,-,comp_6,0.0
local,90,-,comp_7,0.0
local,90,-,comp_8,-0.122658
local,90,-,comp_9,-3.628465
local,90,-,comp_10,2.095882
local,90,-,comp_11,0.0
local,91,-,comp_0,0.0
local,91,-,comp_1,0.0
local,91,-,comp_2,3.657799
local,91,-,comp_3,2.353423
local,91,-,comp_4,-2.748073
local,91,-,comp_5,0.0
local,91,-,comp_6,0.0
local,91,-,comp_7,0.0
local,91,-,comp_8,-3.657799
local,91,-,comp_9,-2.353423
local,91,-,comp_10,-10.968674
local,91,-,comp_11,0.0
local,92,-,comp_0,0.0
local,92,-,comp_1,0.0
local,92,-,comp_2,5.245261
local,92,-,comp_3,5.913302
local,92,-,comp_4,11.896686
local,92,-,comp_5,0.0
local,92,-,comp_6,0.0
local,92,-,comp_7,0.0
local,92,-,comp_8,-5.245261
local,92,-,comp_9,-5.913302
local,92,-,comp_10,-31.566415
local,92,-,comp_11,0.0
local,93,-,comp_0,0.0
local,93,-,comp_1,0.0
local,93,-,comp_2,13.570064
local,93,-,comp_3,-5.696331
local,93,-,comp_4,-48.135462
local,93,-,comp_5,0.0
local,93,-,comp_6,0.0
local,93,-,comp_7,0.0
local,93,-,comp_8,-13.570064
local,93,-,comp_9,5.696331
local,93,-,comp_10,-2.752277
local,93,-,comp_11,0.0
local,94,-,comp_0,0.0
local,94,-,comp_1,0.0
local,94,-,comp_2,11.859944
local,94,-,comp_3,1.887044
local,94,-,comp_4,-1.8042
local,94,-,comp_5,0.0
local,94,-,comp_6,0.0
local,94,-,comp_7,0.0
local,94,-,comp_8,-11.859944
local,94,-,comp_9,-1.887044
local,94,-,comp_10,-42.670588
local,94,-,comp_11,0.0
local,95,-,comp_0,0.0
local,95,-,comp_1,0.0
local,95,-,comp_2,-1.271999
local,95,-,comp_3,-0.733791
local,95,-,comp_4,0.179211
local,95,-,comp_5,0.0
local,95,-,comp_6,0.0
local,95,-,comp_7,0.0
local,95,-,comp_8,1.271999
local,95,-,comp_9,0.733791
local,95,-,comp_10,4.590785
local,95,-,comp_11,0.0
local,96,-,comp_0,0.0
local,96,-,comp_1,0.0
local,96,-,comp_2,-1.149341
local,96,-,comp_3,1.362091
local,96,-,comp_4,-0.962321
local,96,-,comp_5,0.0
local,96,-,comp_6,0.0
local,96,-,comp_7,0.0
local,96,-,comp_8,1.149341
local,96,-,comp_9,-1.362091
local,96,-,comp_10,5.272348
local,96,-,comp_11,0.0
local,97,-,comp_0,0.0
local,97,-,comp_1,0.0
local,97,-,comp_2,-5.333753
local,97,-,comp_3,-0.87899
local,97,-,comp_4,33.342304
local,97,-,comp_5,0.0
local,97,-,comp_6,0.0
local,97,-,comp_7,0.0
local,97,-,comp_8,5.333753
local,97,-,comp_9,0.87899
local,97,-,comp_10,33.329611
local,97,-,comp_11,0.0
local,98,-,comp_0,0.0
local,98,-,comp_1,0.0
local,98,-,comp_2,0.0
local,98,-,comp_3,-0.0
local,98,-,comp_4,-0.0
local,98,-,comp_5,0.0
local,98,-,comp_6,0.0
local,98,-,comp_7,0.0
local,98,-,comp_8,-0.0
local,98,-,comp_9,0.0
local,98,-,comp_10,-0.0
local,98,-,comp_11,0.0
local,99,-,comp_0,179.106386
local,99,-,comp_1,-1.740995
local,99,-,comp_2,-11.862905
local,99,-,comp_3,-8.196985
local,99,-,comp_4,70.15176
local,99,-,comp_5,-2.91931
local,99,-,comp_6,-179.106386
local,99,-,comp_7,1.740995
local,99,-,comp_8,11.862905
local,99,-,comp_9,8.196985
local,99,-,comp_10,-33.969899
local,99,-,comp_11,-2.390725
local,100,-,comp_0,-0.0
local,100,-,comp_1,-3.834924
local,100,-,comp_2,13.211586
local,100,-,comp_3,-0.0
local,100,-,comp_4,-20.147669
local,100,-,comp_5,-5.84826
local,100,-,comp_6,0.0
local,100,-,comp_7,3.834924
local,100,-,comp_8,-13.211586
local,100,-,comp_9,0.0
local,100,-,comp_10,-20.147669
local,100,-,comp_11,-5.84826
local,101,-,comp_0,-0.45004
local,101,-,comp_1,-0.812109
local,101,-,comp_2,33.929407
local,101,-,comp_3,22.457493
local,101,-,comp_4,-155.864005
local,101,-,comp_5,0.875876
local,101,-,comp_6,0.45004
local,101,-,comp_7,0.812109
local,101,-,comp_8,-33.929407
local,101,-,comp_9,-22.457493
local,101,-,comp_10,52.379312
local,101,-,comp_11,-3.352809
local,102,-,comp_0,0.0
local,102,-,comp_1,0.0
local,102,-,comp_2,-0.0
local,102,-,comp_3,0.0
local,102,-,comp_4,0.0
local,102,-,comp_5,0.0
local,102,-,comp_6,0.0
local,102,-,comp_7,-0.0
local,102,-,comp_8,0.0
local,102,-,comp_9,-0.0
local,102,-,comp_10,-0.0
local,102,-,comp_11,0.0
local,103,-,comp_0,0.0
local,103,-,comp_1,-0.0
local,103,-,comp_2,44.302103
local,103,-,comp_3,0.0
local,103,-,comp_4,-225.940724
local,103,-,comp_5,-0.0
local,103,-,comp_6,0.0
local,103,-,comp_7,0.0
local,103,-,comp_8,-44.302103
local,103,-,comp_9,-0.0
local,103,-,comp_10,0.0
local,103,-,comp_11,-0.0
local,104,-,comp_0,0.0
local,104,-,comp_1,-0.0
local,104,-,comp_2,0.0
local,104,-,comp_3,-0.0
local,104,-,comp_4,-0.0
local,104,-,comp_5,-0.0
local,104,-,comp_6,0.0
local,104,-,comp_7,0.0
local,104,-,comp_8,-0.0
local,104,-,comp_9,0.0
local,104,-,comp_10,0.0
local,104,-,comp_11,-0.0
local,105,-,comp_0,0.0
local,105,-,comp_1,0.0
local,105,-,comp_2,-4.237333
local,105,-,comp_3,-1.259031
local,105,-,comp_4,19.937131
local,105,-,comp_5,0.0
local,105,-,comp_6,0.0
local,105,-,comp_7,0.0
local,105,-,comp_8,4.237333
local,105,-,comp_9,1.259031
local,105,-,comp_10,17.775132
local,105,-,comp_11,0.0
local,106,-,comp_0,0.0
local,106,-,comp_1,-0.0
local,106,-,comp_2,-8.324089
local,106,-,comp_3,-0.226779
local,106,-,comp_4,29.251643
local,106,-,comp_5,-0.0
local,106,-,comp_6,0.0
local,106,-,comp_7,0.0
local,106,-,comp_8,8.324089
local,106,-,comp_9,0.226779
local,106,-,comp_10,31.098001
local,106,-,comp_11,-0.0
local,107,-,comp_0,0.0
local,107,-,comp_1,0.0
local,107,-,comp_2,0.127767
local,107,-,comp_3,-0.479688
local,107,-,comp_4,1.288272
local,107,-,comp_5,0.0
local,107,-,comp_6,0.0
local,107,-,comp_7,0.0
local,107,-,comp_8,-0.127767
local,107,-,comp_9,0.479688
local,107,-,comp_10,-2.4254
local,107,-,comp_11,0.0
local,108,-,comp_0,0.0
local,108,-,comp_1,-0.0
local,108,-,comp_2,-0.96297
local,108,-,comp_3,0.07203
local,108,-,comp_4,4.400929
local,108,-,comp_5,-0.0
local,108,-,comp_6,0.0
local,108,-,comp_7,0.0
local,108,-,comp_8,0.96297
local,108,-,comp_9,-0.07203
local,108,-,comp_10,2.580602
local,108,-,comp_11,-0.0
local,109,-,comp_0,0.0
local,109,-,comp_1,0.0
local,109,-,comp_2,2.288622
local,109,-,comp_3,-2.442623
local,109,-,comp_4,-8.737793
local,109,-,comp_5,0.0
local,109,-,comp_6,0.0
local,109,-,comp_7,0.0
local,109,-,comp_8,-2.288622
local,109,-,comp_9,2.442623
local,109,-,comp_10,-11.630944
local,109,-,comp_11,0.0
local,110,-,comp_0,0.0
local,110,-,comp_1,-0.0
local,110,-,comp_2,-3.611237
local,110,-,comp_3,0.54163
local,110,-,comp_4,14.55232
local,110,-,comp_5,-0.0
local,110,-,comp_6,0.0
local,110,-,comp_7,0.0
local,110,-,comp_8,3.611237
local,110,-,comp_9,-0.54163
local,110,-,comp_10,11.629148
local,110,-,comp_11,-0.0
local,111,-,comp_0,0.0
local,111,-,comp_1,0.0
local,111,-,comp_2,11.025029
local,111,-,comp_3,-21.553227
local,111,-,comp_4,-16.968628
local,111,-,comp_5,0.0
local,111,-,comp_6,0.0
local,111,-,comp_7,0.0
local,111,-,comp_8,-11.025029
local,111,-,comp_9,21.553227
local,111,-,comp_10,-81.154134
local,111,-,comp_11,0.0
local,112,-,comp_0,0.0
local,112,-,comp_1,-0.0
local,112,-,comp_2,-13.471554
local,112,-,comp_3,22.43132
local,112,-,comp_4,81.94273
local,112,-,comp_5,-0.0
local,112,-,comp_6,0.0
local,112,-,comp_7,0.0
local,112,-,comp_8,13.471554
local,112,-,comp_9,-22.43132
local,112,-,comp_10,15.726033
local,112,-,comp_11,-0.0
local,113,-,comp_0,0.0
local,113,-,comp_1,-0.0
local,113,-,comp_2,0.26314
local,113,-,comp_3,-1.040965
local,113,-,comp_4,-3.423903
local,113,-,comp_5,-0.0
local,113,-,comp_6,0.0
local,113,-,comp_7,0.0
local,113,-,comp_8,-0.26314
local,113,-,comp_9,1.040965
local,113,-,comp_10,2.108203
local,113,-,comp_11,-0.0
local,114,-,comp_0,0.0
local,114,-,comp_1,0.0
local,114,-,comp_2,0.135373
local,114,-,comp_3,0.247308
local,114,-,comp_4,-1.628514
local,114,-,comp_5,0.0
local,114,-,comp_6,0.0
local,114,-,comp_7,0.0
local,114,-,comp_8,-0.135373
local,114,-,comp_9,-0.247308
local,114,-,comp_10,0.95165
local,114,-,comp_11,0.0
local,115,-,comp_0,0.0
local,115,-,comp_1,0.0
local,115,-,comp_2,11.025029
local,115,-,comp_3,16.968628
local,115,-,comp_4,-76.678374
local,115,-,comp_5,0.0
local,115,-,comp_6,0.0
local,115,-,comp_7,-0.0
local,115,-,comp_8,-11.025029
local,115,-,comp_9,-16.968628
local,115,-,comp_10,21.553227
local,115,-,comp_11,0.0
local,116,-,comp_0,0.0
local,116,-,comp_1,-0.0
local,116,-,comp_2,-3.138873
local,116,-,comp_3,-1.490505
local,116,-,comp_4,9.342703
local,116,-,comp_5,-0.0
local,116,-,comp_6,0.0
local,116,-,comp_7,0.0
local,116,-,comp_8,3.138873
local,116,-,comp_9,1.490505
local,116,-,comp_10,6.351665
local,116,-,comp_11,-0.0
local,117,-,comp_0,0.0
local,117,-,comp_1,0.0
local,117,-,comp_2,-2.048136
local,117,-,comp_3,0.485024
local,117,-,comp_4,-6.903383
local,117,-,comp_5,0.0
local,117,-,comp_6,0.0
local,117,-,comp_7,0.0
local,117,-,comp_8,2.048136
local,117,-,comp_9,-0.485024
local,117,-,comp_10,17.144065
local,117,-,comp_11,0.0
local,118,-,comp_0,0.0
local,118,-,comp_1,0.0
local,118,-,comp_2,9.010426
local,118,-,comp_3,-0.788596
local,118,-,comp_4,-176.141705
local,118,-,comp_5,0.0
local,118,-,comp_6,0.0
local,118,-,comp_7,-0.0
local,118,-,comp_8,-9.010426
local,118,-,comp_9,0.788596
local,118,-,comp_10,131.089575
local,118,-,comp_11,0.0
local,119,-,comp_0,0.0
local,119,-,comp_1,-0.0
local,119,-,comp_2,-2.084616
local,119,-,comp_3,-2.355853
local,119,-,comp_4,8.038075
local,119,-,comp_5,-0.0
local,119,-,comp_6,0.0
local,119,-,comp_7,0.0
local,119,-,comp_8,2.084616
local,119,-,comp_9,2.355853
local,119,-,comp_10,2.385004
local,119,-,comp_11,-0.0
local,120,-,comp_0,0.0
local,120,-,comp_1,0.0
local,120,-,comp_2,-3.047586
local,120,-,comp_3,0.224749
local,120,-,comp_4,-2.312974
local,120,-,comp_5,0.0
local,120,-,comp_6,0.0
local,120,-,comp_7,0.0
local,120,-,comp_8,3.047586
local,120,-,comp_9,-0.224749
local,120,-,comp_10,17.550903
local,120,-,comp_11,0.0
local,121,-,comp_0,0.0
local,121,-,comp_1,0.0
local,121,-,comp_2,13.471554
local,121,-,comp_3,-15.726033
local,121,-,comp_4,-89.789088
local,121,-,comp_5,0.0
local,121,-,comp_6,0.0
local,121,-,comp_7,-0.0
local,121,-,comp_8,-13.471554
local,121,-,comp_9,15.726033
local,121,-,comp_10,22.43132
local,121,-,comp_11,0.0
local,122,-,comp_0,0.0
local,122,-,comp_1,0.0
local,122,-,comp_2,-3.494514
local,122,-,comp_3,2.496646
local,122,-,comp_4,2.574963
local,122,-,comp_5,0.0
local,122,-,comp_6,0.0
local,122,-,comp_7,0.0
local,122,-,comp_8,3.494514
local,122,-,comp_9,-2.496646
local,122,-,comp_10,28.526212
local,122,-,comp_11,0.0
local,123,-,comp_0,0.0
local,123,-,comp_1,-0.0
local,123,-,comp_2,-0.289824
local,123,-,comp_3,-0.670584
local,123,-,comp_4,3.182365
local,123,-,comp_5,-0.0
local,123,-,comp_6,0.0
local,123,-,comp_7,0.0
local,123,-,comp_8,0.289824
local,123,-,comp_9,0.670584
local,123,-,comp_10,-1.081142
local,123,-,comp_11,-0.0
local,124,-,comp_0,0.0
local,124,-,comp_1,0.0
local,124,-,comp_2,-1.541242
local,124,-,comp_3,-1.80876
local,124,-,comp_4,2.872606
local,124,-,comp_5,0.0
local,124,-,comp_6,0.0
local,124,-,comp_7,0.0
local,124,-,comp_8,1.541242
local,124,-,comp_9,1.80876
local,124,-,comp_10,10.844452
local,124,-,comp_11,0.0
local,125,-,comp_0,0.0
local,125,-,comp_1,-0.0
local,125,-,comp_2,0.509454
local,125,-,comp_3,3.727422
local,125,-,comp_4,-4.941226
local,125,-,comp_5,-0.0
local,125,-,comp_6,0.0
local,125,-,comp_7,0.0
local,125,-,comp_8,-0.509454
local,125,-,comp_9,-3.727422
local,125,-,comp_10,1.247688
local,125,-,comp_11,-0.0
local,126,-,comp_0,0.0
local,126,-,comp_1,0.0
local,126,-,comp_2,3.494514
local,126,-,comp_3,2.574963
local,126,-,comp_4,-2.496646
local,126,-,comp_5,0.0
local,126,-,comp_6,0.0
local,126,-,comp_7,-0.0
local,126,-,comp_8,-3.494514
local,126,-,comp_9,-2.574963
local,126,-,comp_10,-10.607781
local,126,-,comp_11,0.0
local,127,-,comp_0,0.0
local,127,-,comp_1,0.0
local,127,-,comp_2,5.035756
local,127,-,comp_3,5.447568
local,127,-,comp_4,12.416542
local,127,-,comp_5,0.0
local,127,-,comp_6,0.0
local,127,-,comp_7,-0.0
local,127,-,comp_8,-5.035756
local,127,-,comp_9,-5.447568
local,127,-,comp_10,-31.300628
local,127,-,comp_11,0.0
local,128,-,comp_0,0.0
local,128,-,comp_1,0.0
local,128,-,comp_2,16.688658
local,128,-,comp_3,-4.370206
local,128,-,comp_4,-58.625872
local,128,-,comp_5,0.0
local,128,-,comp_6,0.0
local,128,-,comp_7,-0.0
local,128,-,comp_8,-16.688658
local,128,-,comp_9,4.370206
local,128,-,comp_10,-3.956597
local,128,-,comp_11,0.0
local,129,-,comp_0,0.0
local,129,-,comp_1,0.0
local,129,-,comp_2,14.637962
local,129,-,comp_3,1.533019
local,129,-,comp_4,-1.579586
local,129,-,comp_5,0.0
local,129,-,comp_6,0.0
local,129,-,comp_7,-0.0
local,129,-,comp_8,-14.637962
local,129,-,comp_9,-1.533019
local,129,-,comp_10,-53.312773
local,129,-,comp_11,0.0
local,130,-,comp_0,0.0
local,130,-,comp_1,0.0
local,130,-,comp_2,-0.289824
local,130,-,comp_3,-1.081142
local,130,-,comp_4,-0.670584
local,130,-,comp_5,0.0
local,130,-,comp_6,0.0
local,130,-,comp_7,-0.0
local,130,-,comp_8,0.289824
local,130,-,comp_9,1.081142
local,130,-,comp_10,1.757423
local,130,-,comp_11,0.0
local,131,-,comp_0,0.0
local,131,-,comp_1,0.0
local,131,-,comp_2,0.21963
local,131,-,comp_3,0.166546
local,131,-,comp_4,1.969999
local,131,-,comp_5,0.0
local,131,-,comp_6,0.0
local,131,-,comp_7,-0.0
local,131,-,comp_8,-0.21963
local,131,-,comp_9,-0.166546
local,131,-,comp_10,-2.79361
local,131,-,comp_11,0.0
local,132,-,comp_0,0.0
local,132,-,comp_1,0.0
local,132,-,comp_2,-3.204243
local,132,-,comp_3,-0.791789
local,132,-,comp_4,20.034297
local,132,-,comp_5,0.0
local,132,-,comp_6,0.0
local,132,-,comp_7,-0.0
local,132,-,comp_8,3.204243
local,132,-,comp_9,0.791789
local,132,-,comp_10,20.018736
local,132,-,comp_11,0.0
local,133,-,comp_0,0.0
local,133,-,comp_1,0.0
local,133,-,comp_2,0.0
local,133,-,comp_3,-0.0
local,133,-,comp_4,-0.0
local,133,-,comp_5,0.0
local,133,-,comp_6,0.0
local,133,-,comp_7,0.0
local,133,-,comp_8,-0.0
local,133,-,comp_9,0.0
local,133,-,comp_10,-0.0
local,133,-,comp_11,0.0
local,134,-,comp_0,224.253608
local,134,-,comp_1,-2.227653
local,134,-,comp_2,-16.393572
local,134,-,comp_3,-19.341481
local,134,-,comp_4,141.478415
local,134,-,comp_5,-4.025599
local,134,-,comp_6,-224.253608
local,134,-,comp_7,2.227653
local,134,-,comp_8,16.393572
local,134,-,comp_9,19.341481
local,134,-,comp_10,-91.478021
local,134,-,comp_11,-2.768742
local,135,-,comp_0,0.51459
local,135,-,comp_1,-0.515004
local,135,-,comp_2,34.008192
local,135,-,comp_3,52.990359
local,135,-,comp_4,-284.818929
local,135,-,comp_5,4.242047
local,135,-,comp_6,-0.51459
local,135,-,comp_7,0.515004
local,135,-,comp_8,-34.008192
local,135,-,comp_9,-52.990359
local,135,-,comp_10,181.093945
local,135,-,comp_11,-5.812808
local,136,-,comp_0,0.0
local,136,-,comp_1,-0.0
local,136,-,comp_2,0.0
local,136,-,comp_3,0.0
local,136,-,comp_4,-0.0
local,136,-,comp_5,-0.0
local,136,-,comp_6,0.0
local,136,-,comp_7,0.0
local,136,-,comp_8,-0.0
local,136,-,comp_9,-0.0
local,136,-,comp_10,-0.0
local,136,-,comp_11,-0.0
local,137,-,comp_0,0.0
local,137,-,comp_1,-0.0
local,137,-,comp_2,33.507009
local,137,-,comp_3,-0.0
local,137,-,comp_4,-175.074122
local,137,-,comp_5,-0.0
local,137,-,comp_6,0.0
local,137,-,comp_7,0.0
local,137,-,comp_8,-33.507009
local,137,-,comp_9,0.0
local,137,-,comp_10,-0.0
local,137,-,comp_11,-0.0
local,138,-,comp_0,0.0
local,138,-,comp_1,-0.0
local,138,-,comp_2,0.0
local,138,-,comp_3,-0.0
local,138,-,comp_4,-0.0
local,138,-,comp_5,-0.0
local,138,-,comp_6,0.0
local,138,-,comp_7,0.0
local,138,-,comp_8,-0.0
local,138,-,comp_9,0.0
local,138,-,comp_10,0.0
local,138,-,comp_11,-0.0
local,139,-,comp_0,0.0
local,139,-,comp_1,-7.298823
local,139,-,comp_2,-32.003078
local,139,-,comp_3,-0.0
local,139,-,comp_4,48.804693
local,139,-,comp_5,-11.130706
local,139,-,comp_6,-0.0
local,139,-,comp_7,7.298823
local,139,-,comp_8,32.003078
local,139,-,comp_9,0.0
local,139,-,comp_10,48.804693
local,139,-,comp_11,-11.130706
local,140,-,comp_0,0.0
local,140,-,comp_1,0.0
local,140,-,comp_2,-2.031905
local,140,-,comp_3,-1.245762
local,140,-,comp_4,9.735435
local,140,-,comp_5,0.0
local,140,-,comp_6,0.0
local,140,-,comp_7,-0.0
local,140,-,comp_8,2.031905
local,140,-,comp_9,1.245762
local,140,-,comp_10,8.348521
local,140,-,comp_11,0.0
local,141,-,comp_0,0.0
local,141,-,comp_1,-0.0
local,141,-,comp_2,-5.354136
local,141,-,comp_3,0.006633
local,141,-,comp_4,19.066797
local,141,-,comp_5,-0.0
local,141,-,comp_6,0.0
local,141,-,comp_7,0.0
local,141,-,comp_8,5.354136
local,141,-,comp_9,-0.006633
local,141,-,comp_10,19.750688
local,141,-,comp_11,-0.0
local,142,-,comp_0,0.0
local,142,-,comp_1,0.0
local,142,-,comp_2,0.960062
local,142,-,comp_3,-1.279215
local,142,-,comp_4,-1.652326
local,142,-,comp_5,0.0
local,142,-,comp_6,0.0
local,142,-,comp_7,-0.0
local,142,-,comp_8,-0.960062
local,142,-,comp_9,1.279215
local,142,-,comp_10,-6.892223
local,142,-,comp_11,0.0
local,143,-,comp_0,0.0
local,143,-,comp_1,-0.0
local,143,-,comp_2,-1.378817
local,143,-,comp_3,0.379467
local,143,-,comp_4,7.510908
local,143,-,comp_5,-0.0
local,143,-,comp_6,0.0
local,143,-,comp_7,0.0
local,143,-,comp_8,1.378817
local,143,-,comp_9,-0.379467
local,143,-,comp_10,2.485514
local,143,-,comp_11,-0.0
local,144,-,comp_0,0.0
local,144,-,comp_1,0.0
local,144,-,comp_2,5.36552
local,144,-,comp_3,-0.924244
local,144,-,comp_4,-23.249535
local,144,-,comp_5,0.0
local,144,-,comp_6,0.0
local,144,-,comp_7,-0.0
local,144,-,comp_8,-5.36552
local,144,-,comp_9,0.924244
local,144,-,comp_10,-24.503597
local,144,-,comp_11,0.0
local,145,-,comp_0,0.0
local,145,-,comp_1,-0.0
local,145,-,comp_2,-3.001436
local,145,-,comp_3,-0.60035
local,145,-,comp_4,12.292445
local,145,-,comp_5,-0.0
local,145,-,comp_6,0.0
local,145,-,comp_7,0.0
local,145,-,comp_8,3.001436
local,145,-,comp_9,0.60035
local,145,-,comp_10,9.467967
local,145,-,comp_11,-0.0
local,146,-,comp_0,0.0
local,146,-,comp_1,0.0
local,146,-,comp_2,10.681304
local,146,-,comp_3,-20.406747
local,146,-,comp_4,-16.993527
local,146,-,comp_5,0.0
local,146,-,comp_6,0.0
local,146,-,comp_7,-0.0
local,146,-,comp_8,-10.681304
local,146,-,comp_9,20.406747
local,146,-,comp_10,-78.070079
local,146,-,comp_11,0.0
local,147,-,comp_0,0.0
local,147,-,comp_1,-0.0
local,147,-,comp_2,-12.843201
local,147,-,comp_3,21.79181
local,147,-,comp_4,78.407938
local,147,-,comp_5,-0.0
local,147,-,comp_6,0.0
local,147,-,comp_7,0.0
local,147,-,comp_8,12.843201
local,147,-,comp_9,-21.79181
local,147,-,comp_10,14.70527
local,147,-,comp_11,-0.0
local,148,-,comp_0,0.0
local,148,-,comp_1,-0.0
local,148,-,comp_2,-1.641343
local,148,-,comp_3,0.4863
local,148,-,comp_4,9.662537
local,148,-,comp_5,-0.0
local,148,-,comp_6,0.0
local,148,-,comp_7,0.0
local,148,-,comp_8,1.641343
local,148,-,comp_9,-0.4863
local,148,-,comp_10,-1.455823
local,148,-,comp_11,-0.0
local,149,-,comp_0,0.0
local,149,-,comp_1,0.0
local,149,-,comp_2,-2.601404
local,149,-,comp_3,-1.166026
local,149,-,comp_4,2.735038
local,149,-,comp_5,0.0
local,149,-,comp_6,0.0
local,149,-,comp_7,-0.0
local,149,-,comp_8,2.601404
local,149,-,comp_9,1.166026
local,149,-,comp_10,10.271984
local,149,-,comp_11,0.0
local,150,-,comp_0,0.0
local,150,-,comp_1,-0.0
local,150,-,comp_2,10.681304
local,150,-,comp_3,16.993527
local,150,-,comp_4,-73.813267
local,150,-,comp_5,-0.0
local,150,-,comp_6,0.0
local,150,-,comp_7,0.0
local,150,-,comp_8,-10.681304
local,150,-,comp_9,-16.993527
local,150,-,comp_10,20.406747
local,150,-,comp_11,-0.0
local,151,-,comp_0,0.0
local,151,-,comp_1,-0.0
local,151,-,comp_2,-2.278441
local,151,-,comp_3,-0.629961
local,151,-,comp_4,11.072356
local,151,-,comp_5,-0.0
local,151,-,comp_6,0.0
local,151,-,comp_7,0.0
local,151,-,comp_8,2.278441
local,151,-,comp_9,0.629961
local,151,-,comp_10,0.319848
local,151,-,comp_11,-0.0
local,152,-,comp_0,0.0
local,152,-,comp_1,0.0
local,152,-,comp_2,0.060438
local,152,-,comp_3,-0.011276
local,152,-,comp_4,-1.97853
local,152,-,comp_5,0.0
local,152,-,comp_6,0.0
local,152,-,comp_7,-0.0
local,152,-,comp_8,-0.060438
local,152,-,comp_9,0.011276
local,152,-,comp_10,1.676342
local,152,-,comp_11,0.0
local,153,-,comp_0,0.0
local,153,-,comp_1,-0.0
local,153,-,comp_2,9.982504
local,153,-,comp_3,-0.337859
local,153,-,comp_4,-178.599709
local,153,-,comp_5,-0.0
local,153,-,comp_6,0.0
local,153,-,comp_7,0.0
local,153,-,comp_8,-9.982504
local,153,-,comp_9,0.337859
local,153,-,comp_10,128.687189
local,153,-,comp_11,-0.0
local,154,-,comp_0,0.0
local,154,-,comp_1,-0.0
local,154,-,comp_2,-2.032273
local,154,-,comp_3,-1.977367
local,154,-,comp_4,12.117691
local,154,-,comp_5,-0.0
local,154,-,comp_6,0.0
local,154,-,comp_7,0.0
local,154,-,comp_8,2.032273
local,154,-,comp_9,1.977367
local,154,-,comp_10,-1.956324
local,154,-,comp_11,-0.0
local,155,-,comp_0,0.0
local,155,-,comp_1,0.0
local,155,-,comp_2,-3.41109
local,155,-,comp_3,0.508146
local,155,-,comp_4,2.335792
local,155,-,comp_5,0.0
local,155,-,comp_6,0.0
local,155,-,comp_7,-0.0
local,155,-,comp_8,3.41109
local,155,-,comp_9,-0.508146
local,155,-,comp_10,14.719659
local,155,-,comp_11,0.0
local,156,-,comp_0,0.0
local,156,-,comp_1,-0.0
local,156,-,comp_2,12.843201
local,156,-,comp_3,-14.70527
local,156,-,comp_4,-86.007815
local,156,-,comp_5,-0.0
local,156,-,comp_6,0.0
local,156,-,comp_7,0.0
local,156,-,comp_8,-12.843201
local,156,-,comp_9,14.70527
local,156,-,comp_10,21.79181
local,156,-,comp_11,-0.0
local,157,-,comp_0,0.0
local,157,-,comp_1,0.0
local,157,-,comp_2,-2.704845
local,157,-,comp_3,2.028017
local,157,-,comp_4,2.154893
local,157,-,comp_5,0.0
local,157,-,comp_6,0.0
local,157,-,comp_7,-0.0
local,157,-,comp_8,2.704845
local,157,-,comp_9,-2.028017
local,157,-,comp_10,21.918231
local,157,-,comp_11,0.0
local,158,-,comp_0,0.0
local,158,-,comp_1,-0.0
local,158,-,comp_2,0.284853
local,158,-,comp_3,-1.235794
local,158,-,comp_4,-1.063146
local,158,-,comp_5,-0.0
local,158,-,comp_6,0.0
local,158,-,comp_7,0.0
local,158,-,comp_8,-0.284853
local,158,-,comp_9,1.235794
local,158,-,comp_10,-1.00204
local,158,-,comp_11,-0.0
local,159,-,comp_0,0.0
local,159,-,comp_1,0.0
local,159,-,comp_2,-1.231872
local,159,-,comp_3,-2.008071
local,159,-,comp_4,1.968716
local,159,-,comp_5,0.0
local,159,-,comp_6,0.0
local,159,-,comp_7,-0.0
local,159,-,comp_8,1.231872
local,159,-,comp_9,2.008071
local,159,-,comp_10,8.994949
local,159,-,comp_11,0.0
local,160,-,comp_0,0.0
local,160,-,comp_1,-0.0
local,160,-,comp_2,0.696196
local,160,-,comp_3,3.088251
local,160,-,comp_4,-5.355953
local,160,-,comp_5,-0.0
local,160,-,comp_6,0.0
local,160,-,comp_7,0.0
local,160,-,comp_8,-0.696196
local,160,-,comp_9,-3.088251
local,160,-,comp_10,0.308534
local,160,-,comp_11,-0.0
local,161,-,comp_0,0.0
local,161,-,comp_1,0.0
local,161,-,comp_2,2.704845
local,161,-,comp_3,2.154893
local,161,-,comp_4,-2.028017
local,161,-,comp_5,0.0
local,161,-,comp_6,0.0
local,161,-,comp_7,-0.0
local,161,-,comp_8,-2.704845
local,161,-,comp_9,-2.154893
local,161,-,comp_10,-8.115153
local,161,-,comp_11,0.0
local,162,-,comp_0,0.0
local,162,-,comp_1,-0.0
local,162,-,comp_2,3.936718
local,162,-,comp_3,4.123609
local,162,-,comp_4,10.123224
local,162,-,comp_5,-0.0
local,162,-,comp_6,0.0
local,162,-,comp_7,0.0
local,162,-,comp_8,-3.936718
local,162,-,comp_9,-4.123609
local,162,-,comp_10,-24.885916
local,162,-,comp_11,-0.0
local,163,-,comp_0,0.0
local,163,-,comp_1,0.0
local,163,-,comp_2,15.508529
local,163,-,comp_3,-2.765257
local,163,-,comp_4,-55.461555
local,163,-,comp_5,0.0
local,163,-,comp_6,0.0
local,163,-,comp_7,-0.0
local,163,-,comp_8,-15.508529
local,163,-,comp_9,2.765257
local,163,-,comp_10,-2.695428
local,163,-,comp_11,0.0
local,164,-,comp_0,0.0
local,164,-,comp_1,-0.0
local,164,-,comp_2,13.580461
local,164,-,comp_3,0.873739
local,164,-,comp_4,-2.400893
local,164,-,comp_5,-0.0
local,164,-,comp_6,0.0
local,164,-,comp_7,0.0
local,164,-,comp_8,-13.580461
local,164,-,comp_9,-0.873739
local,164,-,comp_10,-48.525834
local,164,-,comp_11,-0.0
local,165,-,comp_0,0.0
local,165,-,comp_1,0.0
local,165,-,comp_2,0.284853
local,165,-,comp_3,-1.00204
local,165,-,comp_4,-1.235794
local,165,-,comp_5,0.0
local,165,-,comp_6,0.0
local,165,-,comp_7,-0.0
local,165,-,comp_8,-0.284853
local,165,-,comp_9,1.00204
local,165,-,comp_10,0.167595
local,165,-,comp_11,0.0
local,166,-,comp_0,0.0
local,166,-,comp_1,-0.0
local,166,-,comp_2,0.981049
local,166,-,comp_3,-0.693506
local,166,-,comp_4,2.920657
local,166,-,comp_5,-0.0
local,166,-,comp_6,0.0
local,166,-,comp_7,0.0
local,166,-,comp_8,-0.981049
local,166,-,comp_9,0.693506
local,166,-,comp_10,-6.59959
local,166,-,comp_11,-0.0
local,167,-,comp_0,0.0
local,167,-,comp_1,0.0
local,167,-,comp_2,-1.208066
local,167,-,comp_3,-0.461221
local,167,-,comp_4,7.553371
local,167,-,comp_5,0.0
local,167,-,comp_6,0.0
local,167,-,comp_7,0.0
local,167,-,comp_8,1.208066
local,167,-,comp_9,0.461221
local,167,-,comp_10,7.547458
local,167,-,comp_11,0.0
local,168,-,comp_0,0.0
local,168,-,comp_1,-0.0
local,168,-,comp_2,-0.0
local,168,-,comp_3,-0.0
local,168,-,comp_4,0.0
local,168,-,comp_5,-0.0
local,168,-,comp_6,0.0
local,168,-,comp_7,0.0
local,168,-,comp_8,0.0
local,168,-,comp_9,0.0
local,168,-,comp_10,0.0
local,168,-,comp_11,-0.0
local,169,-,comp_0,239.82634
local,169,-,comp_1,-2.576975
local,169,-,comp_2,-10.2729
local,169,-,comp_3,-26.637653
local,169,-,comp_4,169.747066
local,169,-,comp_5,-4.824585
local,169,-,comp_6,-239.82634
local,169,-,comp_7,2.576975
local,169,-,comp_8,10.2729
local,169,-,comp_9,26.637653
local,169,-,comp_10,-138.41472
local,169,-,comp_11,-3.035187
local,170,-,comp_0,0.513568
local,170,-,comp_1,-0.12788
local,170,-,comp_2,32.996046
local,170,-,comp_3,72.979872
local,170,-,comp_4,-358.480756
local,170,-,comp_5,6.962573
local,170,-,comp_6,-0.513568
local,170,-,comp_7,0.12788
local,170,-,comp_8,-32.996046
local,170,-,comp_9,-72.979872
local,170,-,comp_10,257.842817
local,170,-,comp_11,-7.352608
local,171,-,comp_0,0.0
local,171,-,comp_1,0.0
local,171,-,comp_2,0.0
local,171,-,comp_3,-0.0
local,171,-,comp_4,-0.0
local,171,-,comp_5,0.0
local,171,-,comp_6,0.0
local,171,-,comp_7,-0.0
local,171,-,comp_8,-0.0
local,171,-,comp_9,0.0
local,171,-,comp_10,-0.0
local,171,-,comp_11,0.0
local,172,-,comp_0,0.0
local,172,-,comp_1,0.0
local,172,-,comp_2,33.507009
local,172,-,comp_3,0.0
local,172,-,comp_4,-170.885746
local,172,-,comp_5,0.0
local,172,-,comp_6,0.0
local,172,-,comp_7,-0.0
local,172,-,comp_8,-33.507009
local,172,-,comp_9,-0.0
local,172,-,comp_10,0.0
local,172,-,comp_11,0.0
local,173,-,comp_0,0.0
local,173,-,comp_1,0.0
local,173,-,comp_2,-0.0
local,173,-,comp_3,0.0
local,173,-,comp_4,0.0
local,173,-,comp_5,0.0
local,173,-,comp_6,0.0
local,173,-,comp_7,-0.0
local,173,-,comp_8,0.0
local,173,-,comp_9,-0.0
local,173,-,comp_10,-0.0
local,173,-,comp_11,0.0
local,174,-,comp_0,0.0
local,174,-,comp_1,-10.596203
local,174,-,comp_2,-61.368036
local,174,-,comp_3,-0.0
local,174,-,comp_4,93.586254
local,174,-,comp_5,-16.159209
local,174,-,comp_6,-0.0
local,174,-,comp_7,10.596203
local,174,-,comp_8,61.368036
local,174,-,comp_9,0.0
local,174,-,comp_10,93.586254
local,174,-,comp_11,-16.159209
local,175,-,comp_0,0.0
local,175,-,comp_1,0.0
local,175,-,comp_2,-0.650457
local,175,-,comp_3,-0.718556
local,175,-,comp_4,3.464881
local,175,-,comp_5,0.0
local,175,-,comp_6,0.0
local,175,-,comp_7,0.0
local,175,-,comp_8,0.650457
local,175,-,comp_9,0.718556
local,175,-,comp_10,2.324183
local,175,-,comp_11,0.0
local,176,-,comp_0,0.0
local,176,-,comp_1,-0.0
local,176,-,comp_2,-3.433964
local,176,-,comp_3,-0.18744
local,176,-,comp_4,11.984035
local,176,-,comp_5,-0.0
local,176,-,comp_6,0.0
local,176,-,comp_7,0.0
local,176,-,comp_8,3.433964
local,176,-,comp_9,0.18744
local,176,-,comp_10,12.912203
local,176,-,comp_11,-0.0
local,177,-,comp_0,0.0
local,177,-,comp_1,0.0
local,177,-,comp_2,-1.151605
local,177,-,comp_3,0.277406
local,177,-,comp_4,3.967639
local,177,-,comp_5,0.0
local,177,-,comp_6,0.0
local,177,-,comp_7,0.0
local,177,-,comp_8,1.151605
local,177,-,comp_9,-0.277406
local,177,-,comp_10,6.281642
local,177,-,comp_11,0.0
local,178,-,comp_0,0.0
local,178,-,comp_1,-0.0
local,178,-,comp_2,1.452064
local,178,-,comp_3,-1.596923
local,178,-,comp_4,-6.563331
local,178,-,comp_5,-0.0
local,178,-,comp_6,0.0
local,178,-,comp_7,0.0
local,178,-,comp_8,-1.452064
local,178,-,comp_9,1.596923
local,178,-,comp_10,-3.964131
local,178,-,comp_11,-0.0
local,179,-,comp_0,0.0
local,179,-,comp_1,0.0
local,179,-,comp_2,3.473607
local,179,-,comp_3,-9.382821
local,179,-,comp_4,-11.008229
local,179,-,comp_5,0.0
local,179,-,comp_6,0.0
local,179,-,comp_7,0.0
local,179,-,comp_8,-3.473607
local,179,-,comp_9,9.382821
local,179,-,comp_10,-19.90687
local,179,-,comp_11,0.0
local,180,-,comp_0,0.0
local,180,-,comp_1,-0.0
local,180,-,comp_2,-0.60045
local,180,-,comp_3,8.774455
local,180,-,comp_4,7.843214
local,180,-,comp_5,-0.0
local,180,-,comp_6,0.0
local,180,-,comp_7,0.0
local,180,-,comp_8,0.60045
local,180,-,comp_9,-8.774455
local,180,-,comp_10,-3.489952
local,180,-,comp_11,-0.0
local,181,-,comp_0,0.0
local,181,-,comp_1,0.0
local,181,-,comp_2,23.606248
local,181,-,comp_3,-29.06542
local,181,-,comp_4,-35.415254
local,181,-,comp_5,0.0
local,181,-,comp_6,0.0
local,181,-,comp_7,0.0
local,181,-,comp_8,-23.606248
local,181,-,comp_9,29.06542
local,181,-,comp_10,-174.680351
local,181,-,comp_11,0.0
local,182,-,comp_0,0.0
local,182,-,comp_1,-0.0
local,182,-,comp_2,-29.045137
local,182,-,comp_3,29.733927
local,182,-,comp_4,177.034025
local,182,-,comp_5,-0.0
local,182,-,comp_6,0.0
local,182,-,comp_7,0.0
local,182,-,comp_8,29.045137
local,182,-,comp_9,-29.733927
local,182,-,comp_10,33.543221
local,182,-,comp_11,-0.0
local,183,-,comp_0,0.0
local,183,-,comp_1,0.0
local,183,-,comp_2,-10.095851
local,183,-,comp_3,-0.842232
local,183,-,comp_4,35.465964
local,183,-,comp_5,0.0
local,183,-,comp_6,0.0
local,183,-,comp_7,0.0
local,183,-,comp_8,10.095851
local,183,-,comp_9,0.842232
local,183,-,comp_10,15.013289
local,183,-,comp_11,0.0
local,184,-,comp_0,0.0
local,184,-,comp_1,-0.0
local,184,-,comp_2,-8.944246
local,184,-,comp_3,3.125407
local,184,-,comp_4,-15.290695
local,184,-,comp_5,-0.0
local,184,-,comp_6,0.0
local,184,-,comp_7,0.0
local,184,-,comp_8,8.944246
local,184,-,comp_9,-3.125407
local,184,-,comp_10,60.011925
local,184,-,comp_11,-0.0
local,185,-,comp_0,0.0
local,185,-,comp_1,0.0
local,185,-,comp_2,23.606248
local,185,-,comp_3,35.415254
local,185,-,comp_4,-147.096659
local,185,-,comp_5,0.0
local,185,-,comp_6,0.0
local,185,-,comp_7,-0.0
local,185,-,comp_8,-23.606248
local,185,-,comp_9,-35.415254
local,185,-,comp_10,29.06542
local,185,-,comp_11,0.0
local,186,-,comp_0,0.0
local,186,-,comp_1,0.0
local,186,-,comp_2,-20.302512
local,186,-,comp_3,0.158641
local,186,-,comp_4,66.428698
local,186,-,comp_5,0.0
local,186,-,comp_6,0.0
local,186,-,comp_7,0.0
local,186,-,comp_8,20.302512
local,186,-,comp_9,-0.158641
local,186,-,comp_10,35.08386
local,186,-,comp_11,0.0
local,187,-,comp_0,0.0
local,187,-,comp_1,-0.0
local,187,-,comp_2,-22.90618
local,187,-,comp_3,-0.123048
local,187,-,comp_4,-33.209531
local,187,-,comp_5,-0.0
local,187,-,comp_6,0.0
local,187,-,comp_7,0.0
local,187,-,comp_8,22.90618
local,187,-,comp_9,0.123048
local,187,-,comp_10,147.740432
local,187,-,comp_11,-0.0
local,188,-,comp_0,0.0
local,188,-,comp_1,0.0
local,188,-,comp_2,101.803195
local,188,-,comp_3,-2.353674
local,188,-,comp_4,-450.216628
local,188,-,comp_5,0.0
local,188,-,comp_6,0.0
local,188,-,comp_7,-0.0
local,188,-,comp_8,-101.803195
local,188,-,comp_9,2.353674
local,188,-,comp_10,-58.799347
local,188,-,comp_11,0.0
local,189,-,comp_0,0.0
local,189,-,comp_1,0.0
local,189,-,comp_2,-11.140795
local,189,-,comp_3,0.553009
local,189,-,comp_4,37.24601
local,189,-,comp_5,0.0
local,189,-,comp_6,0.0
local,189,-,comp_7,0.0
local,189,-,comp_8,11.140795
local,189,-,comp_9,-0.553009
local,189,-,comp_10,18.457966
local,189,-,comp_11,0.0
local,190,-,comp_0,0.0
local,190,-,comp_1,-0.0
local,190,-,comp_2,-9.688732
local,190,-,comp_3,-3.411122
local,190,-,comp_4,-20.054889
local,190,-,comp_5,-0.0
local,190,-,comp_6,0.0
local,190,-,comp_7,0.0
local,190,-,comp_8,9.688732
local,190,-,comp_9,3.411122
local,190,-,comp_10,68.498547
local,190,-,comp_11,-0.0
local,191,-,comp_0,0.0
local,191,-,comp_1,0.0
local,191,-,comp_2,29.045137
local,191,-,comp_3,-33.543221
local,191,-,comp_4,-174.959613
local,191,-,comp_5,0.0
local,191,-,comp_6,0.0
local,191,-,comp_7,-0.0
local,191,-,comp_8,-29.045137
local,191,-,comp_9,33.543221
local,191,-,comp_10,29.733927
local,191,-,comp_11,0.0
local,192,-,comp_0,0.0
local,192,-,comp_1,0.0
local,192,-,comp_2,-2.790308
local,192,-,comp_3,1.124756
local,192,-,comp_4,2.699203
local,192,-,comp_5,0.0
local,192,-,comp_6,0.0
local,192,-,comp_7,0.0
local,192,-,comp_8,2.790308
local,192,-,comp_9,-1.124756
local,192,-,comp_10,22.134541
local,192,-,comp_11,0.0
local,193,-,comp_0,0.0
local,193,-,comp_1,-0.0
local,193,-,comp_2,1.460956
local,193,-,comp_3,-0.898254
local,193,-,comp_4,-8.722081
local,193,-,comp_5,-0.0
local,193,-,comp_6,0.0
local,193,-,comp_7,0.0
local,193,-,comp_8,-1.460956
local,193,-,comp_9,0.898254
local,193,-,comp_10,-1.869849
local,193,-,comp_11,-0.0
local,194,-,comp_0,0.0
local,194,-,comp_1,0.0
local,194,-,comp_2,-1.075401
local,194,-,comp_3,-2.657935
local,194,-,comp_4,0.956514
local,194,-,comp_5,0.0
local,194,-,comp_6,0.0
local,194,-,comp_7,0.0
local,194,-,comp_8,1.075401
local,194,-,comp_9,2.657935
local,194,-,comp_10,8.614554
local,194,-,comp_11,0.0
local,195,-,comp_0,0.0
local,195,-,comp_1,-0.0
local,195,-,comp_2,0.858646
local,195,-,comp_3,3.363787
local,195,-,comp_4,-6.507468
local,195,-,comp_5,-0.0
local,195,-,comp_6,0.0
local,195,-,comp_7,0.0
local,195,-,comp_8,-0.858646
local,195,-,comp_9,-3.363787
local,195,-,comp_10,0.282283
local,195,-,comp_11,-0.0
local,196,-,comp_0,0.0
local,196,-,comp_1,-0.0
local,196,-,comp_2,2.790308
local,196,-,comp_3,2.699203
local,196,-,comp_4,-1.124756
local,196,-,comp_5,-0.0
local,196,-,comp_6,0.0
local,196,-,comp_7,0.0
local,196,-,comp_8,-2.790308
local,196,-,comp_9,-2.699203
local,196,-,comp_10,-9.3389
local,196,-,comp_11,-0.0
local,197,-,comp_0,0.0
local,197,-,comp_1,0.0
local,197,-,comp_2,3.865709
local,197,-,comp_3,3.655717
local,197,-,comp_4,11.996835
local,197,-,comp_5,0.0
local,197,-,comp_6,0.0
local,197,-,comp_7,-0.0
local,197,-,comp_8,-3.865709
local,197,-,comp_9,-3.655717
local,197,-,comp_10,-26.493245
local,197,-,comp_11,0.0
local,198,-,comp_0,0.0
local,198,-,comp_1,-0.0
local,198,-,comp_2,17.734658
local,198,-,comp_3,-1.850187
local,198,-,comp_4,-56.724564
local,198,-,comp_5,-0.0
local,198,-,comp_6,0.0
local,198,-,comp_7,0.0
local,198,-,comp_8,-17.734658
local,198,-,comp_9,1.850187
local,198,-,comp_10,-9.780402
local,198,-,comp_11,-0.0
local,199,-,comp_0,0.0
local,199,-,comp_1,0.0
local,199,-,comp_2,15.800611
local,199,-,comp_3,0.256899
local,199,-,comp_4,3.758679
local,199,-,comp_5,0.0
local,199,-,comp_6,0.0
local,199,-,comp_7,-0.0
local,199,-,comp_8,-15.800611
local,199,-,comp_9,-0.256899
local,199,-,comp_10,-63.010969
local,199,-,comp_11,0.0
local,200,-,comp_0,0.0
local,200,-,comp_1,-0.0
local,200,-,comp_2,1.460956
local,200,-,comp_3,-1.869849
local,200,-,comp_4,-0.898254
local,200,-,comp_5,-0.0
local,200,-,comp_6,0.0
local,200,-,comp_7,0.0
local,200,-,comp_8,-1.460956
local,200,-,comp_9,1.869849
local,200,-,comp_10,-4.58033
local,200,-,comp_11,-0.0
local,201,-,comp_0,0.0
local,201,-,comp_1,0.0
local,201,-,comp_2,2.319602
local,201,-,comp_3,-1.587566
local,201,-,comp_4,7.944117
local,201,-,comp_5,0.0
local,201,-,comp_6,0.0
local,201,-,comp_7,-0.0
local,201,-,comp_8,-2.319602
local,201,-,comp_9,1.587566
local,201,-,comp_10,-16.642625
local,201,-,comp_11,0.0
local,202,-,comp_0,0.0
local,202,-,comp_1,0.0
local,202,-,comp_2,-0.596611
local,202,-,comp_3,-0.864817
local,202,-,comp_4,3.75479
local,202,-,comp_5,0.0
local,202,-,comp_6,0.0
local,202,-,comp_7,0.0
local,202,-,comp_8,0.596611
local,202,-,comp_9,0.864817
local,202,-,comp_10,3.702853
local,202,-,comp_11,0.0
local,203,-,comp_0,0.0
local,203,-,comp_1,0.0
local,203,-,comp_2,-0.0
local,203,-,comp_3,-0.0
local,203,-,comp_4,0.0
local,203,-,comp_5,0.0
local,203,-,comp_6,0.0
local,203,-,comp_7,-0.0
local,203,-,comp_8,0.0
local,203,-,comp_9,0.0
local,203,-,comp_10,0.0
local,203,-,comp_11,0.0
local,204,-,comp_0,226.779107
local,204,-,comp_1,-3.176191
local,204,-,comp_2,-18.867181
local,204,-,comp_3,-30.31967
local,204,-,comp_4,206.710641
local,204,-,comp_5,-5.951898
local,204,-,comp_6,-226.779107
local,204,-,comp_7,3.176191
local,204,-,comp_8,18.867181
local,204,-,comp_9,30.31967
local,204,-,comp_10,-149.16574
local,204,-,comp_11,-3.735484
local,205,-,comp_0,0.0
local,205,-,comp_1,-8.469075
local,205,-,comp_2,-12.218608
local,205,-,comp_3,-0.0
local,205,-,comp_4,18.633378
local,205,-,comp_5,-12.915339
local,205,-,comp_6,-0.0
local,205,-,comp_7,8.469075
local,205,-,comp_8,12.218608
local,205,-,comp_9,0.0
local,205,-,comp_10,18.633378
local,205,-,comp_11,-12.915339
local,206,-,comp_0,1.345165
local,206,-,comp_1,0.025482
local,206,-,comp_2,38.079691
local,206,-,comp_3,83.067589
local,206,-,comp_4,-413.947909
local,206,-,comp_5,8.904517
local,206,-,comp_6,-1.345165
local,206,-,comp_7,-0.025482
local,206,-,comp_8,-38.079691
local,206,-,comp_9,-83.067589
local,206,-,comp_10,297.804853
local,206,-,comp_11,-8.826796
local,207,-,comp_0,0.0
local,207,-,comp_1,0.0
local,207,-,comp_2,-0.0
local,207,-,comp_3,0.0
local,207,-,comp_4,0.0
local,207,-,comp_5,0.0
local,207,-,comp_6,0.0
local,207,-,comp_7,-0.0
local,207,-,comp_8,0.0
local,207,-,comp_9,-0.0
local,207,-,comp_10,-0.0
local,207,-,comp_11,0.0
local,208,-,comp_0,0.0
local,208,-,comp_1,0.0
local,208,-,comp_2,0.0
local,208,-,comp_3,0.0
local,208,-,comp_4,0.0
local,208,-,comp_5,0.0
local,208,-,comp_6,0.0
local,208,-,comp_7,0.0
local,208,-,comp_8,0.0
local,208,-,comp_9,-0.0
local,208,-,comp_10,-0.0
local,208,-,comp_11,0.0
local,209,-,comp_0,0.0
local,209,-,comp_1,0.0
local,209,-,comp_2,0.0
local,209,-,comp_3,-0.0
local,209,-,comp_4,-0.0
local,209,-,comp_5,0.0
local,209,-,comp_6,0.0
local,209,-,comp_7,0.0
local,209,-,comp_8,-0.0
local,209,-,comp_9,0.0
local,209,-,comp_10,-0.0
local,209,-,comp_11,0.0
local,210,-,comp_0,297.664867
local,210,-,comp_1,10.867231
local,210,-,comp_2,-105.617996
local,210,-,comp_3,4.285262
local,210,-,comp_4,385.605039
local,210,-,comp_5,41.89384
local,210,-,comp_6,-297.664867
local,210,-,comp_7,-10.867231
local,210,-,comp_8,105.617996
local,210,-,comp_9,-4.285262
local,210,-,comp_10,32.642225
local,210,-,comp_11,1.140394
local,211,-,comp_0,212.617762
local,211,-,comp_1,1.634636
local,211,-,comp_2,-11.892914
local,211,-,comp_3,5.904121
local,211,-,comp_4,-32.642225
local,211,-,comp_5,-1.140394
local,211,-,comp_6,-212.617762
local,211,-,comp_7,-1.634636
local,211,-,comp_8,11.892914
local,211,-,comp_9,-5.904121
local,211,-,comp_10,79.738165
local,211,-,comp_11,7.613554
local,212,-,comp_0,127.570657
local,212,-,comp_1,-0.102748
local,212,-,comp_2,12.85923
local,212,-,comp_3,4.317327
local,212,-,comp_4,-79.738165
local,212,-,comp_5,-7.613554
local,212,-,comp_6,-127.570657
local,212,-,comp_7,0.102748
local,212,-,comp_8,-12.85923
local,212,-,comp_9,-4.317327
local,212,-,comp_10,28.815613
local,212,-,comp_11,7.206673
local,213,-,comp_0,42.523552
local,213,-,comp_1,-1.819867
local,213,-,comp_2,7.27667
local,213,-,comp_3,3.461838
local,213,-,comp_4,-28.815613
local,213,-,comp_5,-7.206673
local,213,-,comp_6,-42.523552
local,213,-,comp_7,1.819867
local,213,-,comp_8,-7.27667
local,213,-,comp_9,-3.461838
local,213,-,comp_10,-0.0
local,213,-,comp_11,-0.0
local,214,-,comp_0,483.454993
local,214,-,comp_1,3.255186
local,214,-,comp_2,-111.381912
local,214,-,comp_3,4.285262
local,214,-,comp_4,393.213408
local,214,-,comp_5,27.463052
local,214,-,comp_6,-483.454993
local,214,-,comp_7,-3.255186
local,214,-,comp_8,111.381912
local,214,-,comp_9,-4.285262
local,214,-,comp_10,47.858963
local,214,-,comp_11,-14.572514
local,215,-,comp_0,354.708441
local,215,-,comp_1,-9.498043
local,215,-,comp_2,-19.860488
local,215,-,comp_3,5.904121
local,215,-,comp_4,-14.516658
local,215,-,comp_5,-23.15628
local,215,-,comp_6,-354.708441
local,215,-,comp_7,9.498043
local,215,-,comp_8,19.860488
local,215,-,comp_9,-5.904121
local,215,-,comp_10,93.164191
local,215,-,comp_11,-14.455968
local,216,-,comp_0,223.832379
local,216,-,comp_1,-7.674741
local,216,-,comp_2,10.056623
local,216,-,comp_3,4.317327
local,216,-,comp_4,-73.129895
local,216,-,comp_5,-23.360027
local,216,-,comp_6,-223.832379
local,216,-,comp_7,7.674741
local,216,-,comp_8,-10.056623
local,216,-,comp_9,-4.317327
local,216,-,comp_10,33.305669
local,216,-,comp_11,-7.031948
local,217,-,comp_0,90.960141
local,217,-,comp_1,-17.379967
local,217,-,comp_2,5.554926
local,217,-,comp_3,3.461838
local,217,-,comp_4,-25.752298
local,217,-,comp_5,-31.114616
local,217,-,comp_6,-90.960141
local,217,-,comp_7,17.379967
local,217,-,comp_8,-5.554926
local,217,-,comp_9,-3.461838
local,217,-,comp_10,3.75479
local,217,-,comp_11,-37.710054
local,218,-,comp_0,1373.596081
local,218,-,comp_1,-0.314295
local,218,-,comp_2,-111.086057
local,218,-,comp_3,4.265402
local,218,-,comp_4,391.560374
local,218,-,comp_5,3.981429
local,218,-,comp_6,-1373.596081
local,218,-,comp_7,0.314295
local,218,-,comp_8,111.086057
local,218,-,comp_9,-4.265402
local,218,-,comp_10,48.340414
local,218,-,comp_11,-5.226036
local,219,-,comp_0,1055.221265
local,219,-,comp_1,-1.413154
local,219,-,comp_2,-20.371493
local,219,-,comp_3,5.876758
local,219,-,comp_4,-13.269807
local,219,-,comp_5,-5.515952
local,219,-,comp_6,-1055.221265
local,219,-,comp_7,1.413154
local,219,-,comp_8,20.371493
local,219,-,comp_9,-5.876758
local,219,-,comp_10,93.940918
local,219,-,comp_11,-0.080136
local,220,-,comp_0,693.828739
local,220,-,comp_1,-0.878696
local,220,-,comp_2,9.539281
local,220,-,comp_3,4.297318
local,220,-,comp_4,-71.694529
local,220,-,comp_5,-3.730461
local,220,-,comp_6,-693.828739
local,220,-,comp_7,0.878696
local,220,-,comp_8,-9.539281
local,220,-,comp_9,-4.297318
local,220,-,comp_10,33.918977
local,220,-,comp_11,0.250825
local,221,-,comp_0,318.859656
local,221,-,comp_1,-2.840132
local,221,-,comp_2,4.271591
local,221,-,comp_3,3.445794
local,221,-,comp_4,-23.794545
local,221,-,comp_5,-9.851524
local,221,-,comp_6,-318.859656
local,221,-,comp_7,2.840132
local,221,-,comp_8,-4.271591
local,221,-,comp_9,-3.445794
local,221,-,comp_10,6.879043
local,221,-,comp_11,-1.395397
local,222,-,comp_0,297.155166
local,222,-,comp_1,0.086746
local,222,-,comp_2,-105.076366
local,222,-,comp_3,4.265402
local,222,-,comp_4,383.627581
local,222,-,comp_5,0.142911
local,222,-,comp_6,-297.155166
local,222,-,comp_7,-0.086746
local,222,-,comp_8,105.076366
local,222,-,comp_9,-4.265402
local,222,-,comp_10,32.474829
local,222,-,comp_11,0.200604
local,223,-,comp_0,212.25369
local,223,-,comp_1,0.153632
local,223,-,comp_2,-11.831925
local,223,-,comp_3,5.876758
local,223,-,comp_4,-32.474829
local,223,-,comp_5,-0.200604
local,223,-,comp_6,-212.25369
local,223,-,comp_7,-0.153632
local,223,-,comp_8,11.831925
local,223,-,comp_9,-5.876758
local,223,-,comp_10,79.329253
local,223,-,comp_11,0.808986
local,224,-,comp_0,127.352214
local,224,-,comp_1,1.002454
local,224,-,comp_2,12.793286
local,224,-,comp_3,4.297318
local,224,-,comp_4,-79.329253
local,224,-,comp_5,-0.808986
local,224,-,comp_6,-127.352214
local,224,-,comp_7,-1.002454
local,224,-,comp_8,-12.793286
local,224,-,comp_9,-4.297318
local,224,-,comp_10,28.667841
local,224,-,comp_11,4.778705
local,225,-,comp_0,42.450738
local,225,-,comp_1,-1.206744
local,225,-,comp_2,7.239354
local,225,-,comp_3,3.445794
local,225,-,comp_4,-28.667841
local,225,-,comp_5,-4.778705
local,225,-,comp_6,-42.450738
local,225,-,comp_7,1.206744
local,225,-,comp_8,-7.239354
local,225,-,comp_9,-3.445794
local,225,-,comp_10,-0.0
local,225,-,comp_11,-0.0
local,226,-,comp_0,73.906517
local,226,-,comp_1,-10.336367
local,226,-,comp_2,-6.881534
local,226,-,comp_3,0.262888
local,226,-,comp_4,23.993207
local,226,-,comp_5,-12.022024
local,226,-,comp_6,-73.906517
local,226,-,comp_7,10.336367
local,226,-,comp_8,6.881534
local,226,-,comp_9,-0.262888
local,226,-,comp_10,3.257666
local,226,-,comp_11,-28.909989
local,227,-,comp_0,52.790369
local,227,-,comp_1,-13.158288
local,227,-,comp_2,-2.187403
local,227,-,comp_3,0.3622
local,227,-,comp_4,0.577258
local,227,-,comp_5,-32.053287
local,227,-,comp_6,-52.790369
local,227,-,comp_7,13.158288
local,227,-,comp_8,2.187403
local,227,-,comp_9,-0.3622
local,227,-,comp_10,8.084858
local,227,-,comp_11,-20.053534
local,228,-,comp_0,31.674221
local,228,-,comp_1,5.149681
local,228,-,comp_2,-1.302665
local,228,-,comp_3,0.264855
local,228,-,comp_4,-0.786034
local,228,-,comp_5,3.342764
local,228,-,comp_6,-31.674221
local,228,-,comp_7,-5.149681
local,228,-,comp_8,1.302665
local,228,-,comp_9,-0.264855
local,228,-,comp_10,5.944588
local,228,-,comp_11,17.049972
local,229,-,comp_0,10.558074
local,229,-,comp_1,-10.104418
local,229,-,comp_2,-3.313305
local,229,-,comp_3,0.212373
local,229,-,comp_4,4.651615
local,229,-,comp_5,-3.821834
local,229,-,comp_6,-10.558074
local,229,-,comp_7,10.104418
local,229,-,comp_8,3.313305
local,229,-,comp_9,-0.212373
local,229,-,comp_10,8.469075
local,229,-,comp_11,-36.191663
local,230,-,comp_0,75.8298
local,230,-,comp_1,-11.997404
local,230,-,comp_2,-6.541417
local,230,-,comp_3,0.262888
local,230,-,comp_4,23.544253
local,230,-,comp_5,-15.747228
local,230,-,comp_6,-75.8298
local,230,-,comp_7,11.997404
local,230,-,comp_8,6.541417
local,230,-,comp_9,-0.262888
local,230,-,comp_10,2.359758
local,230,-,comp_11,-31.762492
local,231,-,comp_0,55.163693
local,231,-,comp_1,-22.710358
local,231,-,comp_2,-0.917742
local,231,-,comp_3,0.3622
local,231,-,comp_4,-1.547649
local,231,-,comp_5,-45.900943
local,231,-,comp_6,-55.163693
local,231,-,comp_7,22.710358
local,231,-,comp_8,0.917742
local,231,-,comp_9,-0.3622
local,231,-,comp_10,5.181906
local,231,-,comp_11,-44.032076
local,232,-,comp_0,33.532955
local,232,-,comp_1,-15.46606
local,232,-,comp_2,0.707842
local,232,-,comp_3,0.264855
local,232,-,comp_4,-4.666902
local,232,-,comp_5,-34.672303
local,232,-,comp_6,-33.532955
local,232,-,comp_7,15.46606
local,232,-,comp_8,-0.707842
local,232,-,comp_9,-0.264855
local,232,-,comp_10,1.863849
local,232,-,comp_11,-26.573296
local,233,-,comp_0,11.903239
local,233,-,comp_1,-33.735161
local,233,-,comp_2,0.444811
local,233,-,comp_3,0.212373
local,233,-,comp_4,-1.735969
local,233,-,comp_5,-51.118936
local,233,-,comp_6,-11.903239
local,233,-,comp_7,33.735161
local,233,-,comp_8,-0.444811
local,233,-,comp_9,-0.212373
local,233,-,comp_10,-0.025482
local,233,-,comp_11,-82.4723
local,234,-,comp_0,73.906517
local,234,-,comp_1,-22.3246
local,234,-,comp_2,-5.614338
local,234,-,comp_3,0.262888
local,234,-,comp_4,21.531514
local,234,-,comp_5,-27.846492
local,234,-,comp_6,-73.906517
local,234,-,comp_7,22.3246
local,234,-,comp_8,5.614338
local,234,-,comp_9,-0.262888
local,234,-,comp_10,0.701265
local,234,-,comp_11,-60.558924
local,235,-,comp_0,52.790369
local,235,-,comp_1,-48.419651
local,235,-,comp_2,0.791145
local,235,-,comp_3,0.3622
local,235,-,comp_4,-4.53619
local,235,-,comp_5,-94.422753
local,235,-,comp_6,-52.790369
local,235,-,comp_7,48.419651
local,235,-,comp_8,-0.791145
local,235,-,comp_9,-0.3622
local,235,-,comp_10,1.403257
local,235,-,comp_11,-97.319064
local,236,-,comp_0,31.674221
local,236,-,comp_1,-47.812669
local,236,-,comp_2,2.8324
local,236,-,comp_3,0.264855
local,236,-,comp_4,-8.70208
local,236,-,comp_5,-97.288069
local,236,-,comp_6,-31.674221
local,236,-,comp_7,47.812669
local,236,-,comp_8,-2.8324
local,236,-,comp_9,-0.264855
local,236,-,comp_10,-2.514222
local,236,-,comp_11,-92.0501
local,237,-,comp_0,10.558074
local,237,-,comp_1,-77.460771
local,237,-,comp_2,4.179559
local,237,-,comp_3,0.212373
local,237,-,comp_4,-8.081981
local,237,-,comp_5,-131.92199
local,237,-,comp_6,-10.558074
local,237,-,comp_7,77.460771
local,237,-,comp_8,-4.179559
local,237,-,comp_9,-0.212373
local,237,-,comp_10,-8.469075
local,237,-,comp_11,-174.822663
local,238,-,comp_0,71.983233
local,238,-,comp_1,-14.142078
local,238,-,comp_2,-5.954455
local,238,-,comp_3,0.262888
local,238,-,comp_4,21.980468
local,238,-,comp_5,-18.578198
local,238,-,comp_6,-71.983233
local,238,-,comp_7,14.142078
local,238,-,comp_8,5.954455
local,238,-,comp_9,-0.262888
local,238,-,comp_10,1.599173
local,238,-,comp_11,-37.424432
local,239,-,comp_0,50.417045
local,239,-,comp_1,-27.331949
local,239,-,comp_2,-0.478517
local,239,-,comp_3,0.3622
local,239,-,comp_4,-2.411283
local,239,-,comp_5,-54.832413
local,239,-,comp_6,-50.417045
local,239,-,comp_7,27.331949
local,239,-,comp_8,0.478517
local,239,-,comp_9,-0.3622
local,239,-,comp_10,4.306209
local,239,-,comp_11,-53.402107
local,240,-,comp_0,29.815488
local,240,-,comp_1,-20.627073
local,240,-,comp_2,0.821893
local,240,-,comp_3,0.264855
local,240,-,comp_4,-4.821212
local,240,-,comp_5,-44.754369
local,240,-,comp_6,-29.815488
local,240,-,comp_7,20.627073
local,240,-,comp_8,-0.821893
local,240,-,comp_9,-0.264855
local,240,-,comp_10,1.566517
local,240,-,comp_11,-36.928839
local,241,-,comp_0,9.212908
local,241,-,comp_1,-39.47595
local,241,-,comp_2,0.421443
local,241,-,comp_3,0.212373
local,241,-,comp_4,-1.694397
local,241,-,comp_5,-62.239783
local,241,-,comp_6,-9.212908
local,241,-,comp_7,39.47595
local,241,-,comp_8,-0.421443
local,241,-,comp_9,-0.212373
local,241,-,comp_10,0.025482
local,241,-,comp_11,-94.084977
local,242,-,comp_0,567.363525
local,242,-,comp_1,0.937011
local,242,-,comp_2,-2.379682
local,242,-,comp_3,1.432502
local,242,-,comp_4,-0.258881
local,242,-,comp_5,3.629625
local,242,-,comp_6,-567.363525
local,242,-,comp_7,-0.937011
local,242,-,comp_8,2.379682
local,242,-,comp_9,-1.432502
local,242,-,comp_10,9.682423
local,242,-,comp_11,0.080939
local,243,-,comp_0,420.934699
local,243,-,comp_1,0.090663
local,243,-,comp_2,0.550801
local,243,-,comp_3,2.27735
local,243,-,comp_4,-9.682423
local,243,-,comp_5,-0.080939
local,243,-,comp_6,-420.934699
local,243,-,comp_7,-0.090663
local,243,-,comp_8,-0.550801
local,243,-,comp_9,-2.27735
local,243,-,comp_10,7.501249
local,243,-,comp_11,0.439963
local,244,-,comp_0,272.360426
local,244,-,comp_1,0.012536
local,244,-,comp_2,1.203161
local,244,-,comp_3,1.665288
local,244,-,comp_4,-7.501249
local,244,-,comp_5,-0.439963
local,244,-,comp_6,-272.360426
local,244,-,comp_7,-0.012536
local,244,-,comp_8,-1.203161
local,244,-,comp_9,-1.665288
local,244,-,comp_10,2.736732
local,244,-,comp_11,0.489608
local,245,-,comp_0,127.169443
local,245,-,comp_1,-0.123638
local,245,-,comp_2,0.691094
local,245,-,comp_3,1.335307
local,245,-,comp_4,-2.736732
local,245,-,comp_5,-0.489608
local,245,-,comp_6,-127.169443
local,245,-,comp_7,0.123638
local,245,-,comp_8,-0.691094
local,245,-,comp_9,-1.335307
local,245,-,comp_10,0.0
local,245,-,comp_11,-0.0
local,246,-,comp_0,590.250016
local,246,-,comp_1,0.486152
local,246,-,comp_2,-2.454042
local,246,-,comp_3,1.65292
local,246,-,comp_4,-0.772082
local,246,-,comp_5,1.868569
local,246,-,comp_6,-590.250016
local,246,-,comp_7,-0.486152
local,246,-,comp_8,2.454042
local,246,-,comp_9,-1.65292
local,246,-,comp_10,10.490089
local,246,-,comp_11,0.056593
local,247,-,comp_0,399.752357
local,247,-,comp_1,0.077221
local,247,-,comp_2,0.809146
local,247,-,comp_3,2.27735
local,247,-,comp_4,-10.490089
local,247,-,comp_5,-0.056593
local,247,-,comp_6,-399.752357
local,247,-,comp_7,-0.077221
local,247,-,comp_8,-0.809146
local,247,-,comp_9,-2.27735
local,247,-,comp_10,7.285872
local,247,-,comp_11,0.362387
local,248,-,comp_0,208.519199
local,248,-,comp_1,0.024622
local,248,-,comp_2,1.135176
local,248,-,comp_3,1.665288
local,248,-,comp_4,-7.285872
local,248,-,comp_5,-0.362387
local,248,-,comp_6,-208.519199
local,248,-,comp_7,-0.024622
local,248,-,comp_8,-1.135176
local,248,-,comp_9,-1.665288
local,248,-,comp_10,2.790576
local,248,-,comp_11,0.459891
local,249,-,comp_0,18.02154
local,249,-,comp_1,-0.116134
local,249,-,comp_2,0.704691
local,249,-,comp_3,1.335307
local,249,-,comp_4,-2.790576
local,249,-,comp_5,-0.459891
local,249,-,comp_6,-18.02154
local,249,-,comp_7,0.116134
local,249,-,comp_8,-0.704691
local,249,-,comp_9,-1.335307
local,249,-,comp_10,0.0
local,249,-,comp_11,-0.0
local,250,-,comp_0,35.193579
local,250,-,comp_1,1.381344
local,250,-,comp_2,40.39188
local,250,-,comp_3,12.059924
local,250,-,comp_4,-159.951844
local,250,-,comp_5,5.470123
local,250,-,comp_6,-35.193579
local,250,-,comp_7,-1.381344
local,250,-,comp_8,-40.39188
local,250,-,comp_9,-12.059924
local,250,-,comp_10,0.0
local,250,-,comp_11,-0.0
local,251,-,comp_0,129.864308
local,251,-,comp_1,0.961673
local,251,-,comp_2,1.378205
local,251,-,comp_3,1.432502
local,251,-,comp_4,-13.955139
local,251,-,comp_5,3.662178
local,251,-,comp_6,-129.864308
local,251,-,comp_7,-0.961673
local,251,-,comp_8,-1.378205
local,251,-,comp_9,-1.432502
local,251,-,comp_10,8.497446
local,251,-,comp_11,0.146046
local,252,-,comp_0,91.345542
local,252,-,comp_1,0.098581
local,252,-,comp_2,1.047103
local,252,-,comp_3,1.973663
local,252,-,comp_4,-8.497446
local,252,-,comp_5,-0.146046
local,252,-,comp_6,-91.345542
local,252,-,comp_7,-0.098581
local,252,-,comp_8,-1.047103
local,252,-,comp_9,-1.973663
local,252,-,comp_10,4.350916
local,252,-,comp_11,0.536427
local,253,-,comp_0,54.064619
local,253,-,comp_1,-0.017913
local,253,-,comp_2,0.598428
local,253,-,comp_3,1.665288
local,253,-,comp_4,-4.350916
local,253,-,comp_5,-0.536427
local,253,-,comp_6,-54.064619
local,253,-,comp_7,0.017913
local,253,-,comp_8,-0.598428
local,253,-,comp_9,-1.665288
local,253,-,comp_10,1.981143
local,253,-,comp_11,0.465492
local,254,-,comp_0,18.02154
local,254,-,comp_1,-0.117548
local,254,-,comp_2,0.500289
local,254,-,comp_3,1.335307
local,254,-,comp_4,-1.981143
local,254,-,comp_5,-0.465492
local,254,-,comp_6,-18.02154
local,254,-,comp_7,0.117548
local,254,-,comp_8,-0.500289
local,254,-,comp_9,-1.335307
local,254,-,comp_10,0.0
local,254,-,comp_11,-0.0
local,255,-,comp_0,177.666897
local,255,-,comp_1,0.974275
local,255,-,comp_2,8.869498
local,255,-,comp_3,12.059924
local,255,-,comp_4,-118.342301
local,255,-,comp_5,3.681908
local,255,-,comp_6,-177.666897
local,255,-,comp_7,-0.974275
local,255,-,comp_8,-8.869498
local,255,-,comp_9,-12.059924
local,255,-,comp_10,83.219087
local,255,-,comp_11,0.176221
local,256,-,comp_0,107.279738
local,256,-,comp_1,0.076141
local,256,-,comp_2,18.921709
local,256,-,comp_3,16.615845
local,256,-,comp_4,-83.219087
local,256,-,comp_5,-0.176221
local,256,-,comp_6,-107.279738
local,256,-,comp_7,-0.076141
local,256,-,comp_8,-18.921709
local,256,-,comp_9,-16.615845
local,256,-,comp_10,8.289117
local,256,-,comp_11,0.477737
local,257,-,comp_0,54.064619
local,257,-,comp_1,-0.011789
local,257,-,comp_2,1.841547
local,257,-,comp_3,1.665288
local,257,-,comp_4,-8.289117
local,257,-,comp_5,-0.477737
local,257,-,comp_6,-54.064619
local,257,-,comp_7,0.011789
local,257,-,comp_8,-1.841547
local,257,-,comp_9,-1.665288
local,257,-,comp_10,0.996593
local,257,-,comp_11,0.431054
local,258,-,comp_0,18.02154
local,258,-,comp_1,-0.108852
local,258,-,comp_2,0.251665
local,258,-,comp_3,1.335307
local,258,-,comp_4,-0.996593
local,258,-,comp_5,-0.431054
local,258,-,comp_6,-18.02154
local,258,-,comp_7,0.108852
local,258,-,comp_8,-0.251665
local,258,-,comp_9,-1.335307
local,258,-,comp_10,0.0
local,258,-,comp_11,-0.0
local,259,-,comp_0,506.477199
local,259,-,comp_1,1.0234
local,259,-,comp_2,30.365511
local,259,-,comp_3,30.950015
local,259,-,comp_4,-314.691874
local,259,-,comp_5,3.925397
local,259,-,comp_6,-506.477199
local,259,-,comp_7,-1.0234
local,259,-,comp_8,-30.365511
local,259,-,comp_9,-30.950015
local,259,-,comp_10,194.444449
local,259,-,comp_11,0.127269
local,260,-,comp_0,379.989931
local,260,-,comp_1,0.168529
local,260,-,comp_2,26.154589
local,260,-,comp_3,42.642115
local,260,-,comp_4,-194.444449
local,260,-,comp_5,-0.127269
local,260,-,comp_6,-379.989931
local,260,-,comp_7,-0.168529
local,260,-,comp_8,-26.154589
local,260,-,comp_9,-42.642115
local,260,-,comp_10,90.872278
local,260,-,comp_11,0.794642
local,261,-,comp_0,228.751113
local,261,-,comp_1,0.094444
local,261,-,comp_2,13.821118
local,261,-,comp_3,31.181603
local,261,-,comp_4,-90.872278
local,261,-,comp_5,-0.794642
local,261,-,comp_6,-228.751113
local,261,-,comp_7,-0.094444
local,261,-,comp_8,-13.821118
local,261,-,comp_9,-31.181603
local,261,-,comp_10,36.140652
local,261,-,comp_11,1.168641
local,262,-,comp_0,78.247793
local,262,-,comp_1,-0.295111
local,262,-,comp_2,9.126427
local,262,-,comp_3,25.002891
local,262,-,comp_4,-36.140652
local,262,-,comp_5,-1.168641
local,262,-,comp_6,-78.247793
local,262,-,comp_7,0.295111
local,262,-,comp_8,-9.126427
local,262,-,comp_9,-25.002891
local,262,-,comp_10,0.0
local,262,-,comp_11,-0.0
local,263,-,comp_0,458.445097
local,263,-,comp_1,0.102804
local,263,-,comp_2,30.365511
local,263,-,comp_3,30.950015
local,263,-,comp_4,-314.691874
local,263,-,comp_5,0.360062
local,263,-,comp_6,-458.445097
local,263,-,comp_7,-0.102804
local,263,-,comp_8,-30.365511
local,263,-,comp_9,-30.950015
local,263,-,comp_10,194.444449
local,263,-,comp_11,0.047044
local,264,-,comp_0,331.957829
local,264,-,comp_1,0.042079
local,264,-,comp_2,26.154589
local,264,-,comp_3,42.642115
local,264,-,comp_4,-194.444449
local,264,-,comp_5,-0.047044
local,264,-,comp_6,-331.957829
local,264,-,comp_7,-0.042079
local,264,-,comp_8,-26.154589
local,264,-,comp_9,-42.642115
local,264,-,comp_10,90.872278
local,264,-,comp_11,0.213678
local,265,-,comp_0,204.735062
local,265,-,comp_1,0.188971
local,265,-,comp_2,13.821118
local,265,-,comp_3,31.181603
local,265,-,comp_4,-90.872278
local,265,-,comp_5,-0.213678
local,265,-,comp_6,-204.735062
local,265,-,comp_7,-0.188971
local,265,-,comp_8,-13.821118
local,265,-,comp_9,-31.181603
local,265,-,comp_10,36.140652
local,265,-,comp_11,0.962003
local,266,-,comp_0,78.247793
local,266,-,comp_1,-0.24293
local,266,-,comp_2,9.126427
local,266,-,comp_3,25.002891
local,266,-,comp_4,-36.140652
local,266,-,comp_5,-0.962003
local,266,-,comp_6,-78.247793
local,266,-,comp_7,0.24293
local,266,-,comp_8,-9.126427
local,266,-,comp_9,-25.002891
local,266,-,comp_10,0.0
local,266,-,comp_11,-0.0
global,1,-,comp_0,6.147958
global,1,-,comp_1,-19.287846
global,1,-,comp_2,1186.505949
global,1,-,comp_3,52.944473
global,1,-,comp_4,17.667766
global,1,-,comp_5,2.121288
global,1,-,comp_6,-6.147958
global,1,-,comp_7,19.287846
global,1,-,comp_8,-1186.505949
global,1,-,comp_9,23.435398
global,1,-,comp_10,6.678148
global,1,-,comp_11,-2.121288
global,3,-,comp_0,6.551029
global,3,-,comp_1,-12.699695
global,3,-,comp_2,848.542028
global,3,-,comp_3,20.676712
global,3,-,comp_4,10.437367
global,3,-,comp_5,2.922655
global,3,-,comp_6,-6.551029
global,3,-,comp_7,12.699695
global,3,-,comp_8,-848.542028
global,3,-,comp_9,29.614079
global,3,-,comp_10,15.504709
global,3,-,comp_11,-2.922655
global,4,-,comp_0,7.002074
global,4,-,comp_1,-4.656636
global,4,-,comp_2,549.47432
global,4,-,comp_3,4.237052
global,4,-,comp_4,10.482443
global,4,-,comp_5,2.137161
global,4,-,comp_6,-7.002074
global,4,-,comp_7,4.656636
global,4,-,comp_8,-549.47432
global,4,-,comp_9,14.203225
global,4,-,comp_10,17.24577
global,4,-,comp_11,-2.137161
global,5,-,comp_0,8.150745
global,5,-,comp_1,-4.779444
global,5,-,comp_2,267.374465
global,5,-,comp_3,6.840143
global,5,-,comp_4,11.794316
global,5,-,comp_5,1.713677
global,5,-,comp_6,-8.150745
global,5,-,comp_7,4.779444
global,5,-,comp_8,-267.374465
global,5,-,comp_9,12.086457
global,5,-,comp_10,20.482634
global,5,-,comp_11,-1.713677
global,6,-,comp_0,15.047328
global,6,-,comp_1,-14.880904
global,6,-,comp_2,2420.650319
global,6,-,comp_3,38.556449
global,6,-,comp_4,39.585689
global,6,-,comp_5,2.121288
global,6,-,comp_6,-15.047328
global,6,-,comp_7,14.880904
global,6,-,comp_8,-2420.650319
global,6,-,comp_9,20.371932
global,6,-,comp_10,20.001729
global,6,-,comp_11,-2.121288
global,7,-,comp_0,12.624363
global,7,-,comp_1,-10.283876
global,7,-,comp_2,1804.175298
global,7,-,comp_3,17.003684
global,7,-,comp_4,23.872824
global,7,-,comp_5,2.922655
global,7,-,comp_6,-12.624363
global,7,-,comp_7,10.283876
global,7,-,comp_8,-1804.175298
global,7,-,comp_9,23.720467
global,7,-,comp_10,26.119652
global,7,-,comp_11,-2.922655
global,8,-,comp_0,7.418334
global,8,-,comp_1,-3.140851
global,8,-,comp_2,1186.757651
global,8,-,comp_3,2.705197
global,8,-,comp_4,9.863911
global,8,-,comp_5,2.137161
global,8,-,comp_6,-7.418334
global,8,-,comp_7,3.140851
global,8,-,comp_8,-1186.757651
global,8,-,comp_9,9.732572
global,8,-,comp_10,19.512694
global,8,-,comp_11,-2.137161
global,9,-,comp_0,-2.852959
global,9,-,comp_1,-2.930051
global,9,-,comp_2,567.366068
global,9,-,comp_3,3.640172
global,9,-,comp_4,-3.043554
global,9,-,comp_5,1.713677
global,9,-,comp_6,2.852959
global,9,-,comp_7,2.930051
global,9,-,comp_8,-567.366068
global,9,-,comp_9,7.96283
global,9,-,comp_10,-8.254164
global,9,-,comp_11,-1.713677
global,10,-,comp_0,8.680541
global,10,-,comp_1,-19.42454
global,10,-,comp_2,2336.534632
global,10,-,comp_3,44.554048
global,10,-,comp_4,21.010775
global,10,-,comp_5,2.121288
global,10,-,comp_6,-8.680541
global,10,-,comp_7,19.42454
global,10,-,comp_8,-2336.534632
global,10,-,comp_9,32.36713
global,10,-,comp_10,13.364167
global,10,-,comp_11,-2.121288
global,11,-,comp_0,10.729886
global,11,-,comp_1,-17.704562
global,11,-,comp_2,1727.891328
global,11,-,comp_3,32.796587
global,11,-,comp_4,19.296468
global,11,-,comp_5,2.922655
global,11,-,comp_6,-10.729886
global,11,-,comp_7,17.704562
global,11,-,comp_8,-1727.891328
global,11,-,comp_9,37.313478
global,11,-,comp_10,23.193882
global,11,-,comp_11,-2.922655
global,12,-,comp_0,12.372083
global,12,-,comp_1,-7.863517
global,12,-,comp_2,1121.347211
global,12,-,comp_3,12.736822
global,12,-,comp_4,19.743936
global,12,-,comp_5,2.137161
global,12,-,comp_6,-12.372083
global,12,-,comp_7,7.863517
global,12,-,comp_8,-1121.347211
global,12,-,comp_9,18.402704
global,12,-,comp_10,29.249511
global,12,-,comp_11,-2.137161
global,13,-,comp_0,0.758264
global,13,-,comp_1,-6.293634
global,13,-,comp_2,512.120635
global,13,-,comp_3,10.516315
global,13,-,comp_4,6.951572
global,13,-,comp_5,1.713677
global,13,-,comp_6,-0.758264
global,13,-,comp_7,6.293634
global,13,-,comp_8,-512.120635
global,13,-,comp_9,14.406476
global,13,-,comp_10,-3.948845
global,13,-,comp_11,-1.713677
global,14,-,comp_0,-1.629532
global,14,-,comp_1,-15.725003
global,14,-,comp_2,2057.458199
global,14,-,comp_3,39.670659
global,14,-,comp_4,-0.883687
global,14,-,comp_5,2.121288
global,14,-,comp_6,1.629532
global,14,-,comp_7,15.725003
global,14,-,comp_8,-2057.458199
global,14,-,comp_9,22.600353
global,14,-,comp_10,-5.569261
global,14,-,comp_11,-2.121288
global,15,-,comp_0,-2.81208
global,15,-,comp_1,-12.003525
global,15,-,comp_2,1527.445528
global,15,-,comp_3,20.38783
global,15,-,comp_4,-7.032976
global,15,-,comp_5,2.922655
global,15,-,comp_6,2.81208
global,15,-,comp_7,12.003525
global,15,-,comp_8,-1527.445528
global,15,-,comp_9,27.146128
global,15,-,comp_10,-4.10286
global,15,-,comp_11,-2.922655
global,16,-,comp_0,1.1911
global,16,-,comp_1,-5.12066
global,16,-,comp_2,1000.39388
global,16,-,comp_3,6.474271
global,16,-,comp_4,-1.368385
global,16,-,comp_5,2.137161
global,16,-,comp_6,-1.1911
global,16,-,comp_7,5.12066
global,16,-,comp_8,-1000.39388
global,16,-,comp_9,13.803544
global,16,-,comp_10,6.085142
global,16,-,comp_11,-2.137161
global,17,-,comp_0,-8.178646
global,17,-,comp_1,-4.54612
global,17,-,comp_2,477.021262
global,17,-,comp_3,7.231006
global,17,-,comp_4,-11.596611
global,17,-,comp_5,1.713677
global,17,-,comp_6,8.178646
global,17,-,comp_7,4.54612
global,17,-,comp_8,-477.021262
global,17,-,comp_9,10.771628
global,17,-,comp_10,-20.790825
global,17,-,comp_11,-1.713677
global,18,-,comp_0,25.424663
global,18,-,comp_1,-2.505855
global,18,-,comp_2,1541.657811
global,18,-,comp_3,10.793569
global,18,-,comp_4,53.283772
global,18,-,comp_5,2.121288
global,18,-,comp_6,-25.424663
global,18,-,comp_7,2.505855
global,18,-,comp_8,-1541.657811
global,18,-,comp_9,-0.870385
global,18,-,comp_10,47.397895
global,18,-,comp_11,-2.121288
global,19,-,comp_0,29.066467
global,19,-,comp_1,4.986785
global,19,-,comp_2,1159.627004
global,19,-,comp_3,-12.377968
global,19,-,comp_4,59.274484
global,19,-,comp_5,2.922655
global,19,-,comp_6,-29.066467
global,19,-,comp_7,-4.986785
global,19,-,comp_8,-1159.627004
global,19,-,comp_9,-7.369701
global,19,-,comp_10,55.828724
global,19,-,comp_11,-2.922655
global,20,-,comp_0,10.805621
global,20,-,comp_1,7.535916
global,20,-,comp_2,775.302203
global,20,-,comp_3,-18.089413
global,20,-,comp_4,22.340624
global,20,-,comp_5,2.137161
global,20,-,comp_6,-10.805621
global,20,-,comp_7,-7.535916
global,20,-,comp_8,-775.302203
global,20,-,comp_9,-11.752816
global,20,-,comp_10,20.449636
global,20,-,comp_11,-2.137161
global,21,-,comp_0,35.475618
global,21,-,comp_1,18.422815
global,21,-,comp_2,385.507451
global,21,-,comp_3,-29.656272
global,21,-,comp_4,44.015892
global,21,-,comp_5,1.713677
global,21,-,comp_6,-35.475618
global,21,-,comp_7,-18.422815
global,21,-,comp_8,-385.507451
global,21,-,comp_9,-43.298075
global,21,-,comp_10,96.467555
global,21,-,comp_11,-1.713677
global,22,-,comp_0,36.682615
global,22,-,comp_1,-7.902185
global,22,-,comp_2,2168.568453
global,22,-,comp_3,17.916724
global,22,-,comp_4,57.973513
global,22,-,comp_5,2.121288
global,22,-,comp_6,-36.682615
global,22,-,comp_7,7.902185
global,22,-,comp_8,-2168.568453
global,22,-,comp_9,13.375926
global,22,-,comp_10,87.289642
global,22,-,comp_11,-2.121288
global,23,-,comp_0,54.473825
global,23,-,comp_1,-4.259565
global,23,-,comp_2,1630.997806
global,23,-,comp_3,6.950369
global,23,-,comp_4,114.001204
global,23,-,comp_5,2.922655
global,23,-,comp_6,-54.473825
global,23,-,comp_7,4.259565
global,23,-,comp_8,-1630.997806
global,23,-,comp_9,9.917507
global,23,-,comp_10,101.715142
global,23,-,comp_11,-2.922655
global,24,-,comp_0,22.807724
global,24,-,comp_1,2.017072
global,24,-,comp_2,1115.329273
global,24,-,comp_3,-5.722512
global,24,-,comp_4,54.298243
global,24,-,comp_5,2.137161
global,24,-,comp_6,-22.807724
global,24,-,comp_7,-2.017072
global,24,-,comp_8,-1115.329273
global,24,-,comp_9,-2.265092
global,24,-,comp_10,36.020342
global,24,-,comp_11,-2.137161
global,25,-,comp_0,107.297487
global,25,-,comp_1,4.912249
global,25,-,comp_2,603.264333
global,25,-,comp_3,-9.619477
global,25,-,comp_4,140.57913
global,25,-,comp_5,1.713677
global,25,-,comp_6,-107.297487
global,25,-,comp_7,-4.912249
global,25,-,comp_8,-603.264333
global,25,-,comp_9,-9.83303
global,25,-,comp_10,284.318919
global,25,-,comp_11,-1.713677
global,26,-,comp_0,16.418893
global,26,-,comp_1,-9.881053
global,26,-,comp_2,1831.166566
global,26,-,comp_3,20.528831
global,26,-,comp_4,22.940234
global,26,-,comp_5,2.121288
global,26,-,comp_6,-16.418893
global,26,-,comp_7,9.881053
global,26,-,comp_8,-1831.166566
global,26,-,comp_9,18.600139
global,26,-,comp_10,42.078581
global,26,-,comp_11,-2.121288
global,27,-,comp_0,25.860406
global,27,-,comp_1,-9.407229
global,27,-,comp_2,1368.130497
global,27,-,comp_3,16.357393
global,27,-,comp_4,54.638627
global,27,-,comp_5,2.922655
global,27,-,comp_6,-25.860406
global,27,-,comp_7,9.407229
global,27,-,comp_8,-1368.130497
global,27,-,comp_9,20.895234
global,27,-,comp_10,47.768582
global,27,-,comp_11,-2.922655
global,28,-,comp_0,10.551599
global,28,-,comp_1,-4.213532
global,28,-,comp_2,908.264981
global,28,-,comp_3,6.684696
global,28,-,comp_4,25.011234
global,28,-,comp_5,2.137161
global,28,-,comp_6,-10.551599
global,28,-,comp_7,4.213532
global,28,-,comp_8,-908.264981
global,28,-,comp_9,10.000892
global,28,-,comp_10,16.773098
global,28,-,comp_11,-2.137161
global,29,-,comp_0,42.714705
global,29,-,comp_1,-10.43501
global,29,-,comp_2,450.331394
global,29,-,comp_3,14.680492
global,29,-,comp_4,53.914709
global,29,-,comp_5,1.713677
global,29,-,comp_6,-42.714705
global,29,-,comp_7,10.43501
global,29,-,comp_8,-450.331394
global,29,-,comp_9,26.642146
global,29,-,comp_10,115.235522
global,29,-,comp_11,-1.713677
global,30,-,comp_0,7.783614
global,30,-,comp_1,0.363603
global,30,-,comp_2,458.32956
global,30,-,comp_3,-4.42193
global,30,-,comp_4,29.997587
global,30,-,comp_5,2.121288
global,30,-,comp_6,-7.783614
global,30,-,comp_7,-0.363603
global,30,-,comp_8,-458.32956
global,30,-,comp_9,2.982061
global,30,-,comp_10,0.825526
global,30,-,comp_11,-2.121288
global,31,-,comp_0,1.177205
global,31,-,comp_1,0.3861
global,31,-,comp_2,354.223378
global,31,-,comp_3,-2.982061
global,31,-,comp_4,-0.825526
global,31,-,comp_5,2.922655
global,31,-,comp_6,-1.177205
global,31,-,comp_7,-0.3861
global,31,-,comp_8,-354.223378
global,31,-,comp_9,1.453106
global,31,-,comp_10,5.487259
global,31,-,comp_11,-2.922655
global,32,-,comp_0,-0.027896
global,32,-,comp_1,0.221683
global,32,-,comp_2,246.733906
global,32,-,comp_3,-1.453106
global,32,-,comp_4,-5.487259
global,32,-,comp_5,2.137161
global,32,-,comp_6,0.027896
global,32,-,comp_7,-0.221683
global,32,-,comp_8,-246.733906
global,32,-,comp_9,0.575241
global,32,-,comp_10,5.37679
global,32,-,comp_11,-2.137161
global,33,-,comp_0,-1.357775
global,33,-,comp_1,0.145263
global,33,-,comp_2,142.627724
global,33,-,comp_3,-0.575241
global,33,-,comp_4,-5.37679
global,33,-,comp_5,1.713677
global,33,-,comp_6,1.357775
global,33,-,comp_7,-0.145263
global,33,-,comp_8,-142.627724
global,33,-,comp_9,0.0
global,33,-,comp_10,-0.0
global,33,-,comp_11,-1.713677
global,34,-,comp_0,0.0
global,34,-,comp_1,0.0
global,34,-,comp_2,0.0
global,34,-,comp_3,0.0
global,34,-,comp_4,0.0
global,34,-,comp_5,0.0
global,34,-,comp_6,0.0
global,34,-,comp_7,0.0
global,34,-,comp_8,0.0
global,34,-,comp_9,0.0
global,34,-,comp_10,0.0
global,34,-,comp_11,0.0
global,36,-,comp_0,0.0
global,36,-,comp_1,0.0
global,36,-,comp_2,0.0
global,36,-,comp_3,0.0
global,36,-,comp_4,0.0
global,36,-,comp_5,0.0
global,36,-,comp_6,0.0
global,36,-,comp_7,0.0
global,36,-,comp_8,0.0
global,36,-,comp_9,0.0
global,36,-,comp_10,0.0
global,36,-,comp_11,0.0
global,37,-,comp_0,0.0
global,37,-,comp_1,0.0
global,37,-,comp_2,0.0
global,37,-,comp_3,0.0
global,37,-,comp_4,0.0
global,37,-,comp_5,0.0
global,37,-,comp_6,0.0
global,37,-,comp_7,0.0
global,37,-,comp_8,0.0
global,37,-,comp_9,0.0
global,37,-,comp_10,0.0
global,37,-,comp_11,0.0
global,38,-,comp_0,0.0
global,38,-,comp_1,0.0
global,38,-,comp_2,0.0
global,38,-,comp_3,0.0
global,38,-,comp_4,0.0
global,38,-,comp_5,0.0
global,38,-,comp_6,0.0
global,38,-,comp_7,0.0
global,38,-,comp_8,0.0
global,38,-,comp_9,0.0
global,38,-,comp_10,0.0
global,38,-,comp_11,0.0
global,39,-,comp_0,0.0
global,39,-,comp_1,0.0
global,39,-,comp_2,0.0
global,39,-,comp_3,0.0
global,39,-,comp_4,0.0
global,39,-,comp_5,0.0
global,39,-,comp_6,0.0
global,39,-,comp_7,0.0
global,39,-,comp_8,0.0
global,39,-,comp_9,0.0
global,39,-,comp_10,0.0
global,39,-,comp_11,0.0
global,40,-,comp_0,0.0
global,40,-,comp_1,0.0
global,40,-,comp_2,0.0
global,40,-,comp_3,0.0
global,40,-,comp_4,0.0
global,40,-,comp_5,0.0
global,40,-,comp_6,0.0
global,40,-,comp_7,0.0
global,40,-,comp_8,0.0
global,40,-,comp_9,0.0
global,40,-,comp_10,0.0
global,40,-,comp_11,0.0
global,41,-,comp_0,0.0
global,41,-,comp_1,0.0
global,41,-,comp_2,0.0
global,41,-,comp_3,0.0
global,41,-,comp_4,0.0
global,41,-,comp_5,0.0
global,41,-,comp_6,0.0
global,41,-,comp_7,0.0
global,41,-,comp_8,0.0
global,41,-,comp_9,0.0
global,41,-,comp_10,0.0
global,41,-,comp_11,0.0
global,42,-,comp_0,0.0
global,42,-,comp_1,0.0
global,42,-,comp_2,0.0
global,42,-,comp_3,0.0
global,42,-,comp_4,0.0
global,42,-,comp_5,0.0
global,42,-,comp_6,0.0
global,42,-,comp_7,0.0
global,42,-,comp_8,0.0
global,42,-,comp_9,0.0
global,42,-,comp_10,0.0
global,42,-,comp_11,0.0
global,43,-,comp_0,0.0
global,43,-,comp_1,0.0
global,43,-,comp_2,0.0
global,43,-,comp_3,0.0
global,43,-,comp_4,0.0
global,43,-,comp_5,0.0
global,43,-,comp_6,0.0
global,43,-,comp_7,0.0
global,43,-,comp_8,0.0
global,43,-,comp_9,0.0
global,43,-,comp_10,0.0
global,43,-,comp_11,0.0
global,44,-,comp_0,0.0
global,44,-,comp_1,0.0
global,44,-,comp_2,0.0
global,44,-,comp_3,0.0
global,44,-,comp_4,0.0
global,44,-,comp_5,0.0
global,44,-,comp_6,0.0
global,44,-,comp_7,0.0
global,44,-,comp_8,0.0
global,44,-,comp_9,0.0
global,44,-,comp_10,0.0
global,44,-,comp_11,0.0
global,45,-,comp_0,0.0
global,45,-,comp_1,0.0
global,45,-,comp_2,0.0
global,45,-,comp_3,0.0
global,45,-,comp_4,0.0
global,45,-,comp_5,0.0
global,45,-,comp_6,0.0
global,45,-,comp_7,0.0
global,45,-,comp_8,0.0
global,45,-,comp_9,0.0
global,45,-,comp_10,0.0
global,45,-,comp_11,0.0
global,46,-,comp_0,0.0
global,46,-,comp_1,0.0
global,46,-,comp_2,0.0
global,46,-,comp_3,0.0
global,46,-,comp_4,0.0
global,46,-,comp_5,0.0
global,46,-,comp_6,0.0
global,46,-,comp_7,0.0
global,46,-,comp_8,0.0
global,46,-,comp_9,0.0
global,46,-,comp_10,0.0
global,46,-,comp_11,0.0
global,47,-,comp_0,0.0
global,47,-,comp_1,0.0
global,47,-,comp_2,0.0
global,47,-,comp_3,0.0
global,47,-,comp_4,0.0
global,47,-,comp_5,0.0
global,47,-,comp_6,0.0
global,47,-,comp_7,0.0
global,47,-,comp_8,0.0
global,47,-,comp_9,0.0
global,47,-,comp_10,0.0
global,47,-,comp_11,0.0
global,48,-,comp_0,0.0
global,48,-,comp_1,0.0
global,48,-,comp_2,0.0
global,48,-,comp_3,0.0
global,48,-,comp_4,0.0
global,48,-,comp_5,0.0
global,48,-,comp_6,0.0
global,48,-,comp_7,0.0
global,48,-,comp_8,0.0
global,48,-,comp_9,0.0
global,48,-,comp_10,0.0
global,48,-,comp_11,0.0
global,49,-,comp_0,0.0
global,49,-,comp_1,0.0
global,49,-,comp_2,0.0
global,49,-,comp_3,0.0
global,49,-,comp_4,0.0
global,49,-,comp_5,0.0
global,49,-,comp_6,0.0
global,49,-,comp_7,0.0
global,49,-,comp_8,0.0
global,49,-,comp_9,0.0
global,49,-,comp_10,0.0
global,49,-,comp_11,0.0
global,50,-,comp_0,0.0
global,50,-,comp_1,0.0
global,50,-,comp_2,0.0
global,50,-,comp_3,0.0
global,50,-,comp_4,0.0
global,50,-,comp_5,0.0
global,50,-,comp_6,0.0
global,50,-,comp_7,0.0
global,50,-,comp_8,0.0
global,50,-,comp_9,0.0
global,50,-,comp_10,0.0
global,50,-,comp_11,0.0
global,51,-,comp_0,0.0
global,51,-,comp_1,0.0
global,51,-,comp_2,0.0
global,51,-,comp_3,0.0
global,51,-,comp_4,0.0
global,51,-,comp_5,0.0
global,51,-,comp_6,0.0
global,51,-,comp_7,0.0
global,51,-,comp_8,0.0
global,51,-,comp_9,0.0
global,51,-,comp_10,0.0
global,51,-,comp_11,0.0
global,52,-,comp_0,0.0
global,52,-,comp_1,0.0
global,52,-,comp_2,0.0
global,52,-,comp_3,0.0
global,52,-,comp_4,0.0
global,52,-,comp_5,0.0
global,52,-,comp_6,0.0
global,52,-,comp_7,0.0
global,52,-,comp_8,0.0
global,52,-,comp_9,0.0
global,52,-,comp_10,0.0
global,52,-,comp_11,0.0
global,53,-,comp_0,0.0
global,53,-,comp_1,0.0
global,53,-,comp_2,0.0
global,53,-,comp_3,0.0
global,53,-,comp_4,0.0
global,53,-,comp_5,0.0
global,53,-,comp_6,0.0
global,53,-,comp_7,0.0
global,53,-,comp_8,0.0
global,53,-,comp_9,0.0
global,53,-,comp_10,0.0
global,53,-,comp_11,0.0
global,54,-,comp_0,0.0
global,54,-,comp_1,0.0
global,54,-,comp_2,0.0
global,54,-,comp_3,0.0
global,54,-,comp_4,0.0
global,54,-,comp_5,0.0
global,54,-,comp_6,0.0
global,54,-,comp_7,0.0
global,54,-,comp_8,0.0
global,54,-,comp_9,0.0
global,54,-,comp_10,0.0
global,54,-,comp_11,0.0
global,55,-,comp_0,0.0
global,55,-,comp_1,0.0
global,55,-,comp_2,0.0
global,55,-,comp_3,0.0
global,55,-,comp_4,0.0
global,55,-,comp_5,0.0
global,55,-,comp_6,0.0
global,55,-,comp_7,0.0
global,55,-,comp_8,0.0
global,55,-,comp_9,0.0
global,55,-,comp_10,0.0
global,55,-,comp_11,0.0
global,56,-,comp_0,0.0
global,56,-,comp_1,0.0
global,56,-,comp_2,0.0
global,56,-,comp_3,0.0
global,56,-,comp_4,0.0
global,56,-,comp_5,0.0
global,56,-,comp_6,0.0
global,56,-,comp_7,0.0
global,56,-,comp_8,0.0
global,56,-,comp_9,0.0
global,56,-,comp_10,0.0
global,56,-,comp_11,0.0
global,57,-,comp_0,0.0
global,57,-,comp_1,0.0
global,57,-,comp_2,0.0
global,57,-,comp_3,0.0
global,57,-,comp_4,0.0
global,57,-,comp_5,0.0
global,57,-,comp_6,0.0
global,57,-,comp_7,0.0
global,57,-,comp_8,0.0
global,57,-,comp_9,0.0
global,57,-,comp_10,0.0
global,57,-,comp_11,0.0
global,58,-,comp_0,0.0
global,58,-,comp_1,0.0
global,58,-,comp_2,0.0
global,58,-,comp_3,0.0
global,58,-,comp_4,0.0
global,58,-,comp_5,0.0
global,58,-,comp_6,0.0
global,58,-,comp_7,0.0
global,58,-,comp_8,0.0
global,58,-,comp_9,0.0
global,58,-,comp_10,0.0
global,58,-,comp_11,0.0
global,59,-,comp_0,0.0
global,59,-,comp_1,0.0
global,59,-,comp_2,0.0
global,59,-,comp_3,0.0
global,59,-,comp_4,0.0
global,59,-,comp_5,0.0
global,59,-,comp_6,0.0
global,59,-,comp_7,0.0
global,59,-,comp_8,0.0
global,59,-,comp_9,0.0
global,59,-,comp_10,0.0
global,59,-,comp_11,0.0
global,60,-,comp_0,0.0
global,60,-,comp_1,0.0
global,60,-,comp_2,0.0
global,60,-,comp_3,0.0
global,60,-,comp_4,0.0
global,60,-,comp_5,0.0
global,60,-,comp_6,0.0
global,60,-,comp_7,0.0
global,60,-,comp_8,0.0
global,60,-,comp_9,0.0
global,60,-,comp_10,0.0
global,60,-,comp_11,0.0
global,61,-,comp_0,0.0
global,61,-,comp_1,0.0
global,61,-,comp_2,0.0
global,61,-,comp_3,0.0
global,61,-,comp_4,0.0
global,61,-,comp_5,0.0
global,61,-,comp_6,0.0
global,61,-,comp_7,0.0
global,61,-,comp_8,0.0
global,61,-,comp_9,0.0
global,61,-,comp_10,0.0
global,61,-,comp_11,0.0
global,62,-,comp_0,0.0
global,62,-,comp_1,0.0
global,62,-,comp_2,0.0
global,62,-,comp_3,0.0
global,62,-,comp_4,0.0
global,62,-,comp_5,0.0
global,62,-,comp_6,0.0
global,62,-,comp_7,0.0
global,62,-,comp_8,0.0
global,62,-,comp_9,0.0
global,62,-,comp_10,0.0
global,62,-,comp_11,0.0
global,63,-,comp_0,0.0
global,63,-,comp_1,0.0
global,63,-,comp_2,0.0
global,63,-,comp_3,0.0
global,63,-,comp_4,0.0
global,63,-,comp_5,0.0
global,63,-,comp_6,0.0
global,63,-,comp_7,0.0
global,63,-,comp_8,0.0
global,63,-,comp_9,0.0
global,63,-,comp_10,0.0
global,63,-,comp_11,0.0
global,64,-,comp_0,0.0
global,64,-,comp_1,0.0
global,64,-,comp_2,0.0
global,64,-,comp_3,0.0
global,64,-,comp_4,0.0
global,64,-,comp_5,0.0
global,64,-,comp_6,0.0
global,64,-,comp_7,0.0
global,64,-,comp_8,0.0
global,64,-,comp_9,0.0
global,64,-,comp_10,0.0
global,64,-,comp_11,0.0
global,65,-,comp_0,0.0
global,65,-,comp_1,0.0
global,65,-,comp_2,0.0
global,65,-,comp_3,0.0
global,65,-,comp_4,0.0
global,65,-,comp_5,0.0
global,65,-,comp_6,0.0
global,65,-,comp_7,0.0
global,65,-,comp_8,0.0
global,65,-,comp_9,0.0
global,65,-,comp_10,0.0
global,65,-,comp_11,0.0
global,66,-,comp_0,0.0
global,66,-,comp_1,0.0
global,66,-,comp_2,0.0
global,66,-,comp_3,0.0
global,66,-,comp_4,0.0
global,66,-,comp_5,0.0
global,66,-,comp_6,0.0
global,66,-,comp_7,0.0
global,66,-,comp_8,0.0
global,66,-,comp_9,0.0
global,66,-,comp_10,0.0
global,66,-,comp_11,0.0
global,67,-,comp_0,0.0
global,67,-,comp_1,0.0
global,67,-,comp_2,0.0
global,67,-,comp_3,0.0
global,67,-,comp_4,0.0
global,67,-,comp_5,0.0
global,67,-,comp_6,0.0
global,67,-,comp_7,0.0
global,67,-,comp_8,0.0
global,67,-,comp_9,0.0
global,67,-,comp_10,0.0
global,67,-,comp_11,0.0
global,68,-,comp_0,0.0
global,68,-,comp_1,0.0
global,68,-,comp_2,0.0
global,68,-,comp_3,0.0
global,68,-,comp_4,0.0
global,68,-,comp_5,0.0
global,68,-,comp_6,0.0
global,68,-,comp_7,0.0
global,68,-,comp_8,0.0
global,68,-,comp_9,0.0
global,68,-,comp_10,0.0
global,68,-,comp_11,0.0
global,69,-,comp_0,0.0
global,69,-,comp_1,0.0
global,69,-,comp_2,0.0
global,69,-,comp_3,0.0
global,69,-,comp_4,0.0
global,69,-,comp_5,0.0
global,69,-,comp_6,0.0
global,69,-,comp_7,0.0
global,69,-,comp_8,0.0
global,69,-,comp_9,0.0
global,69,-,comp_10,0.0
global,69,-,comp_11,0.0
global,70,-,comp_0,-0.0
global,70,-,comp_1,0.0
global,70,-,comp_2,-6.12438
global,70,-,comp_3,-28.960679
global,70,-,comp_4,-1.106091
global,70,-,comp_5,0.0
global,70,-,comp_6,0.0
global,70,-,comp_7,0.0
global,70,-,comp_8,6.12438
global,70,-,comp_9,-25.546301
global,70,-,comp_10,1.106091
global,70,-,comp_11,0.0
global,71,-,comp_0,0.0
global,71,-,comp_1,0.0
global,71,-,comp_2,-10.278777
global,71,-,comp_3,-35.55418
global,71,-,comp_4,-0.336805
global,71,-,comp_5,0.0
global,71,-,comp_6,0.0
global,71,-,comp_7,0.0
global,71,-,comp_8,10.278777
global,71,-,comp_9,-38.966954
global,71,-,comp_10,0.336805
global,71,-,comp_11,0.0
global,72,-,comp_0,-0.0
global,72,-,comp_1,0.0
global,72,-,comp_2,-0.625235
global,72,-,comp_3,-3.927824
global,72,-,comp_4,0.270037
global,72,-,comp_5,0.0
global,72,-,comp_6,0.0
global,72,-,comp_7,0.0
global,72,-,comp_8,0.625235
global,72,-,comp_9,-1.63677
global,72,-,comp_10,-0.270037
global,72,-,comp_11,0.0
global,73,-,comp_0,0.0
global,73,-,comp_1,0.0
global,73,-,comp_2,-0.589721
global,73,-,comp_3,-1.45453
global,73,-,comp_4,-0.110187
global,73,-,comp_5,0.0
global,73,-,comp_6,0.0
global,73,-,comp_7,0.0
global,73,-,comp_8,0.589721
global,73,-,comp_9,-2.820949
global,73,-,comp_10,0.110187
global,73,-,comp_11,0.0
global,74,-,comp_0,-0.0
global,74,-,comp_1,0.0
global,74,-,comp_2,-0.901843
global,74,-,comp_3,-6.040776
global,74,-,comp_4,-3.261748
global,74,-,comp_5,0.0
global,74,-,comp_6,0.0
global,74,-,comp_7,0.0
global,74,-,comp_8,0.901843
global,74,-,comp_9,-1.985628
global,74,-,comp_10,3.261748
global,74,-,comp_11,0.0
global,75,-,comp_0,0.0
global,75,-,comp_1,0.0
global,75,-,comp_2,-4.068985
global,75,-,comp_3,-15.662809
global,75,-,comp_4,1.157679
global,75,-,comp_5,0.0
global,75,-,comp_6,0.0
global,75,-,comp_7,0.0
global,75,-,comp_8,4.068985
global,75,-,comp_9,-13.837329
global,75,-,comp_10,-1.157679
global,75,-,comp_11,0.0
global,76,-,comp_0,-0.0
global,76,-,comp_1,0.0
global,76,-,comp_2,13.828428
global,76,-,comp_3,20.715318
global,76,-,comp_4,-28.44375
global,76,-,comp_5,0.0
global,76,-,comp_6,0.0
global,76,-,comp_7,0.0
global,76,-,comp_8,-13.828428
global,76,-,comp_9,102.357687
global,76,-,comp_10,28.44375
global,76,-,comp_11,0.0
global,77,-,comp_0,0.0
global,77,-,comp_1,0.0
global,77,-,comp_2,-17.252252
global,77,-,comp_3,-104.120437
global,77,-,comp_4,29.836494
global,77,-,comp_5,0.0
global,77,-,comp_6,0.0
global,77,-,comp_7,0.0
global,77,-,comp_8,17.252252
global,77,-,comp_9,-20.958391
global,77,-,comp_10,-29.836494
global,77,-,comp_11,0.0
global,78,-,comp_0,0.0
global,78,-,comp_1,0.0
global,78,-,comp_2,1.417065
global,78,-,comp_3,-2.501635
global,78,-,comp_4,-11.202047
global,78,-,comp_5,0.0
global,78,-,comp_6,0.0
global,78,-,comp_7,0.0
global,78,-,comp_8,-1.417065
global,78,-,comp_9,2.501635
global,78,-,comp_10,4.116722
global,78,-,comp_11,0.0
global,79,-,comp_0,0.0
global,79,-,comp_1,0.0
global,79,-,comp_2,2.0423
global,79,-,comp_3,1.42619
global,79,-,comp_4,-4.386759
global,79,-,comp_5,0.0
global,79,-,comp_6,0.0
global,79,-,comp_7,0.0
global,79,-,comp_8,-2.0423
global,79,-,comp_9,-1.42619
global,79,-,comp_10,-5.824743
global,79,-,comp_11,0.0
global,80,-,comp_0,0.0
global,80,-,comp_1,0.0
global,80,-,comp_2,13.828428
global,80,-,comp_3,20.715318
global,80,-,comp_4,-97.585888
global,80,-,comp_5,0.0
global,80,-,comp_6,0.0
global,80,-,comp_7,0.0
global,80,-,comp_8,-13.828428
global,80,-,comp_9,-20.715318
global,80,-,comp_10,28.44375
global,80,-,comp_11,0.0
global,81,-,comp_0,0.0
global,81,-,comp_1,0.0
global,81,-,comp_2,-3.750064
global,81,-,comp_3,-2.176192
global,81,-,comp_4,9.240666
global,81,-,comp_5,0.0
global,81,-,comp_6,0.0
global,81,-,comp_7,0.0
global,81,-,comp_8,3.750064
global,81,-,comp_9,2.176192
global,81,-,comp_10,9.509654
global,81,-,comp_11,0.0
global,82,-,comp_0,0.0
global,82,-,comp_1,0.0
global,82,-,comp_2,-3.785578
global,82,-,comp_3,0.915108
global,82,-,comp_4,-9.12943
global,82,-,comp_5,0.0
global,82,-,comp_6,0.0
global,82,-,comp_7,0.0
global,82,-,comp_8,3.785578
global,82,-,comp_9,-0.915108
global,82,-,comp_10,28.057321
global,82,-,comp_11,0.0
global,83,-,comp_0,0.0
global,83,-,comp_1,0.0
global,83,-,comp_2,13.221423
global,83,-,comp_3,-1.76275
global,83,-,comp_4,-233.767594
global,83,-,comp_5,0.0
global,83,-,comp_6,0.0
global,83,-,comp_7,0.0
global,83,-,comp_8,-13.221423
global,83,-,comp_9,1.76275
global,83,-,comp_10,167.660479
global,83,-,comp_11,0.0
global,84,-,comp_0,0.0
global,84,-,comp_1,0.0
global,84,-,comp_2,-2.447252
global,84,-,comp_3,-2.659137
global,84,-,comp_4,6.993084
global,84,-,comp_5,0.0
global,84,-,comp_6,0.0
global,84,-,comp_7,0.0
global,84,-,comp_8,2.447252
global,84,-,comp_9,2.659137
global,84,-,comp_10,5.243175
global,84,-,comp_11,0.0
global,85,-,comp_0,0.0
global,85,-,comp_1,0.0
global,85,-,comp_2,-3.036973
global,85,-,comp_3,0.161811
global,85,-,comp_4,-5.353362
global,85,-,comp_5,0.0
global,85,-,comp_6,0.0
global,85,-,comp_7,0.0
global,85,-,comp_8,3.036973
global,85,-,comp_9,-0.161811
global,85,-,comp_10,20.538226
global,85,-,comp_11,0.0
global,86,-,comp_0,0.0
global,86,-,comp_1,0.0
global,86,-,comp_2,17.252252
global,86,-,comp_3,-20.958391
global,86,-,comp_4,-116.097755
global,86,-,comp_5,0.0
global,86,-,comp_6,0.0
global,86,-,comp_7,0.0
global,86,-,comp_8,-17.252252
global,86,-,comp_9,20.958391
global,86,-,comp_10,29.836494
global,86,-,comp_11,0.0
global,87,-,comp_0,-0.0
global,87,-,comp_1,0.0
global,87,-,comp_2,-3.657799
global,87,-,comp_3,-2.353423
global,87,-,comp_4,2.748073
global,87,-,comp_5,0.0
global,87,-,comp_6,0.0
global,87,-,comp_7,0.0
global,87,-,comp_8,3.657799
global,87,-,comp_9,-30.200991
global,87,-,comp_10,-2.748073
global,87,-,comp_11,0.0
global,88,-,comp_0,0.0
global,88,-,comp_1,0.0
global,88,-,comp_2,-1.271999
global,88,-,comp_3,-9.955783
global,88,-,comp_4,0.179211
global,88,-,comp_5,0.0
global,88,-,comp_6,0.0
global,88,-,comp_7,0.0
global,88,-,comp_8,1.271999
global,88,-,comp_9,0.733791
global,88,-,comp_10,-0.179211
global,88,-,comp_11,0.0
global,89,-,comp_0,-0.0
global,89,-,comp_1,0.0
global,89,-,comp_2,-1.587462
global,89,-,comp_3,-3.559878
global,89,-,comp_4,-0.928012
global,89,-,comp_5,0.0
global,89,-,comp_6,0.0
global,89,-,comp_7,0.0
global,89,-,comp_8,1.587462
global,89,-,comp_9,-10.568531
global,89,-,comp_10,0.928012
global,89,-,comp_11,0.0
global,90,-,comp_0,0.0
global,90,-,comp_1,0.0
global,90,-,comp_2,0.122658
global,90,-,comp_3,2.985156
global,90,-,comp_4,3.628465
global,90,-,comp_5,0.0
global,90,-,comp_6,0.0
global,90,-,comp_7,0.0
global,90,-,comp_8,-0.122658
global,90,-,comp_9,-2.095882
global,90,-,comp_10,-3.628465
global,90,-,comp_11,0.0
global,91,-,comp_0,0.0
global,91,-,comp_1,0.0
global,91,-,comp_2,3.657799
global,91,-,comp_3,2.353423
global,91,-,comp_4,-2.748073
global,91,-,comp_5,0.0
global,91,-,comp_6,0.0
global,91,-,comp_7,0.0
global,91,-,comp_8,-3.657799
global,91,-,comp_9,-2.353423
global,91,-,comp_10,-10.968674
global,91,-,comp_11,0.0
global,92,-,comp_0,0.0
global,92,-,comp_1,0.0
global,92,-,comp_2,5.245261
global,92,-,comp_3,5.913302
global,92,-,comp_4,11.896686
global,92,-,comp_5,0.0
global,92,-,comp_6,0.0
global,92,-,comp_7,0.0
global,92,-,comp_8,-5.245261
global,92,-,comp_9,-5.913302
global,92,-,comp_10,-31.566415
global,92,-,comp_11,0.0
global,93,-,comp_0,0.0
global,93,-,comp_1,0.0
global,93,-,comp_2,13.570064
global,93,-,comp_3,-5.696331
global,93,-,comp_4,-48.135462
global,93,-,comp_5,0.0
global,93,-,comp_6,0.0
global,93,-,comp_7,0.0
global,93,-,comp_8,-13.570064
global,93,-,comp_9,5.696331
global,93,-,comp_10,-2.752277
global,93,-,comp_11,0.0
global,94,-,comp_0,0.0
global,94,-,comp_1,0.0
global,94,-,comp_2,11.859944
global,94,-,comp_3,1.887044
global,94,-,comp_4,-1.8042
global,94,-,comp_5,0.0
global,94,-,comp_6,0.0
global,94,-,comp_7,0.0
global,94,-,comp_8,-11.859944
global,94,-,comp_9,-1.887044
global,94,-,comp_10,-42.670588
global,94,-,comp_11,0.0
global,95,-,comp_0,0.0
global,95,-,comp_1,0.0
global,95,-,comp_2,-1.271999
global,95,-,comp_3,-0.733791
global,95,-,comp_4,0.179211
global,95,-,comp_5,0.0
global,95,-,comp_6,0.0
global,95,-,comp_7,0.0
global,95,-,comp_8,1.271999
global,95,-,comp_9,0.733791
global,95,-,comp_10,4.590785
global,95,-,comp_11,0.0
global,96,-,comp_0,0.0
global,96,-,comp_1,0.0
global,96,-,comp_2,-1.149341
global,96,-,comp_3,1.362091
global,96,-,comp_4,-0.962321
global,96,-,comp_5,0.0
global,96,-,comp_6,0.0
global,96,-,comp_7,0.0
global,96,-,comp_8,1.149341
global,96,-,comp_9,-1.362091
global,96,-,comp_10,5.272348
global,96,-,comp_11,0.0
global,97,-,comp_0,0.0
global,97,-,comp_1,0.0
global,97,-,comp_2,-5.333753
global,97,-,comp_3,-33.342304
global,97,-,comp_4,-0.87899
global,97,-,comp_5,0.0
global,97,-,comp_6,0.0
global,97,-,comp_7,0.0
global,97,-,comp_8,5.333753
global,97,-,comp_9,-33.329611
global,97,-,comp_10,0.87899
global,97,-,comp_11,0.0
global,98,-,comp_0,0.0
global,98,-,comp_1,0.0
global,98,-,comp_2,0.0
global,98,-,comp_3,0.0
global,98,-,comp_4,-0.0
global,98,-,comp_5,0.0
global,98,-,comp_6,0.0
global,98,-,comp_7,0.0
global,98,-,comp_8,-0.0
global,98,-,comp_9,0.0
global,98,-,comp_10,-0.0
global,98,-,comp_11,0.0
global,99,-,comp_0,179.106386
global,99,-,comp_1,-1.740995
global,99,-,comp_2,-11.862905
global,99,-,comp_3,-8.196985
global,99,-,comp_4,70.15176
global,99,-,comp_5,-2.91931
global,99,-,comp_6,-179.106386
global,99,-,comp_7,1.740995
global,99,-,comp_8,11.862905
global,99,-,comp_9,8.196985
global,99,-,comp_10,-33.969899
global,99,-,comp_11,-2.390725
global,100,-,comp_0,-0.0
global,100,-,comp_1,-3.834924
global,100,-,comp_2,13.211586
global,100,-,comp_3,-0.0
global,100,-,comp_4,-20.147669
global,100,-,comp_5,-5.84826
global,100,-,comp_6,0.0
global,100,-,comp_7,3.834924
global,100,-,comp_8,-13.211586
global,100,-,comp_9,0.0
global,100,-,comp_10,-20.147669
global,100,-,comp_11,-5.84826
global,101,-,comp_0,-0.45004
global,101,-,comp_1,-0.812109
global,101,-,comp_2,33.929407
global,101,-,comp_3,22.457493
global,101,-,comp_4,-155.864005
global,101,-,comp_5,0.875876
global,101,-,comp_6,0.45004
global,101,-,comp_7,0.812109
global,101,-,comp_8,-33.929407
global,101,-,comp_9,-22.457493
global,101,-,comp_10,52.379312
global,101,-,comp_11,-3.352809
global,102,-,comp_0,0.0
global,102,-,comp_1,0.0
global,102,-,comp_2,-0.0
global,102,-,comp_3,0.0
global,102,-,comp_4,0.0
global,102,-,comp_5,0.0
global,102,-,comp_6,0.0
global,102,-,comp_7,-0.0
global,102,-,comp_8,0.0
global,102,-,comp_9,-0.0
global,102,-,comp_10,-0.0
global,102,-,comp_11,0.0
global,103,-,comp_0,0.0
global,103,-,comp_1,-0.0
global,103,-,comp_2,44.302103
global,103,-,comp_3,0.0
global,103,-,comp_4,-225.940724
global,103,-,comp_5,-0.0
global,103,-,comp_6,0.0
global,103,-,comp_7,0.0
global,103,-,comp_8,-44.302103
global,103,-,comp_9,-0.0
global,103,-,comp_10,0.0
global,103,-,comp_11,-0.0
global,104,-,comp_0,0.0
global,104,-,comp_1,-0.0
global,104,-,comp_2,0.0
global,104,-,comp_3,-0.0
global,104,-,comp_4,-0.0
global,104,-,comp_5,-0.0
global,104,-,comp_6,0.0
global,104,-,comp_7,0.0
global,104,-,comp_8,-0.0
global,104,-,comp_9,0.0
global,104,-,comp_10,0.0
global,104,-,comp_11,-0.0
global,105,-,comp_0,0.0
global,105,-,comp_1,0.0
global,105,-,comp_2,-4.237333
global,105,-,comp_3,-19.937131
global,105,-,comp_4,-1.259031
global,105,-,comp_5,0.0
global,105,-,comp_6,0.0
global,105,-,comp_7,0.0
global,105,-,comp_8,4.237333
global,105,-,comp_9,-17.775132
global,105,-,comp_10,1.259031
global,105,-,comp_11,0.0
global,106,-,comp_0,0.0
global,106,-,comp_1,0.0
global,106,-,comp_2,-8.324089
global,106,-,comp_3,-29.251643
global,106,-,comp_4,-0.226779
global,106,-,comp_5,-0.0
global,106,-,comp_6,-0.0
global,106,-,comp_7,0.0
global,106,-,comp_8,8.324089
global,106,-,comp_9,-31.098001
global,106,-,comp_10,0.226779
global,106,-,comp_11,-0.0
global,107,-,comp_0,0.0
global,107,-,comp_1,0.0
global,107,-,comp_2,0.127767
global,107,-,comp_3,-1.288272
global,107,-,comp_4,-0.479688
global,107,-,comp_5,0.0
global,107,-,comp_6,0.0
global,107,-,comp_7,0.0
global,107,-,comp_8,-0.127767
global,107,-,comp_9,2.4254
global,107,-,comp_10,0.479688
global,107,-,comp_11,0.0
global,108,-,comp_0,0.0
global,108,-,comp_1,0.0
global,108,-,comp_2,-0.96297
global,108,-,comp_3,-4.400929
global,108,-,comp_4,0.07203
global,108,-,comp_5,-0.0
global,108,-,comp_6,-0.0
global,108,-,comp_7,0.0
global,108,-,comp_8,0.96297
global,108,-,comp_9,-2.580602
global,108,-,comp_10,-0.07203
global,108,-,comp_11,-0.0
global,109,-,comp_0,0.0
global,109,-,comp_1,0.0
global,109,-,comp_2,2.288622
global,109,-,comp_3,8.737793
global,109,-,comp_4,-2.442623
global,109,-,comp_5,0.0
global,109,-,comp_6,0.0
global,109,-,comp_7,0.0
global,109,-,comp_8,-2.288622
global,109,-,comp_9,11.630944
global,109,-,comp_10,2.442623
global,109,-,comp_11,0.0
global,110,-,comp_0,0.0
global,110,-,comp_1,0.0
global,110,-,comp_2,-3.611237
global,110,-,comp_3,-14.55232
global,110,-,comp_4,0.54163
global,110,-,comp_5,-0.0
global,110,-,comp_6,-0.0
global,110,-,comp_7,0.0
global,110,-,comp_8,3.611237
global,110,-,comp_9,-11.629148
global,110,-,comp_10,-0.54163
global,110,-,comp_11,-0.0
global,111,-,comp_0,0.0
global,111,-,comp_1,0.0
global,111,-,comp_2,11.025029
global,111,-,comp_3,16.968628
global,111,-,comp_4,-21.553227
global,111,-,comp_5,0.0
global,111,-,comp_6,0.0
global,111,-,comp_7,0.0
global,111,-,comp_8,-11.025029
global,111,-,comp_9,81.154134
global,111,-,comp_10,21.553227
global,111,-,comp_11,0.0
global,112,-,comp_0,0.0
global,112,-,comp_1,0.0
global,112,-,comp_2,-13.471554
global,112,-,comp_3,-81.94273
global,112,-,comp_4,22.43132
global,112,-,comp_5,-0.0
global,112,-,comp_6,-0.0
global,112,-,comp_7,0.0
global,112,-,comp_8,13.471554
global,112,-,comp_9,-15.726033
global,112,-,comp_10,-22.43132
global,112,-,comp_11,-0.0
global,113,-,comp_0,0.0
global,113,-,comp_1,-0.0
global,113,-,comp_2,0.26314
global,113,-,comp_3,-1.040965
global,113,-,comp_4,-3.423903
global,113,-,comp_5,-0.0
global,113,-,comp_6,0.0
global,113,-,comp_7,0.0
global,113,-,comp_8,-0.26314
global,113,-,comp_9,1.040965
global,113,-,comp_10,2.108203
global,113,-,comp_11,-0.0
global,114,-,comp_0,0.0
global,114,-,comp_1,0.0
global,114,-,comp_2,0.135373
global,114,-,comp_3,0.247308
global,114,-,comp_4,-1.628514
global,114,-,comp_5,0.0
global,114,-,comp_6,0.0
global,114,-,comp_7,0.0
global,114,-,comp_8,-0.135373
global,114,-,comp_9,-0.247308
global,114,-,comp_10,0.95165
global,114,-,comp_11,0.0
global,115,-,comp_0,0.0
global,115,-,comp_1,0.0
global,115,-,comp_2,11.025029
global,115,-,comp_3,16.968628
global,115,-,comp_4,-76.678374
global,115,-,comp_5,0.0
global,115,-,comp_6,0.0
global,115,-,comp_7,-0.0
global,115,-,comp_8,-11.025029
global,115,-,comp_9,-16.968628
global,115,-,comp_10,21.553227
global,115,-,comp_11,0.0
global,116,-,comp_0,0.0
global,116,-,comp_1,-0.0
global,116,-,comp_2,-3.138873
global,116,-,comp_3,-1.490505
global,116,-,comp_4,9.342703
global,116,-,comp_5,-0.0
global,116,-,comp_6,0.0
global,116,-,comp_7,0.0
global,116,-,comp_8,3.138873
global,116,-,comp_9,1.490505
global,116,-,comp_10,6.351665
global,116,-,comp_11,-0.0
global,117,-,comp_0,0.0
global,117,-,comp_1,0.0
global,117,-,comp_2,-2.048136
global,117,-,comp_3,0.485024
global,117,-,comp_4,-6.903383
global,117,-,comp_5,0.0
global,117,-,comp_6,0.0
global,117,-,comp_7,0.0
global,117,-,comp_8,2.048136
global,117,-,comp_9,-0.485024
global,117,-,comp_10,17.144065
global,117,-,comp_11,0.0
global,118,-,comp_0,0.0
global,118,-,comp_1,0.0
global,118,-,comp_2,9.010426
global,118,-,comp_3,-0.788596
global,118,-,comp_4,-176.141705
global,118,-,comp_5,0.0
global,118,-,comp_6,0.0
global,118,-,comp_7,-0.0
global,118,-,comp_8,-9.010426
global,118,-,comp_9,0.788596
global,118,-,comp_10,131.089575
global,118,-,comp_11,0.0
global,119,-,comp_0,0.0
global,119,-,comp_1,-0.0
global,119,-,comp_2,-2.084616
global,119,-,comp_3,-2.355853
global,119,-,comp_4,8.038075
global,119,-,comp_5,-0.0
global,119,-,comp_6,0.0
global,119,-,comp_7,0.0
global,119,-,comp_8,2.084616
global,119,-,comp_9,2.355853
global,119,-,comp_10,2.385004
global,119,-,comp_11,-0.0
global,120,-,comp_0,0.0
global,120,-,comp_1,0.0
global,120,-,comp_2,-3.047586
global,120,-,comp_3,0.224749
global,120,-,comp_4,-2.312974
global,120,-,comp_5,0.0
global,120,-,comp_6,0.0
global,120,-,comp_7,0.0
global,120,-,comp_8,3.047586
global,120,-,comp_9,-0.224749
global,120,-,comp_10,17.550903
global,120,-,comp_11,0.0
global,121,-,comp_0,0.0
global,121,-,comp_1,0.0
global,121,-,comp_2,13.471554
global,121,-,comp_3,-15.726033
global,121,-,comp_4,-89.789088
global,121,-,comp_5,0.0
global,121,-,comp_6,0.0
global,121,-,comp_7,-0.0
global,121,-,comp_8,-13.471554
global,121,-,comp_9,15.726033
global,121,-,comp_10,22.43132
global,121,-,comp_11,0.0
global,122,-,comp_0,0.0
global,122,-,comp_1,0.0
global,122,-,comp_2,-3.494514
global,122,-,comp_3,-2.574963
global,122,-,comp_4,2.496646
global,122,-,comp_5,0.0
global,122,-,comp_6,0.0
global,122,-,comp_7,0.0
global,122,-,comp_8,3.494514
global,122,-,comp_9,-28.526212
global,122,-,comp_10,-2.496646
global,122,-,comp_11,0.0
global,123,-,comp_0,0.0
global,123,-,comp_1,0.0
global,123,-,comp_2,-0.289824
global,123,-,comp_3,-3.182365
global,123,-,comp_4,-0.670584
global,123,-,comp_5,-0.0
global,123,-,comp_6,-0.0
global,123,-,comp_7,0.0
global,123,-,comp_8,0.289824
global,123,-,comp_9,1.081142
global,123,-,comp_10,0.670584
global,123,-,comp_11,-0.0
global,124,-,comp_0,0.0
global,124,-,comp_1,0.0
global,124,-,comp_2,-1.541242
global,124,-,comp_3,-2.872606
global,124,-,comp_4,-1.80876
global,124,-,comp_5,0.0
global,124,-,comp_6,0.0
global,124,-,comp_7,0.0
global,124,-,comp_8,1.541242
global,124,-,comp_9,-10.844452
global,124,-,comp_10,1.80876
global,124,-,comp_11,0.0
global,125,-,comp_0,0.0
global,125,-,comp_1,0.0
global,125,-,comp_2,0.509454
global,125,-,comp_3,4.941226
global,125,-,comp_4,3.727422
global,125,-,comp_5,-0.0
global,125,-,comp_6,-0.0
global,125,-,comp_7,0.0
global,125,-,comp_8,-0.509454
global,125,-,comp_9,-1.247688
global,125,-,comp_10,-3.727422
global,125,-,comp_11,-0.0
global,126,-,comp_0,0.0
global,126,-,comp_1,0.0
global,126,-,comp_2,3.494514
global,126,-,comp_3,2.574963
global,126,-,comp_4,-2.496646
global,126,-,comp_5,0.0
global,126,-,comp_6,0.0
global,126,-,comp_7,-0.0
global,126,-,comp_8,-3.494514
global,126,-,comp_9,-2.574963
global,126,-,comp_10,-10.607781
global,126,-,comp_11,0.0
global,127,-,comp_0,0.0
global,127,-,comp_1,0.0
global,127,-,comp_2,5.035756
global,127,-,comp_3,5.447568
global,127,-,comp_4,12.416542
global,127,-,comp_5,0.0
global,127,-,comp_6,0.0
global,127,-,comp_7,-0.0
global,127,-,comp_8,-5.035756
global,127,-,comp_9,-5.447568
global,127,-,comp_10,-31.300628
global,127,-,comp_11,0.0
global,128,-,comp_0,0.0
global,128,-,comp_1,0.0
global,128,-,comp_2,16.688658
global,128,-,comp_3,-4.370206
global,128,-,comp_4,-58.625872
global,128,-,comp_5,0.0
global,128,-,comp_6,0.0
global,128,-,comp_7,-0.0
global,128,-,comp_8,-16.688658
global,128,-,comp_9,4.370206
global,128,-,comp_10,-3.956597
global,128,-,comp_11,0.0
global,129,-,comp_0,0.0
global,129,-,comp_1,0.0
global,129,-,comp_2,14.637962
global,129,-,comp_3,1.533019
global,129,-,comp_4,-1.579586
global,129,-,comp_5,0.0
global,129,-,comp_6,0.0
global,129,-,comp_7,-0.0
global,129,-,comp_8,-14.637962
global,129,-,comp_9,-1.533019
global,129,-,comp_10,-53.312773
global,129,-,comp_11,0.0
global,130,-,comp_0,0.0
global,130,-,comp_1,0.0
global,130,-,comp_2,-0.289824
global,130,-,comp_3,-1.081142
global,130,-,comp_4,-0.670584
global,130,-,comp_5,0.0
global,130,-,comp_6,0.0
global,130,-,comp_7,-0.0
global,130,-,comp_8,0.289824
global,130,-,comp_9,1.081142
global,130,-,comp_10,1.757423
global,130,-,comp_11,0.0
global,131,-,comp_0,0.0
global,131,-,comp_1,0.0
global,131,-,comp_2,0.21963
global,131,-,comp_3,0.166546
global,131,-,comp_4,1.969999
global,131,-,comp_5,0.0
global,131,-,comp_6,0.0
global,131,-,comp_7,-0.0
global,131,-,comp_8,-0.21963
global,131,-,comp_9,-0.166546
global,131,-,comp_10,-2.79361
global,131,-,comp_11,0.0
global,132,-,comp_0,-0.0
global,132,-,comp_1,0.0
global,132,-,comp_2,-3.204243
global,132,-,comp_3,-20.034297
global,132,-,comp_4,-0.791789
global,132,-,comp_5,0.0
global,132,-,comp_6,0.0
global,132,-,comp_7,0.0
global,132,-,comp_8,3.204243
global,132,-,comp_9,-20.018736
global,132,-,comp_10,0.791789
global,132,-,comp_11,0.0
global,133,-,comp_0,0.0
global,133,-,comp_1,0.0
global,133,-,comp_2,0.0
global,133,-,comp_3,0.0
global,133,-,comp_4,-0.0
global,133,-,comp_5,0.0
global,133,-,comp_6,0.0
global,133,-,comp_7,0.0
global,133,-,comp_8,-0.0
global,133,-,comp_9,0.0
global,133,-,comp_10,-0.0
global,133,-,comp_11,0.0
global,134,-,comp_0,224.253608
global,134,-,comp_1,-2.227653
global,134,-,comp_2,-16.393572
global,134,-,comp_3,-19.341481
global,134,-,comp_4,141.478415
global,134,-,comp_5,-4.025599
global,134,-,comp_6,-224.253608
global,134,-,comp_7,2.227653
global,134,-,comp_8,16.393572
global,134,-,comp_9,19.341481
global,134,-,comp_10,-91.478021
global,134,-,comp_11,-2.768742
global,135,-,comp_0,0.51459
global,135,-,comp_1,-0.515004
global,135,-,comp_2,34.008192
global,135,-,comp_3,52.990359
global,135,-,comp_4,-284.818929
global,135,-,comp_5,4.242047
global,135,-,comp_6,-0.51459
global,135,-,comp_7,0.515004
global,135,-,comp_8,-34.008192
global,135,-,comp_9,-52.990359
global,135,-,comp_10,181.093945
global,135,-,comp_11,-5.812808
global,136,-,comp_0,0.0
global,136,-,comp_1,-0.0
global,136,-,comp_2,0.0
global,136,-,comp_3,0.0
global,136,-,comp_4,-0.0
global,136,-,comp_5,-0.0
global,136,-,comp_6,0.0
global,136,-,comp_7,0.0
global,136,-,comp_8,-0.0
global,136,-,comp_9,-0.0
global,136,-,comp_10,-0.0
global,136,-,comp_11,-0.0
global,137,-,comp_0,0.0
global,137,-,comp_1,-0.0
global,137,-,comp_2,33.507009
global,137,-,comp_3,-0.0
global,137,-,comp_4,-175.074122
global,137,-,comp_5,-0.0
global,137,-,comp_6,0.0
global,137,-,comp_7,0.0
global,137,-,comp_8,-33.507009
global,137,-,comp_9,0.0
global,137,-,comp_10,-0.0
global,137,-,comp_11,-0.0
global,138,-,comp_0,0.0
global,138,-,comp_1,-0.0
global,138,-,comp_2,0.0
global,138,-,comp_3,-0.0
global,138,-,comp_4,-0.0
global,138,-,comp_5,-0.0
global,138,-,comp_6,0.0
global,138,-,comp_7,0.0
global,138,-,comp_8,-0.0
global,138,-,comp_9,0.0
global,138,-,comp_10,0.0
global,138,-,comp_11,-0.0
global,139,-,comp_0,0.0
global,139,-,comp_1,-7.298823
global,139,-,comp_2,-32.003078
global,139,-,comp_3,0.0
global,139,-,comp_4,48.804693
global,139,-,comp_5,-11.130706
global,139,-,comp_6,-0.0
global,139,-,comp_7,7.298823
global,139,-,comp_8,32.003078
global,139,-,comp_9,0.0
global,139,-,comp_10,48.804693
global,139,-,comp_11,-11.130706
global,140,-,comp_0,-0.0
global,140,-,comp_1,0.0
global,140,-,comp_2,-2.031905
global,140,-,comp_3,-9.735435
global,140,-,comp_4,-1.245762
global,140,-,comp_5,0.0
global,140,-,comp_6,0.0
global,140,-,comp_7,0.0
global,140,-,comp_8,2.031905
global,140,-,comp_9,-8.348521
global,140,-,comp_10,1.245762
global,140,-,comp_11,0.0
global,141,-,comp_0,0.0
global,141,-,comp_1,0.0
global,141,-,comp_2,-5.354136
global,141,-,comp_3,-19.066797
global,141,-,comp_4,0.006633
global,141,-,comp_5,-0.0
global,141,-,comp_6,-0.0
global,141,-,comp_7,0.0
global,141,-,comp_8,5.354136
global,141,-,comp_9,-19.750688
global,141,-,comp_10,-0.006633
global,141,-,comp_11,-0.0
global,142,-,comp_0,-0.0
global,142,-,comp_1,0.0
global,142,-,comp_2,0.960062
global,142,-,comp_3,1.652326
global,142,-,comp_4,-1.279215
global,142,-,comp_5,0.0
global,142,-,comp_6,0.0
global,142,-,comp_7,0.0
global,142,-,comp_8,-0.960062
global,142,-,comp_9,6.892223
global,142,-,comp_10,1.279215
global,142,-,comp_11,0.0
global,143,-,comp_0,0.0
global,143,-,comp_1,0.0
global,143,-,comp_2,-1.378817
global,143,-,comp_3,-7.510908
global,143,-,comp_4,0.379467
global,143,-,comp_5,-0.0
global,143,-,comp_6,-0.0
global,143,-,comp_7,0.0
global,143,-,comp_8,1.378817
global,143,-,comp_9,-2.485514
global,143,-,comp_10,-0.379467
global,143,-,comp_11,-0.0
global,144,-,comp_0,-0.0
global,144,-,comp_1,0.0
global,144,-,comp_2,5.36552
global,144,-,comp_3,23.249535
global,144,-,comp_4,-0.924244
global,144,-,comp_5,0.0
global,144,-,comp_6,0.0
global,144,-,comp_7,0.0
global,144,-,comp_8,-5.36552
global,144,-,comp_9,24.503597
global,144,-,comp_10,0.924244
global,144,-,comp_11,0.0
global,145,-,comp_0,0.0
global,145,-,comp_1,0.0
global,145,-,comp_2,-3.001436
global,145,-,comp_3,-12.292445
global,145,-,comp_4,-0.60035
global,145,-,comp_5,-0.0
global,145,-,comp_6,-0.0
global,145,-,comp_7,0.0
global,145,-,comp_8,3.001436
global,145,-,comp_9,-9.467967
global,145,-,comp_10,0.60035
global,145,-,comp_11,-0.0
global,146,-,comp_0,-0.0
global,146,-,comp_1,0.0
global,146,-,comp_2,10.681304
global,146,-,comp_3,16.993527
global,146,-,comp_4,-20.406747
global,146,-,comp_5,0.0
global,146,-,comp_6,0.0
global,146,-,comp_7,0.0
global,146,-,comp_8,-10.681304
global,146,-,comp_9,78.070079
global,146,-,comp_10,20.406747
global,146,-,comp_11,0.0
global,147,-,comp_0,0.0
global,147,-,comp_1,0.0
global,147,-,comp_2,-12.843201
global,147,-,comp_3,-78.407938
global,147,-,comp_4,21.79181
global,147,-,comp_5,-0.0
global,147,-,comp_6,-0.0
global,147,-,comp_7,0.0
global,147,-,comp_8,12.843201
global,147,-,comp_9,-14.70527
global,147,-,comp_10,-21.79181
global,147,-,comp_11,-0.0
global,148,-,comp_0,0.0
global,148,-,comp_1,-0.0
global,148,-,comp_2,-1.641343
global,148,-,comp_3,0.4863
global,148,-,comp_4,9.662537
global,148,-,comp_5,-0.0
global,148,-,comp_6,0.0
global,148,-,comp_7,0.0
global,148,-,comp_8,1.641343
global,148,-,comp_9,-0.4863
global,148,-,comp_10,-1.455823
global,148,-,comp_11,-0.0
global,149,-,comp_0,0.0
global,149,-,comp_1,0.0
global,149,-,comp_2,-2.601404
global,149,-,comp_3,-1.166026
global,149,-,comp_4,2.735038
global,149,-,comp_5,0.0
global,149,-,comp_6,0.0
global,149,-,comp_7,-0.0
global,149,-,comp_8,2.601404
global,149,-,comp_9,1.166026
global,149,-,comp_10,10.271984
global,149,-,comp_11,0.0
global,150,-,comp_0,0.0
global,150,-,comp_1,-0.0
global,150,-,comp_2,10.681304
global,150,-,comp_3,16.993527
global,150,-,comp_4,-73.813267
global,150,-,comp_5,-0.0
global,150,-,comp_6,0.0
global,150,-,comp_7,0.0
global,150,-,comp_8,-10.681304
global,150,-,comp_9,-16.993527
global,150,-,comp_10,20.406747
global,150,-,comp_11,-0.0
global,151,-,comp_0,0.0
global,151,-,comp_1,-0.0
global,151,-,comp_2,-2.278441
global,151,-,comp_3,-0.629961
global,151,-,comp_4,11.072356
global,151,-,comp_5,-0.0
global,151,-,comp_6,0.0
global,151,-,comp_7,0.0
global,151,-,comp_8,2.278441
global,151,-,comp_9,0.629961
global,151,-,comp_10,0.319848
global,151,-,comp_11,-0.0
global,152,-,comp_0,0.0
global,152,-,comp_1,0.0
global,152,-,comp_2,0.060438
global,152,-,comp_3,-0.011276
global,152,-,comp_4,-1.97853
global,152,-,comp_5,0.0
global,152,-,comp_6,0.0
global,152,-,comp_7,-0.0
global,152,-,comp_8,-0.060438
global,152,-,comp_9,0.011276
global,152,-,comp_10,1.676342
global,152,-,comp_11,0.0
global,153,-,comp_0,0.0
global,153,-,comp_1,-0.0
global,153,-,comp_2,9.982504
global,153,-,comp_3,-0.337859
global,153,-,comp_4,-178.599709
global,153,-,comp_5,-0.0
global,153,-,comp_6,0.0
global,153,-,comp_7,0.0
global,153,-,comp_8,-9.982504
global,153,-,comp_9,0.337859
global,153,-,comp_10,128.687189
global,153,-,comp_11,-0.0
global,154,-,comp_0,0.0
global,154,-,comp_1,-0.0
global,154,-,comp_2,-2.032273
global,154,-,comp_3,-1.977367
global,154,-,comp_4,12.117691
global,154,-,comp_5,-0.0
global,154,-,comp_6,0.0
global,154,-,comp_7,0.0
global,154,-,comp_8,2.032273
global,154,-,comp_9,1.977367
global,154,-,comp_10,-1.956324
global,154,-,comp_11,-0.0
global,155,-,comp_0,0.0
global,155,-,comp_1,0.0
global,155,-,comp_2,-3.41109
global,155,-,comp_3,0.508146
global,155,-,comp_4,2.335792
global,155,-,comp_5,0.0
global,155,-,comp_6,0.0
global,155,-,comp_7,-0.0
global,155,-,comp_8,3.41109
global,155,-,comp_9,-0.508146
global,155,-,comp_10,14.719659
global,155,-,comp_11,0.0
global,156,-,comp_0,0.0
global,156,-,comp_1,-0.0
global,156,-,comp_2,12.843201
global,156,-,comp_3,-14.70527
global,156,-,comp_4,-86.007815
global,156,-,comp_5,-0.0
global,156,-,comp_6,0.0
global,156,-,comp_7,0.0
global,156,-,comp_8,-12.843201
global,156,-,comp_9,14.70527
global,156,-,comp_10,21.79181
global,156,-,comp_11,-0.0
global,157,-,comp_0,-0.0
global,157,-,comp_1,0.0
global,157,-,comp_2,-2.704845
global,157,-,comp_3,-2.154893
global,157,-,comp_4,2.028017
global,157,-,comp_5,0.0
global,157,-,comp_6,0.0
global,157,-,comp_7,0.0
global,157,-,comp_8,2.704845
global,157,-,comp_9,-21.918231
global,157,-,comp_10,-2.028017
global,157,-,comp_11,0.0
global,158,-,comp_0,0.0
global,158,-,comp_1,0.0
global,158,-,comp_2,0.284853
global,158,-,comp_3,1.063146
global,158,-,comp_4,-1.235794
global,158,-,comp_5,-0.0
global,158,-,comp_6,-0.0
global,158,-,comp_7,0.0
global,158,-,comp_8,-0.284853
global,158,-,comp_9,1.00204
global,158,-,comp_10,1.235794
global,158,-,comp_11,-0.0
global,159,-,comp_0,-0.0
global,159,-,comp_1,0.0
global,159,-,comp_2,-1.231872
global,159,-,comp_3,-1.968716
global,159,-,comp_4,-2.008071
global,159,-,comp_5,0.0
global,159,-,comp_6,0.0
global,159,-,comp_7,0.0
global,159,-,comp_8,1.231872
global,159,-,comp_9,-8.994949
global,159,-,comp_10,2.008071
global,159,-,comp_11,0.0
global,160,-,comp_0,0.0
global,160,-,comp_1,0.0
global,160,-,comp_2,0.696196
global,160,-,comp_3,5.355953
global,160,-,comp_4,3.088251
global,160,-,comp_5,-0.0
global,160,-,comp_6,-0.0
global,160,-,comp_7,0.0
global,160,-,comp_8,-0.696196
global,160,-,comp_9,-0.308534
global,160,-,comp_10,-3.088251
global,160,-,comp_11,-0.0
global,161,-,comp_0,0.0
global,161,-,comp_1,0.0
global,161,-,comp_2,2.704845
global,161,-,comp_3,2.154893
global,161,-,comp_4,-2.028017
global,161,-,comp_5,0.0
global,161,-,comp_6,0.0
global,161,-,comp_7,-0.0
global,161,-,comp_8,-2.704845
global,161,-,comp_9,-2.154893
global,161,-,comp_10,-8.115153
global,161,-,comp_11,0.0
global,162,-,comp_0,0.0
global,162,-,comp_1,-0.0
global,162,-,comp_2,3.936718
global,162,-,comp_3,4.123609
global,162,-,comp_4,10.123224
global,162,-,comp_5,-0.0
global,162,-,comp_6,0.0
global,162,-,comp_7,0.0
global,162,-,comp_8,-3.936718
global,162,-,comp_9,-4.123609
global,162,-,comp_10,-24.885916
global,162,-,comp_11,-0.0
global,163,-,comp_0,0.0
global,163,-,comp_1,0.0
global,163,-,comp_2,15.508529
global,163,-,comp_3,-2.765257
global,163,-,comp_4,-55.461555
global,163,-,comp_5,0.0
global,163,-,comp_6,0.0
global,163,-,comp_7,-0.0
global,163,-,comp_8,-15.508529
global,163,-,comp_9,2.765257
global,163,-,comp_10,-2.695428
global,163,-,comp_11,0.0
global,164,-,comp_0,0.0
global,164,-,comp_1,-0.0
global,164,-,comp_2,13.580461
global,164,-,comp_3,0.873739
global,164,-,comp_4,-2.400893
global,164,-,comp_5,-0.0
global,164,-,comp_6,0.0
global,164,-,comp_7,0.0
global,164,-,comp_8,-13.580461
global,164,-,comp_9,-0.873739
global,164,-,comp_10,-48.525834
global,164,-,comp_11,-0.0
global,165,-,comp_0,0.0
global,165,-,comp_1,0.0
global,165,-,comp_2,0.284853
global,165,-,comp_3,-1.00204
global,165,-,comp_4,-1.235794
global,165,-,comp_5,0.0
global,165,-,comp_6,0.0
global,165,-,comp_7,-0.0
global,165,-,comp_8,-0.284853
global,165,-,comp_9,1.00204
global,165,-,comp_10,0.167595
global,165,-,comp_11,0.0
global,166,-,comp_0,0.0
global,166,-,comp_1,-0.0
global,166,-,comp_2,0.981049
global,166,-,comp_3,-0.693506
global,166,-,comp_4,2.920657
global,166,-,comp_5,-0.0
global,166,-,comp_6,0.0
global,166,-,comp_7,0.0
global,166,-,comp_8,-0.981049
global,166,-,comp_9,0.693506
global,166,-,comp_10,-6.59959
global,166,-,comp_11,-0.0
global,167,-,comp_0,0.0
global,167,-,comp_1,0.0
global,167,-,comp_2,-1.208066
global,167,-,comp_3,-7.553371
global,167,-,comp_4,-0.461221
global,167,-,comp_5,0.0
global,167,-,comp_6,0.0
global,167,-,comp_7,0.0
global,167,-,comp_8,1.208066
global,167,-,comp_9,-7.547458
global,167,-,comp_10,0.461221
global,167,-,comp_11,0.0
global,168,-,comp_0,0.0
global,168,-,comp_1,-0.0
global,168,-,comp_2,-0.0
global,168,-,comp_3,0.0
global,168,-,comp_4,0.0
global,168,-,comp_5,-0.0
global,168,-,comp_6,0.0
global,168,-,comp_7,0.0
global,168,-,comp_8,0.0
global,168,-,comp_9,0.0
global,168,-,comp_10,0.0
global,168,-,comp_11,-0.0
global,169,-,comp_0,239.82634
global,169,-,comp_1,-2.576975
global,169,-,comp_2,-10.2729
global,169,-,comp_3,-26.637653
global,169,-,comp_4,169.747066
global,169,-,comp_5,-4.824585
global,169,-,comp_6,-239.82634
global,169,-,comp_7,2.576975
global,169,-,comp_8,10.2729
global,169,-,comp_9,26.637653
global,169,-,comp_10,-138.41472
global,169,-,comp_11,-3.035187
global,170,-,comp_0,0.513568
global,170,-,comp_1,-0.12788
global,170,-,comp_2,32.996046
global,170,-,comp_3,72.979872
global,170,-,comp_4,-358.480756
global,170,-,comp_5,6.962573
global,170,-,comp_6,-0.513568
global,170,-,comp_7,0.12788
global,170,-,comp_8,-32.996046
global,170,-,comp_9,-72.979872
global,170,-,comp_10,257.842817
global,170,-,comp_11,-7.352608
global,171,-,comp_0,0.0
global,171,-,comp_1,0.0
global,171,-,comp_2,0.0
global,171,-,comp_3,-0.0
global,171,-,comp_4,-0.0
global,171,-,comp_5,0.0
global,171,-,comp_6,0.0
global,171,-,comp_7,-0.0
global,171,-,comp_8,-0.0
global,171,-,comp_9,0.0
global,171,-,comp_10,-0.0
global,171,-,comp_11,0.0
global,172,-,comp_0,0.0
global,172,-,comp_1,0.0
global,172,-,comp_2,33.507009
global,172,-,comp_3,0.0
global,172,-,comp_4,-170.885746
global,172,-,comp_5,0.0
global,172,-,comp_6,0.0
global,172,-,comp_7,-0.0
global,172,-,comp_8,-33.507009
global,172,-,comp_9,-0.0
global,172,-,comp_10,0.0
global,172,-,comp_11,0.0
global,173,-,comp_0,0.0
global,173,-,comp_1,0.0
global,173,-,comp_2,-0.0
global,173,-,comp_3,0.0
global,173,-,comp_4,0.0
global,173,-,comp_5,0.0
global,173,-,comp_6,0.0
global,173,-,comp_7,-0.0
global,173,-,comp_8,0.0
global,173,-,comp_9,-0.0
global,173,-,comp_10,-0.0
global,173,-,comp_11,0.0
global,174,-,comp_0,0.0
global,174,-,comp_1,-10.596203
global,174,-,comp_2,-61.368036
global,174,-,comp_3,0.0
global,174,-,comp_4,93.586254
global,174,-,comp_5,-16.159209
global,174,-,comp_6,-0.0
global,174,-,comp_7,10.596203
global,174,-,comp_8,61.368036
global,174,-,comp_9,0.0
global,174,-,comp_10,93.586254
global,174,-,comp_11,-16.159209
global,175,-,comp_0,0.0
global,175,-,comp_1,0.0
global,175,-,comp_2,-0.650457
global,175,-,comp_3,-3.464881
global,175,-,comp_4,-0.718556
global,175,-,comp_5,0.0
global,175,-,comp_6,0.0
global,175,-,comp_7,0.0
global,175,-,comp_8,0.650457
global,175,-,comp_9,-2.324183
global,175,-,comp_10,0.718556
global,175,-,comp_11,0.0
global,176,-,comp_0,0.0
global,176,-,comp_1,0.0
global,176,-,comp_2,-3.433964
global,176,-,comp_3,-11.984035
global,176,-,comp_4,-0.18744
global,176,-,comp_5,-0.0
global,176,-,comp_6,-0.0
global,176,-,comp_7,0.0
global,176,-,comp_8,3.433964
global,176,-,comp_9,-12.912203
global,176,-,comp_10,0.18744
global,176,-,comp_11,-0.0
global,177,-,comp_0,0.0
global,177,-,comp_1,0.0
global,177,-,comp_2,-1.151605
global,177,-,comp_3,-3.967639
global,177,-,comp_4,0.277406
global,177,-,comp_5,0.0
global,177,-,comp_6,0.0
global,177,-,comp_7,0.0
global,177,-,comp_8,1.151605
global,177,-,comp_9,-6.281642
global,177,-,comp_10,-0.277406
global,177,-,comp_11,0.0
global,178,-,comp_0,0.0
global,178,-,comp_1,0.0
global,178,-,comp_2,1.452064
global,178,-,comp_3,6.563331
global,178,-,comp_4,-1.596923
global,178,-,comp_5,-0.0
global,178,-,comp_6,-0.0
global,178,-,comp_7,0.0
global,178,-,comp_8,-1.452064
global,178,-,comp_9,3.964131
global,178,-,comp_10,1.596923
global,178,-,comp_11,-0.0
global,179,-,comp_0,0.0
global,179,-,comp_1,0.0
global,179,-,comp_2,3.473607
global,179,-,comp_3,11.008229
global,179,-,comp_4,-9.382821
global,179,-,comp_5,0.0
global,179,-,comp_6,0.0
global,179,-,comp_7,0.0
global,179,-,comp_8,-3.473607
global,179,-,comp_9,19.90687
global,179,-,comp_10,9.382821
global,179,-,comp_11,0.0
global,180,-,comp_0,0.0
global,180,-,comp_1,0.0
global,180,-,comp_2,-0.60045
global,180,-,comp_3,-7.843214
global,180,-,comp_4,8.774455
global,180,-,comp_5,-0.0
global,180,-,comp_6,-0.0
global,180,-,comp_7,0.0
global,180,-,comp_8,0.60045
global,180,-,comp_9,3.489952
global,180,-,comp_10,-8.774455
global,180,-,comp_11,-0.0
global,181,-,comp_0,0.0
global,181,-,comp_1,0.0
global,181,-,comp_2,23.606248
global,181,-,comp_3,35.415254
global,181,-,comp_4,-29.06542
global,181,-,comp_5,0.0
global,181,-,comp_6,0.0
global,181,-,comp_7,0.0
global,181,-,comp_8,-23.606248
global,181,-,comp_9,174.680351
global,181,-,comp_10,29.06542
global,181,-,comp_11,0.0
global,182,-,comp_0,0.0
global,182,-,comp_1,0.0
global,182,-,comp_2,-29.045137
global,182,-,comp_3,-177.034025
global,182,-,comp_4,29.733927
global,182,-,comp_5,-0.0
global,182,-,comp_6,-0.0
global,182,-,comp_7,0.0
global,182,-,comp_8,29.045137
global,182,-,comp_9,-33.543221
global,182,-,comp_10,-29.733927
global,182,-,comp_11,-0.0
global,183,-,comp_0,0.0
global,183,-,comp_1,0.0
global,183,-,comp_2,-10.095851
global,183,-,comp_3,-0.842232
global,183,-,comp_4,35.465964
global,183,-,comp_5,0.0
global,183,-,comp_6,0.0
global,183,-,comp_7,0.0
global,183,-,comp_8,10.095851
global,183,-,comp_9,0.842232
global,183,-,comp_10,15.013289
global,183,-,comp_11,0.0
global,184,-,comp_0,0.0
global,184,-,comp_1,-0.0
global,184,-,comp_2,-8.944246
global,184,-,comp_3,3.125407
global,184,-,comp_4,-15.290695
global,184,-,comp_5,-0.0
global,184,-,comp_6,0.0
global,184,-,comp_7,0.0
global,184,-,comp_8,8.944246
global,184,-,comp_9,-3.125407
global,184,-,comp_10,60.011925
global,184,-,comp_11,-0.0
global,185,-,comp_0,0.0
global,185,-,comp_1,0.0
global,185,-,comp_2,23.606248
global,185,-,comp_3,35.415254
global,185,-,comp_4,-147.096659
global,185,-,comp_5,0.0
global,185,-,comp_6,0.0
global,185,-,comp_7,-0.0
global,185,-,comp_8,-23.606248
global,185,-,comp_9,-35.415254
global,185,-,comp_10,29.06542
global,185,-,comp_11,0.0
global,186,-,comp_0,0.0
global,186,-,comp_1,0.0
global,186,-,comp_2,-20.302512
global,186,-,comp_3,0.158641
global,186,-,comp_4,66.428698
global,186,-,comp_5,0.0
global,186,-,comp_6,0.0
global,186,-,comp_7,0.0
global,186,-,comp_8,20.302512
global,186,-,comp_9,-0.158641
global,186,-,comp_10,35.08386
global,186,-,comp_11,0.0
global,187,-,comp_0,0.0
global,187,-,comp_1,-0.0
global,187,-,comp_2,-22.90618
global,187,-,comp_3,-0.123048
global,187,-,comp_4,-33.209531
global,187,-,comp_5,-0.0
global,187,-,comp_6,0.0
global,187,-,comp_7,0.0
global,187,-,comp_8,22.90618
global,187,-,comp_9,0.123048
global,187,-,comp_10,147.740432
global,187,-,comp_11,-0.0
global,188,-,comp_0,0.0
global,188,-,comp_1,0.0
global,188,-,comp_2,101.803195
global,188,-,comp_3,-2.353674
global,188,-,comp_4,-450.216628
global,188,-,comp_5,0.0
global,188,-,comp_6,0.0
global,188,-,comp_7,-0.0
global,188,-,comp_8,-101.803195
global,188,-,comp_9,2.353674
global,188,-,comp_10,-58.799347
global,188,-,comp_11,0.0
global,189,-,comp_0,0.0
global,189,-,comp_1,0.0
global,189,-,comp_2,-11.140795
global,189,-,comp_3,0.553009
global,189,-,comp_4,37.24601
global,189,-,comp_5,0.0
global,189,-,comp_6,0.0
global,189,-,comp_7,0.0
global,189,-,comp_8,11.140795
global,189,-,comp_9,-0.553009
global,189,-,comp_10,18.457966
global,189,-,comp_11,0.0
global,190,-,comp_0,0.0
global,190,-,comp_1,-0.0
global,190,-,comp_2,-9.688732
global,190,-,comp_3,-3.411122
global,190,-,comp_4,-20.054889
global,190,-,comp_5,-0.0
global,190,-,comp_6,0.0
global,190,-,comp_7,0.0
global,190,-,comp_8,9.688732
global,190,-,comp_9,3.411122
global,190,-,comp_10,68.498547
global,190,-,comp_11,-0.0
global,191,-,comp_0,0.0
global,191,-,comp_1,0.0
global,191,-,comp_2,29.045137
global,191,-,comp_3,-33.543221
global,191,-,comp_4,-174.959613
global,191,-,comp_5,0.0
global,191,-,comp_6,0.0
global,191,-,comp_7,-0.0
global,191,-,comp_8,-29.045137
global,191,-,comp_9,33.543221
global,191,-,comp_10,29.733927
global,191,-,comp_11,0.0
global,192,-,comp_0,0.0
global,192,-,comp_1,0.0
global,192,-,comp_2,-2.790308
global,192,-,comp_3,-2.699203
global,192,-,comp_4,1.124756
global,192,-,comp_5,0.0
global,192,-,comp_6,0.0
global,192,-,comp_7,0.0
global,192,-,comp_8,2.790308
global,192,-,comp_9,-22.134541
global,192,-,comp_10,-1.124756
global,192,-,comp_11,0.0
global,193,-,comp_0,0.0
global,193,-,comp_1,0.0
global,193,-,comp_2,1.460956
global,193,-,comp_3,8.722081
global,193,-,comp_4,-0.898254
global,193,-,comp_5,-0.0
global,193,-,comp_6,-0.0
global,193,-,comp_7,0.0
global,193,-,comp_8,-1.460956
global,193,-,comp_9,1.869849
global,193,-,comp_10,0.898254
global,193,-,comp_11,-0.0
global,194,-,comp_0,0.0
global,194,-,comp_1,0.0
global,194,-,comp_2,-1.075401
global,194,-,comp_3,-0.956514
global,194,-,comp_4,-2.657935
global,194,-,comp_5,0.0
global,194,-,comp_6,0.0
global,194,-,comp_7,0.0
global,194,-,comp_8,1.075401
global,194,-,comp_9,-8.614554
global,194,-,comp_10,2.657935
global,194,-,comp_11,0.0
global,195,-,comp_0,0.0
global,195,-,comp_1,0.0
global,195,-,comp_2,0.858646
global,195,-,comp_3,6.507468
global,195,-,comp_4,3.363787
global,195,-,comp_5,-0.0
global,195,-,comp_6,-0.0
global,195,-,comp_7,0.0
global,195,-,comp_8,-0.858646
global,195,-,comp_9,-0.282283
global,195,-,comp_10,-3.363787
global,195,-,comp_11,-0.0
global,196,-,comp_0,0.0
global,196,-,comp_1,-0.0
global,196,-,comp_2,2.790308
global,196,-,comp_3,2.699203
global,196,-,comp_4,-1.124756
global,196,-,comp_5,-0.0
global,196,-,comp_6,0.0
global,196,-,comp_7,0.0
global,196,-,comp_8,-2.790308
global,196,-,comp_9,-2.699203
global,196,-,comp_10,-9.3389
global,196,-,comp_11,-0.0
global,197,-,comp_0,0.0
global,197,-,comp_1,0.0
global,197,-,comp_2,3.865709
global,197,-,comp_3,3.655717
global,197,-,comp_4,11.996835
global,197,-,comp_5,0.0
global,197,-,comp_6,0.0
global,197,-,comp_7,-0.0
global,197,-,comp_8,-3.865709
global,197,-,comp_9,-3.655717
global,197,-,comp_10,-26.493245
global,197,-,comp_11,0.0
global,198,-,comp_0,0.0
global,198,-,comp_1,-0.0
global,198,-,comp_2,17.734658
global,198,-,comp_3,-1.850187
global,198,-,comp_4,-56.724564
global,198,-,comp_5,-0.0
global,198,-,comp_6,0.0
global,198,-,comp_7,0.0
global,198,-,comp_8,-17.734658
global,198,-,comp_9,1.850187
global,198,-,comp_10,-9.780402
global,198,-,comp_11,-0.0
global,199,-,comp_0,0.0
global,199,-,comp_1,0.0
global,199,-,comp_2,15.800611
global,199,-,comp_3,0.256899
global,199,-,comp_4,3.758679
global,199,-,comp_5,0.0
global,199,-,comp_6,0.0
global,199,-,comp_7,-0.0
global,199,-,comp_8,-15.800611
global,199,-,comp_9,-0.256899
global,199,-,comp_10,-63.010969
global,199,-,comp_11,0.0
global,200,-,comp_0,0.0
global,200,-,comp_1,-0.0
global,200,-,comp_2,1.460956
global,200,-,comp_3,-1.869849
global,200,-,comp_4,-0.898254
global,200,-,comp_5,-0.0
global,200,-,comp_6,0.0
global,200,-,comp_7,0.0
global,200,-,comp_8,-1.460956
global,200,-,comp_9,1.869849
global,200,-,comp_10,-4.58033
global,200,-,comp_11,-0.0
global,201,-,comp_0,0.0
global,201,-,comp_1,0.0
global,201,-,comp_2,2.319602
global,201,-,comp_3,-1.587566
global,201,-,comp_4,7.944117
global,201,-,comp_5,0.0
global,201,-,comp_6,0.0
global,201,-,comp_7,-0.0
global,201,-,comp_8,-2.319602
global,201,-,comp_9,1.587566
global,201,-,comp_10,-16.642625
global,201,-,comp_11,0.0
global,202,-,comp_0,0.0
global,202,-,comp_1,0.0
global,202,-,comp_2,-0.596611
global,202,-,comp_3,-3.75479
global,202,-,comp_4,-0.864817
global,202,-,comp_5,0.0
global,202,-,comp_6,0.0
global,202,-,comp_7,0.0
global,202,-,comp_8,0.596611
global,202,-,comp_9,-3.702853
global,202,-,comp_10,0.864817
global,202,-,comp_11,0.0
global,203,-,comp_0,0.0
global,203,-,comp_1,0.0
global,203,-,comp_2,-0.0
global,203,-,comp_3,0.0
global,203,-,comp_4,0.0
global,203,-,comp_5,0.0
global,203,-,comp_6,0.0
global,203,-,comp_7,-0.0
global,203,-,comp_8,0.0
global,203,-,comp_9,0.0
global,203,-,comp_10,0.0
global,203,-,comp_11,0.0
global,204,-,comp_0,226.779107
global,204,-,comp_1,-3.176191
global,204,-,comp_2,-18.867181
global,204,-,comp_3,-30.31967
global,204,-,comp_4,206.710641
global,204,-,comp_5,-5.951898
global,204,-,comp_6,-226.779107
global,204,-,comp_7,3.176191
global,204,-,comp_8,18.867181
global,204,-,comp_9,30.31967
global,204,-,comp_10,-149.16574
global,204,-,comp_11,-3.735484
global,205,-,comp_0,0.0
global,205,-,comp_1,-8.469075
global,205,-,comp_2,-12.218608
global,205,-,comp_3,0.0
global,205,-,comp_4,18.633378
global,205,-,comp_5,-12.915339
global,205,-,comp_6,-0.0
global,205,-,comp_7,8.469075
global,205,-,comp_8,12.218608
global,205,-,comp_9,0.0
global,205,-,comp_10,18.633378
global,205,-,comp_11,-12.915339
global,206,-,comp_0,1.345165
global,206,-,comp_1,0.025482
global,206,-,comp_2,38.079691
global,206,-,comp_3,83.067589
global,206,-,comp_4,-413.947909
global,206,-,comp_5,8.904517
global,206,-,comp_6,-1.345165
global,206,-,comp_7,-0.025482
global,206,-,comp_8,-38.079691
global,206,-,comp_9,-83.067589
global,206,-,comp_10,297.804853
global,206,-,comp_11,-8.826796
global,207,-,comp_0,0.0
global,207,-,comp_1,0.0
global,207,-,comp_2,-0.0
global,207,-,comp_3,0.0
global,207,-,comp_4,0.0
global,207,-,comp_5,0.0
global,207,-,comp_6,0.0
global,207,-,comp_7,-0.0
global,207,-,comp_8,0.0
global,207,-,comp_9,-0.0
global,207,-,comp_10,-0.0
global,207,-,comp_11,0.0
global,208,-,comp_0,0.0
global,208,-,comp_1,0.0
global,208,-,comp_2,0.0
global,208,-,comp_3,0.0
global,208,-,comp_4,0.0
global,208,-,comp_5,0.0
global,208,-,comp_6,0.0
global,208,-,comp_7,0.0
global,208,-,comp_8,0.0
global,208,-,comp_9,-0.0
global,208,-,comp_10,-0.0
global,208,-,comp_11,0.0
global,209,-,comp_0,0.0
global,209,-,comp_1,0.0
global,209,-,comp_2,0.0
global,209,-,comp_3,0.0
global,209,-,comp_4,-0.0
global,209,-,comp_5,0.0
global,209,-,comp_6,0.0
global,209,-,comp_7,0.0
global,209,-,comp_8,-0.0
global,209,-,comp_9,0.0
global,209,-,comp_10,-0.0
global,209,-,comp_11,0.0
global,210,-,comp_0,10.867231
global,210,-,comp_1,-105.617996
global,210,-,comp_2,297.664867
global,210,-,comp_3,385.605039
global,210,-,comp_4,41.89384
global,210,-,comp_5,4.285262
global,210,-,comp_6,-10.867231
global,210,-,comp_7,105.617996
global,210,-,comp_8,-297.664867
global,210,-,comp_9,32.642225
global,210,-,comp_10,1.140394
global,210,-,comp_11,-4.285262
global,211,-,comp_0,1.634636
global,211,-,comp_1,-11.892914
global,211,-,comp_2,212.617762
global,211,-,comp_3,-32.642225
global,211,-,comp_4,-1.140394
global,211,-,comp_5,5.904121
global,211,-,comp_6,-1.634636
global,211,-,comp_7,11.892914
global,211,-,comp_8,-212.617762
global,211,-,comp_9,79.738165
global,211,-,comp_10,7.613554
global,211,-,comp_11,-5.904121
global,212,-,comp_0,-0.102748
global,212,-,comp_1,12.85923
global,212,-,comp_2,127.570657
global,212,-,comp_3,-79.738165
global,212,-,comp_4,-7.613554
global,212,-,comp_5,4.317327
global,212,-,comp_6,0.102748
global,212,-,comp_7,-12.85923
global,212,-,comp_8,-127.570657
global,212,-,comp_9,28.815613
global,212,-,comp_10,7.206673
global,212,-,comp_11,-4.317327
global,213,-,comp_0,-1.819867
global,213,-,comp_1,7.27667
global,213,-,comp_2,42.523552
global,213,-,comp_3,-28.815613
global,213,-,comp_4,-7.206673
global,213,-,comp_5,3.461838
global,213,-,comp_6,1.819867
global,213,-,comp_7,-7.27667
global,213,-,comp_8,-42.523552
global,213,-,comp_9,-0.0
global,213,-,comp_10,-0.0
global,213,-,comp_11,-3.461838
global,214,-,comp_0,3.255186
global,214,-,comp_1,-111.381912
global,214,-,comp_2,483.454993
global,214,-,comp_3,393.213408
global,214,-,comp_4,27.463052
global,214,-,comp_5,4.285262
global,214,-,comp_6,-3.255186
global,214,-,comp_7,111.381912
global,214,-,comp_8,-483.454993
global,214,-,comp_9,47.858963
global,214,-,comp_10,-14.572514
global,214,-,comp_11,-4.285262
global,215,-,comp_0,-9.498043
global,215,-,comp_1,-19.860488
global,215,-,comp_2,354.708441
global,215,-,comp_3,-14.516658
global,215,-,comp_4,-23.15628
global,215,-,comp_5,5.904121
global,215,-,comp_6,9.498043
global,215,-,comp_7,19.860488
global,215,-,comp_8,-354.708441
global,215,-,comp_9,93.164191
global,215,-,comp_10,-14.455968
global,215,-,comp_11,-5.904121
global,216,-,comp_0,-7.674741
global,216,-,comp_1,10.056623
global,216,-,comp_2,223.832379
global,216,-,comp_3,-73.129895
global,216,-,comp_4,-23.360027
global,216,-,comp_5,4.317327
global,216,-,comp_6,7.674741
global,216,-,comp_7,-10.056623
global,216,-,comp_8,-223.832379
global,216,-,comp_9,33.305669
global,216,-,comp_10,-7.031948
global,216,-,comp_11,-4.317327
global,217,-,comp_0,-17.379967
global,217,-,comp_1,5.554926
global,217,-,comp_2,90.960141
global,217,-,comp_3,-25.752298
global,217,-,comp_4,-31.114616
global,217,-,comp_5,3.461838
global,217,-,comp_6,17.379967
global,217,-,comp_7,-5.554926
global,217,-,comp_8,-90.960141
global,217,-,comp_9,3.75479
global,217,-,comp_10,-37.710054
global,217,-,comp_11,-3.461838
global,218,-,comp_0,-0.314295
global,218,-,comp_1,-111.086057
global,218,-,comp_2,1373.596081
global,218,-,comp_3,391.560374
global,218,-,comp_4,3.981429
global,218,-,comp_5,4.265402
global,218,-,comp_6,0.314295
global,218,-,comp_7,111.086057
global,218,-,comp_8,-1373.596081
global,218,-,comp_9,48.340414
global,218,-,comp_10,-5.226036
global,218,-,comp_11,-4.265402
global,219,-,comp_0,-1.413154
global,219,-,comp_1,-20.371493
global,219,-,comp_2,1055.221265
global,219,-,comp_3,-13.269807
global,219,-,comp_4,-5.515952
global,219,-,comp_5,5.876758
global,219,-,comp_6,1.413154
global,219,-,comp_7,20.371493
global,219,-,comp_8,-1055.221265
global,219,-,comp_9,93.940918
global,219,-,comp_10,-0.080136
global,219,-,comp_11,-5.876758
global,220,-,comp_0,-0.878696
global,220,-,comp_1,9.539281
global,220,-,comp_2,693.828739
global,220,-,comp_3,-71.694529
global,220,-,comp_4,-3.730461
global,220,-,comp_5,4.297318
global,220,-,comp_6,0.878696
global,220,-,comp_7,-9.539281
global,220,-,comp_8,-693.828739
global,220,-,comp_9,33.918977
global,220,-,comp_10,0.250825
global,220,-,comp_11,-4.297318
global,221,-,comp_0,-2.840132
global,221,-,comp_1,4.271591
global,221,-,comp_2,318.859656
global,221,-,comp_3,-23.794545
global,221,-,comp_4,-9.851524
global,221,-,comp_5,3.445794
global,221,-,comp_6,2.840132
global,221,-,comp_7,-4.271591
global,221,-,comp_8,-318.859656
global,221,-,comp_9,6.879043
global,221,-,comp_10,-1.395397
global,221,-,comp_11,-3.445794
global,222,-,comp_0,0.086746
global,222,-,comp_1,-105.076366
global,222,-,comp_2,297.155166
global,222,-,comp_3,383.627581
global,222,-,comp_4,0.142911
global,222,-,comp_5,4.265402
global,222,-,comp_6,-0.086746
global,222,-,comp_7,105.076366
global,222,-,comp_8,-297.155166
global,222,-,comp_9,32.474829
global,222,-,comp_10,0.200604
global,222,-,comp_11,-4.265402
global,223,-,comp_0,0.153632
global,223,-,comp_1,-11.831925
global,223,-,comp_2,212.25369
global,223,-,comp_3,-32.474829
global,223,-,comp_4,-0.200604
global,223,-,comp_5,5.876758
global,223,-,comp_6,-0.153632
global,223,-,comp_7,11.831925
global,223,-,comp_8,-212.25369
global,223,-,comp_9,79.329253
global,223,-,comp_10,0.808986
global,223,-,comp_11,-5.876758
global,224,-,comp_0,1.002454
global,224,-,comp_1,12.793286
global,224,-,comp_2,127.352214
global,224,-,comp_3,-79.329253
global,224,-,comp_4,-0.808986
global,224,-,comp_5,4.297318
global,224,-,comp_6,-1.002454
global,224,-,comp_7,-12.793286
global,224,-,comp_8,-127.352214
global,224,-,comp_9,28.667841
global,224,-,comp_10,4.778705
global,224,-,comp_11,-4.297318
global,225,-,comp_0,-1.206744
global,225,-,comp_1,7.239354
global,225,-,comp_2,42.450738
global,225,-,comp_3,-28.667841
global,225,-,comp_4,-4.778705
global,225,-,comp_5,3.445794
global,225,-,comp_6,1.206744
global,225,-,comp_7,-7.239354
global,225,-,comp_8,-42.450738
global,225,-,comp_9,-0.0
global,225,-,comp_10,-0.0
global,225,-,comp_11,-3.445794
global,226,-,comp_0,-10.336367
global,226,-,comp_1,-6.881534
global,226,-,comp_2,73.906517
global,226,-,comp_3,23.993207
global,226,-,comp_4,-12.022024
global,226,-,comp_5,0.262888
global,226,-,comp_6,10.336367
global,226,-,comp_7,6.881534
global,226,-,comp_8,-73.906517
global,226,-,comp_9,3.257666
global,226,-,comp_10,-28.909989
global,226,-,comp_11,-0.262888
global,227,-,comp_0,-13.158288
global,227,-,comp_1,-2.187403
global,227,-,comp_2,52.790369
global,227,-,comp_3,0.577258
global,227,-,comp_4,-32.053287
global,227,-,comp_5,0.3622
global,227,-,comp_6,13.158288
global,227,-,comp_7,2.187403
global,227,-,comp_8,-52.790369
global,227,-,comp_9,8.084858
global,227,-,comp_10,-20.053534
global,227,-,comp_11,-0.3622
global,228,-,comp_0,5.149681
global,228,-,comp_1,-1.302665
global,228,-,comp_2,31.674221
global,228,-,comp_3,-0.786034
global,228,-,comp_4,3.342764
global,228,-,comp_5,0.264855
global,228,-,comp_6,-5.149681
global,228,-,comp_7,1.302665
global,228,-,comp_8,-31.674221
global,228,-,comp_9,5.944588
global,228,-,comp_10,17.049972
global,228,-,comp_11,-0.264855
global,229,-,comp_0,-10.104418
global,229,-,comp_1,-3.313305
global,229,-,comp_2,10.558074
global,229,-,comp_3,4.651615
global,229,-,comp_4,-3.821834
global,229,-,comp_5,0.212373
global,229,-,comp_6,10.104418
global,229,-,comp_7,3.313305
global,229,-,comp_8,-10.558074
global,229,-,comp_9,8.469075
global,229,-,comp_10,-36.191663
global,229,-,comp_11,-0.212373
global,230,-,comp_0,-11.997404
global,230,-,comp_1,-6.541417
global,230,-,comp_2,75.8298
global,230,-,comp_3,23.544253
global,230,-,comp_4,-15.747228
global,230,-,comp_5,0.262888
global,230,-,comp_6,11.997404
global,230,-,comp_7,6.541417
global,230,-,comp_8,-75.8298
global,230,-,comp_9,2.359758
global,230,-,comp_10,-31.762492
global,230,-,comp_11,-0.262888
global,231,-,comp_0,-22.710358
global,231,-,comp_1,-0.917742
global,231,-,comp_2,55.163693
global,231,-,comp_3,-1.547649
global,231,-,comp_4,-45.900943
global,231,-,comp_5,0.3622
global,231,-,comp_6,22.710358
global,231,-,comp_7,0.917742
global,231,-,comp_8,-55.163693
global,231,-,comp_9,5.181906
global,231,-,comp_10,-44.032076
global,231,-,comp_11,-0.3622
global,232,-,comp_0,-15.46606
global,232,-,comp_1,0.707842
global,232,-,comp_2,33.532955
global,232,-,comp_3,-4.666902
global,232,-,comp_4,-34.672303
global,232,-,comp_5,0.264855
global,232,-,comp_6,15.46606
global,232,-,comp_7,-0.707842
global,232,-,comp_8,-33.532955
global,232,-,comp_9,1.863849
global,232,-,comp_10,-26.573296
global,232,-,comp_11,-0.264855
global,233,-,comp_0,-33.735161
global,233,-,comp_1,0.444811
global,233,-,comp_2,11.903239
global,233,-,comp_3,-1.735969
global,233,-,comp_4,-51.118936
global,233,-,comp_5,0.212373
global,233,-,comp_6,33.735161
global,233,-,comp_7,-0.444811
global,233,-,comp_8,-11.903239
global,233,-,comp_9,-0.025482
global,233,-,comp_10,-82.4723
global,233,-,comp_11,-0.212373
global,234,-,comp_0,-22.3246
global,234,-,comp_1,-5.614338
global,234,-,comp_2,73.906517
global,234,-,comp_3,21.531514
global,234,-,comp_4,-27.846492
global,234,-,comp_5,0.262888
global,234,-,comp_6,22.3246
global,234,-,comp_7,5.614338
global,234,-,comp_8,-73.906517
global,234,-,comp_9,0.701265
global,234,-,comp_10,-60.558924
global,234,-,comp_11,-0.262888
global,235,-,comp_0,-48.419651
global,235,-,comp_1,0.791145
global,235,-,comp_2,52.790369
global,235,-,comp_3,-4.53619
global,235,-,comp_4,-94.422753
global,235,-,comp_5,0.3622
global,235,-,comp_6,48.419651
global,235,-,comp_7,-0.791145
global,235,-,comp_8,-52.790369
global,235,-,comp_9,1.403257
global,235,-,comp_10,-97.319064
global,235,-,comp_11,-0.3622
global,236,-,comp_0,-47.812669
global,236,-,comp_1,2.8324
global,236,-,comp_2,31.674221
global,236,-,comp_3,-8.70208
global,236,-,comp_4,-97.288069
global,236,-,comp_5,0.264855
global,236,-,comp_6,47.812669
global,236,-,comp_7,-2.8324
global,236,-,comp_8,-31.674221
global,236,-,comp_9,-2.514222
global,236,-,comp_10,-92.0501
global,236,-,comp_11,-0.264855
global,237,-,comp_0,-77.460771
global,237,-,comp_1,4.179559
global,237,-,comp_2,10.558074
global,237,-,comp_3,-8.081981
global,237,-,comp_4,-131.92199
global,237,-,comp_5,0.212373
global,237,-,comp_6,77.460771
global,237,-,comp_7,-4.179559
global,237,-,comp_8,-10.558074
global,237,-,comp_9,-8.469075
global,237,-,comp_10,-174.822663
global,237,-,comp_11,-0.212373
global,238,-,comp_0,-14.142078
global,238,-,comp_1,-5.954455
global,238,-,comp_2,71.983233
global,238,-,comp_3,21.980468
global,238,-,comp_4,-18.578198
global,238,-,comp_5,0.262888
global,238,-,comp_6,14.142078
global,238,-,comp_7,5.954455
global,238,-,comp_8,-71.983233
global,238,-,comp_9,1.599173
global,238,-,comp_10,-37.424432
global,238,-,comp_11,-0.262888
global,239,-,comp_0,-27.331949
global,239,-,comp_1,-0.478517
global,239,-,comp_2,50.417045
global,239,-,comp_3,-2.411283
global,239,-,comp_4,-54.832413
global,239,-,comp_5,0.3622
global,239,-,comp_6,27.331949
global,239,-,comp_7,0.478517
global,239,-,comp_8,-50.417045
global,239,-,comp_9,4.306209
global,239,-,comp_10,-53.402107
global,239,-,comp_11,-0.3622
global,240,-,comp_0,-20.627073
global,240,-,comp_1,0.821893
global,240,-,comp_2,29.815488
global,240,-,comp_3,-4.821212
global,240,-,comp_4,-44.754369
global,240,-,comp_5,0.264855
global,240,-,comp_6,20.627073
global,240,-,comp_7,-0.821893
global,240,-,comp_8,-29.815488
global,240,-,comp_9,1.566517
global,240,-,comp_10,-36.928839
global,240,-,comp_11,-0.264855
global,241,-,comp_0,-39.47595
global,241,-,comp_1,0.421443
global,241,-,comp_2,9.212908
global,241,-,comp_3,-1.694397
global,241,-,comp_4,-62.239783
global,241,-,comp_5,0.212373
global,241,-,comp_6,39.47595
global,241,-,comp_7,-0.421443
global,241,-,comp_8,-9.212908
global,241,-,comp_9,0.025482
global,241,-,comp_10,-94.084977
global,241,-,comp_11,-0.212373
global,242,-,comp_0,0.937011
global,242,-,comp_1,-2.379682
global,242,-,comp_2,567.363525
global,242,-,comp_3,-0.258881
global,242,-,comp_4,3.629625
global,242,-,comp_5,1.432502
global,242,-,comp_6,-0.937011
global,242,-,comp_7,2.379682
global,242,-,comp_8,-567.363525
global,242,-,comp_9,9.682423
global,242,-,comp_10,0.080939
global,242,-,comp_11,-1.432502
global,243,-,comp_0,0.090663
global,243,-,comp_1,0.550801
global,243,-,comp_2,420.934699
global,243,-,comp_3,-9.682423
global,243,-,comp_4,-0.080939
global,243,-,comp_5,2.27735
global,243,-,comp_6,-0.090663
global,243,-,comp_7,-0.550801
global,243,-,comp_8,-420.934699
global,243,-,comp_9,7.501249
global,243,-,comp_10,0.439963
global,243,-,comp_11,-2.27735
global,244,-,comp_0,0.012536
global,244,-,comp_1,1.203161
global,244,-,comp_2,272.360426
global,244,-,comp_3,-7.501249
global,244,-,comp_4,-0.439963
global,244,-,comp_5,1.665288
global,244,-,comp_6,-0.012536
global,244,-,comp_7,-1.203161
global,244,-,comp_8,-272.360426
global,244,-,comp_9,2.736732
global,244,-,comp_10,0.489608
global,244,-,comp_11,-1.665288
global,245,-,comp_0,-0.123638
global,245,-,comp_1,0.691094
global,245,-,comp_2,127.169443
global,245,-,comp_3,-2.736732
global,245,-,comp_4,-0.489608
global,245,-,comp_5,1.335307
global,245,-,comp_6,0.123638
global,245,-,comp_7,-0.691094
global,245,-,comp_8,-127.169443
global,245,-,comp_9,0.0
global,245,-,comp_10,-0.0
global,245,-,comp_11,-1.335307
global,246,-,comp_0,0.486152
global,246,-,comp_1,-2.454042
global,246,-,comp_2,590.250016
global,246,-,comp_3,-0.772082
global,246,-,comp_4,1.868569
global,246,-,comp_5,1.65292
global,246,-,comp_6,-0.486152
global,246,-,comp_7,2.454042
global,246,-,comp_8,-590.250016
global,246,-,comp_9,10.490089
global,246,-,comp_10,0.056593
global,246,-,comp_11,-1.65292
global,247,-,comp_0,0.077221
global,247,-,comp_1,0.809146
global,247,-,comp_2,399.752357
global,247,-,comp_3,-10.490089
global,247,-,comp_4,-0.056593
global,247,-,comp_5,2.27735
global,247,-,comp_6,-0.077221
global,247,-,comp_7,-0.809146
global,247,-,comp_8,-399.752357
global,247,-,comp_9,7.285872
global,247,-,comp_10,0.362387
global,247,-,comp_11,-2.27735
global,248,-,comp_0,0.024622
global,248,-,comp_1,1.135176
global,248,-,comp_2,208.519199
global,248,-,comp_3,-7.285872
global,248,-,comp_4,-0.362387
global,248,-,comp_5,1.665288
global,248,-,comp_6,-0.024622
global,248,-,comp_7,-1.135176
global,248,-,comp_8,-208.519199
global,248,-,comp_9,2.790576
global,248,-,comp_10,0.459891
global,248,-,comp_11,-1.665288
global,249,-,comp_0,-0.116134
global,249,-,comp_1,0.704691
global,249,-,comp_2,18.02154
global,249,-,comp_3,-2.790576
global,249,-,comp_4,-0.459891
global,249,-,comp_5,1.335307
global,249,-,comp_6,0.116134
global,249,-,comp_7,-0.704691
global,249,-,comp_8,-18.02154
global,249,-,comp_9,0.0
global,249,-,comp_10,-0.0
global,249,-,comp_11,-1.335307
global,250,-,comp_0,1.381344
global,250,-,comp_1,40.39188
global,250,-,comp_2,35.193579
global,250,-,comp_3,-159.951844
global,250,-,comp_4,5.470123
global,250,-,comp_5,12.059924
global,250,-,comp_6,-1.381344
global,250,-,comp_7,-40.39188
global,250,-,comp_8,-35.193579
global,250,-,comp_9,0.0
global,250,-,comp_10,-0.0
global,250,-,comp_11,-12.059924
global,251,-,comp_0,0.961673
global,251,-,comp_1,1.378205
global,251,-,comp_2,129.864308
global,251,-,comp_3,-13.955139
global,251,-,comp_4,3.662178
global,251,-,comp_5,1.432502
global,251,-,comp_6,-0.961673
global,251,-,comp_7,-1.378205
global,251,-,comp_8,-129.864308
global,251,-,comp_9,8.497446
global,251,-,comp_10,0.146046
global,251,-,comp_11,-1.432502
global,252,-,comp_0,0.098581
global,252,-,comp_1,1.047103
global,252,-,comp_2,91.345542
global,252,-,comp_3,-8.497446
global,252,-,comp_4,-0.146046
global,252,-,comp_5,1.973663
global,252,-,comp_6,-0.098581
global,252,-,comp_7,-1.047103
global,252,-,comp_8,-91.345542
global,252,-,comp_9,4.350916
global,252,-,comp_10,0.536427
global,252,-,comp_11,-1.973663
global,253,-,comp_0,-0.017913
global,253,-,comp_1,0.598428
global,253,-,comp_2,54.064619
global,253,-,comp_3,-4.350916
global,253,-,comp_4,-0.536427
global,253,-,comp_5,1.665288
global,253,-,comp_6,0.017913
global,253,-,comp_7,-0.598428
global,253,-,comp_8,-54.064619
global,253,-,comp_9,1.981143
global,253,-,comp_10,0.465492
global,253,-,comp_11,-1.665288
global,254,-,comp_0,-0.117548
global,254,-,comp_1,0.500289
global,254,-,comp_2,18.02154
global,254,-,comp_3,-1.981143
global,254,-,comp_4,-0.465492
global,254,-,comp_5,1.335307
global,254,-,comp_6,0.117548
global,254,-,comp_7,-0.500289
global,254,-,comp_8,-18.02154
global,254,-,comp_9,0.0
global,254,-,comp_10,-0.0
global,254,-,comp_11,-1.335307
global,255,-,comp_0,0.974275
global,255,-,comp_1,8.869498
global,255,-,comp_2,177.666897
global,255,-,comp_3,-118.342301
global,255,-,comp_4,3.681908
global,255,-,comp_5,12.059924
global,255,-,comp_6,-0.974275
global,255,-,comp_7,-8.869498
global,255,-,comp_8,-177.666897
global,255,-,comp_9,83.219087
global,255,-,comp_10,0.176221
global,255,-,comp_11,-12.059924
global,256,-,comp_0,0.076141
global,256,-,comp_1,18.921709
global,256,-,comp_2,107.279738
global,256,-,comp_3,-83.219087
global,256,-,comp_4,-0.176221
global,256,-,comp_5,16.615845
global,256,-,comp_6,-0.076141
global,256,-,comp_7,-18.921709
global,256,-,comp_8,-107.279738
global,256,-,comp_9,8.289117
global,256,-,comp_10,0.477737
global,256,-,comp_11,-16.615845
global,257,-,comp_0,-0.011789
global,257,-,comp_1,1.841547
global,257,-,comp_2,54.064619
global,257,-,comp_3,-8.289117
global,257,-,comp_4,-0.477737
global,257,-,comp_5,1.665288
global,257,-,comp_6,0.011789
global,257,-,comp_7,-1.841547
global,257,-,comp_8,-54.064619
global,257,-,comp_9,0.996593
global,257,-,comp_10,0.431054
global,257,-,comp_11,-1.665288
global,258,-,comp_0,-0.108852
global,258,-,comp_1,0.251665
global,258,-,comp_2,18.02154
global,258,-,comp_3,-0.996593
global,258,-,comp_4,-0.431054
global,258,-,comp_5,1.335307
global,258,-,comp_6,0.108852
global,258,-,comp_7,-0.251665
global,258,-,comp_8,-18.02154
global,258,-,comp_9,0.0
global,258,-,comp_10,-0.0
global,258,-,comp_11,-1.335307
global,259,-,comp_0,1.0234
global,259,-,comp_1,30.365511
global,259,-,comp_2,506.477199
global,259,-,comp_3,-314.691874
global,259,-,comp_4,3.925397
global,259,-,comp_5,30.950015
global,259,-,comp_6,-1.0234
global,259,-,comp_7,-30.365511
global,259,-,comp_8,-506.477199
global,259,-,comp_9,194.444449
global,259,-,comp_10,0.127269
global,259,-,comp_11,-30.950015
global,260,-,comp_0,0.168529
global,260,-,comp_1,26.154589
global,260,-,comp_2,379.989931
global,260,-,comp_3,-194.444449
global,260,-,comp_4,-0.127269
global,260,-,comp_5,42.642115
global,260,-,comp_6,-0.168529
global,260,-,comp_7,-26.154589
global,260,-,comp_8,-379.989931
global,260,-,comp_9,90.872278
global,260,-,comp_10,0.794642
global,260,-,comp_11,-42.642115
global,261,-,comp_0,0.094444
global,261,-,comp_1,13.821118
global,261,-,comp_2,228.751113
global,261,-,comp_3,-90.872278
global,261,-,comp_4,-0.794642
global,261,-,comp_5,31.181603
global,261,-,comp_6,-0.094444
global,261,-,comp_7,-13.821118
global,261,-,comp_8,-228.751113
global,261,-,comp_9,36.140652
global,261,-,comp_10,1.168641
global,261,-,comp_11,-31.181603
global,262,-,comp_0,-0.295111
global,262,-,comp_1,9.126427
global,262,-,comp_2,78.247793
global,262,-,comp_3,-36.140652
global,262,-,comp_4,-1.168641
global,262,-,comp_5,25.002891
global,262,-,comp_6,0.295111
global,262,-,comp_7,-9.126427
global,262,-,comp_8,-78.247793
global,262,-,comp_9,0.0
global,262,-,comp_10,-0.0
global,262,-,comp_11,-25.002891
global,263,-,comp_0,0.102804
global,263,-,comp_1,30.365511
global,263,-,comp_2,458.445097
global,263,-,comp_3,-314.691874
global,263,-,comp_4,0.360062
global,263,-,comp_5,30.950015
global,263,-,comp_6,-0.102804
global,263,-,comp_7,-30.365511
global,263,-,comp_8,-458.445097
global,263,-,comp_9,194.444449
global,263,-,comp_10,0.047044
global,263,-,comp_11,-30.950015
global,264,-,comp_0,0.042079
global,264,-,comp_1,26.154589
global,264,-,comp_2,331.957829
global,264,-,comp_3,-194.444449
global,264,-,comp_4,-0.047044
global,264,-,comp_5,42.642115
global,264,-,comp_6,-0.042079
global,264,-,comp_7,-26.154589
global,264,-,comp_8,-331.957829
global,264,-,comp_9,90.872278
global,264,-,comp_10,0.213678
global,264,-,comp_11,-42.642115
global,265,-,comp_0,0.188971
global,265,-,comp_1,13.821118
global,265,-,comp_2,204.735062
global,265,-,comp_3,-90.872278
global,265,-,comp_4,-0.213678
global,265,-,comp_5,31.181603
global,265,-,comp_6,-0.188971
global,265,-,comp_7,-13.821118
global,265,-,comp_8,-204.735062
global,265,-,comp_9,36.140652
global,265,-,comp_10,0.962003
global,265,-,comp_11,-31.181603
global,266,-,comp_0,-0.24293
global,266,-,comp_1,9.126427
global,266,-,comp_2,78.247793
global,266,-,comp_3,-36.140652
global,266,-,comp_4,-0.962003
global,266,-,comp_5,25.002891
global,266,-,comp_6,0.24293
global,266,-,comp_7,-9.126427
global,266,-,comp_8,-78.247793
global,266,-,comp_9,0.0
global,266,-,comp_10,-0.0
global,266,-,comp_11,-25.002891
