tipo,elemento,componente,valor_cache
fuerza|local,3,comp_0,291.76906429818723
fuerza|local,3,comp_1,18.343450263127053
fuerza|local,3,comp_2,0.6739194099129066
fuerza|local,3,comp_3,-0.0007673618288427359
fuerza|local,3,comp_4,-0.9223986558180526
fuerza|local,3,comp_5,19.35848657770051
fuerza|local,3,comp_6,-291.76906429818723
fuerza|local,3,comp_7,-18.343450263127053
fuerza|local,3,comp_8,-0.6739194099129066
fuerza|local,3,comp_9,0.0007673618288427359
fuerza|local,3,comp_10,-1.746322207437057
fuerza|local,3,comp_11,53.28157646428261
fuerza|local,6,comp_0,533.1644517791802
fuerza|local,6,comp_1,22.8150539729629
fuerza|local,6,comp_2,3.936475994835408
fuerza|local,6,comp_3,-0.034496394010911195
fuerza|local,6,comp_4,-8.323232248533465
fuerza|local,6,comp_5,54.89667236614675
fuerza|local,6,comp_6,-533.1644517791802
fuerza|local,6,comp_7,-22.8150539729629
fuerza|local,6,comp_8,-3.936475994835408
fuerza|local,6,comp_9,0.034496394010911195
fuerza|local,6,comp_10,-7.265212691014749
fuerza|local,6,comp_11,35.45094136678633
fuerza|local,8,comp_0,250.8258506323168
fuerza|local,8,comp_1,-28.455225439144385
fuerza|local,8,comp_2,5.776868683490074
fuerza|local,8,comp_3,0.03326429683772602
fuerza|local,8,comp_4,-9.40843702044323
fuerza|local,8,comp_5,-60.72621282128566
fuerza|local,8,comp_6,-250.8258506323168
fuerza|local,8,comp_7,28.455225439144385
fuerza|local,8,comp_8,-5.776868683490074
fuerza|local,8,comp_9,-0.03326429683772602
fuerza|local,8,comp_10,-13.46796296617746
fuerza|local,8,comp_11,-51.9564799177261
fuerza|local,11,comp_0,1117.508996610252
fuerza|local,11,comp_1,-1.1265529187882928
fuerza|local,11,comp_2,-1.2340416152618763
fuerza|local,11,comp_3,-0.0007673618288427359
fuerza|local,11,comp_4,1.5961098974126604
fuerza|local,11,comp_5,-6.338238419585073
fuerza|local,11,comp_6,-1117.508996610252
fuerza|local,11,comp_7,1.1265529187882928
fuerza|local,11,comp_8,1.2340416152618763
fuerza|local,11,comp_9,0.0007673618288427359
fuerza|local,11,comp_10,3.290694899024369
fuerza|local,11,comp_11,1.8770888611834335
fuerza|local,13,comp_0,658.1943428789432
fuerza|local,13,comp_1,7.408055787759188
fuerza|local,13,comp_2,0.3149769896906768
fuerza|local,13,comp_3,-0.034496394010911195
fuerza|local,13,comp_4,-1.024345008511707
fuerza|local,13,comp_5,9.01706900795698
fuerza|local,13,comp_6,-658.1943428789432
fuerza|local,13,comp_7,-7.408055787759188
fuerza|local,13,comp_8,-0.3149769896906768
fuerza|local,13,comp_9,0.034496394010911195
fuerza|local,13,comp_10,-0.22296387066337298
fuerza|local,13,comp_11,20.3188319115694
fuerza|local,15,comp_0,312.14316107879677
fuerza|local,15,comp_1,-32.38554565842846
fuerza|local,15,comp_2,-1.0934893398801773
fuerza|local,15,comp_3,0.03326429683772602
fuerza|local,15,comp_4,1.9223057039658318
fuerza|local,15,comp_5,-61.033993636803345
fuerza|local,15,comp_6,-312.14316107879677
fuerza|local,15,comp_7,32.38554565842846
fuerza|local,15,comp_8,1.0934893398801773
fuerza|local,15,comp_9,-0.03326429683772602
fuerza|local,15,comp_10,2.4079120819596698
fuerza|local,15,comp_11,-67.21276717057337
fuerza|local,18,comp_0,236.19289150086422
fuerza|local,18,comp_1,14.302093176841689
fuerza|local,18,comp_2,-1.858158176364508
fuerza|local,18,comp_3,-0.0007673618288427359
fuerza|local,18,comp_4,2.4199437580681344
fuerza|local,18,comp_5,14.030571530085755
fuerza|local,18,comp_6,-236.19289150086422
fuerza|local,18,comp_7,-14.302093176841689
fuerza|local,18,comp_8,1.858158176364508
fuerza|local,18,comp_9,0.0007673618288427359
fuerza|local,18,comp_10,4.938362620335317
fuerza|local,18,comp_11,42.60571745020734
fuerza|local,20,comp_0,413.84567176850146
fuerza|local,20,comp_1,19.364949784019505
fuerza|local,20,comp_2,-2.1846823127598882
fuerza|local,20,comp_3,-0.034496394010911195
fuerza|local,20,comp_4,3.099039131378513
fuerza|local,20,comp_5,45.294721113123366
fuerza|local,20,comp_6,-413.84567176850146
fuerza|local,20,comp_7,-19.364949784019505
fuerza|local,20,comp_8,2.1846823127598882
fuerza|local,20,comp_9,0.034496394010911195
fuerza|local,20,comp_10,5.552302827150644
fuerza|local,20,comp_11,31.390480031593867
fuerza|local,22,comp_0,192.17616483578064
fuerza|local,22,comp_1,-30.58064757428119
fuerza|local,22,comp_2,-7.105168662363712
fuerza|local,22,comp_3,0.03326429683772602
fuerza|local,22,comp_4,12.333438828223368
fuerza|local,22,comp_5,-63.62763467088399
fuerza|local,22,comp_6,-192.17616483578064
fuerza|local,22,comp_7,30.58064757428119
fuerza|local,22,comp_8,7.105168662363712
fuerza|local,22,comp_9,-0.03326429683772602
fuerza|local,22,comp_10,15.803029074736928
fuerza|local,22,comp_11,-57.47172972326952
fuerza|local,25,comp_0,2153.435376599589
fuerza|local,25,comp_1,-11.683315058596206
fuerza|local,25,comp_2,-1.0776470746427096
fuerza|local,25,comp_3,-0.0007673618288427359
fuerza|local,25,comp_4,1.393803039573638
fuerza|local,25,comp_5,-20.273164444131517
fuerza|local,25,comp_6,-2153.435376599589
fuerza|local,25,comp_7,11.683315058596206
fuerza|local,25,comp_8,1.0776470746427096
fuerza|local,25,comp_9,0.0007673618288427359
fuerza|local,25,comp_10,2.873679376011492
fuerza|local,25,comp_11,-25.992763187909453
fuerza|local,27,comp_0,1418.0716734843543
fuerza|local,27,comp_1,45.18071402425227
fuerza|local,27,comp_2,0.6243942965508392
fuerza|local,27,comp_3,-0.034496394010911195
fuerza|local,27,comp_4,-1.4616453590862353
fuerza|local,27,comp_5,44.9420518555814
fuerza|local,27,comp_6,-1418.0716734843543
fuerza|local,27,comp_7,-45.18071402425227
fuerza|local,27,comp_8,-0.6243942965508392
fuerza|local,27,comp_9,0.034496394010911195
fuerza|local,27,comp_10,-1.0109560552550878
fuerza|local,27,comp_11,133.97357568045757
fuerza|local,29,comp_0,717.0739585831924
fuerza|local,29,comp_1,129.6199900388159
fuerza|local,29,comp_2,-1.6338976281217554
fuerza|local,29,comp_3,0.03326429683772602
fuerza|local,29,comp_4,1.8910425461278773
fuerza|local,29,comp_5,216.60814838027653
fuerza|local,29,comp_6,-717.0739585831924
fuerza|local,29,comp_7,-129.6199900388159
fuerza|local,29,comp_8,1.6338976281217554
fuerza|local,29,comp_9,-0.03326429683772602
fuerza|local,29,comp_10,4.579192061234274
fuerza|local,29,comp_11,296.6870121734345
fuerza|local,32,comp_0,1479.8916110730192
fuerza|local,32,comp_1,-12.58676119720043
fuerza|local,32,comp_2,-2.2504370616673572
fuerza|local,32,comp_3,-0.0007673618288427359
fuerza|local,32,comp_4,2.9418858224461726
fuerza|local,32,comp_5,-21.462716243649844
fuerza|local,32,comp_6,-1479.8916110730192
fuerza|local,32,comp_7,12.58676119720043
fuerza|local,32,comp_8,2.2504370616673572
fuerza|local,32,comp_9,0.0007673618288427359
fuerza|local,32,comp_10,5.969844941756561
fuerza|local,32,comp_11,-28.380858097263854
fuerza|local,34,comp_0,1036.362541987541
fuerza|local,34,comp_1,42.79670622701386
fuerza|local,34,comp_2,-2.8047450492547576
fuerza|local,34,comp_3,-0.034496394010911195
fuerza|local,34,comp_4,4.612901360249687
fuerza|local,34,comp_5,40.731351844140306
fuerza|local,34,comp_6,-1036.362541987541
fuerza|local,34,comp_7,-42.79670622701386
fuerza|local,34,comp_8,2.8047450492547576
fuerza|local,34,comp_9,0.034496394010911195
fuerza|local,34,comp_10,6.493889034799153
fuerza|local,34,comp_11,128.74360481483455
fuerza|local,36,comp_0,493.244995726571
fuerza|local,36,comp_1,97.2910556435591
fuerza|local,36,comp_2,-9.245923777406583
fuerza|local,36,comp_3,0.03326429683772602
fuerza|local,36,comp_4,14.917298216774702
fuerza|local,36,comp_5,171.58621985515333
fuerza|local,36,comp_6,-493.244995726571
fuerza|local,36,comp_7,-97.2910556435591
fuerza|local,36,comp_8,9.245923777406583
fuerza|local,36,comp_9,-0.03326429683772602
fuerza|local,36,comp_10,21.69655994175536
fuerza|local,36,comp_11,213.68636049334071
fuerza|local,39,comp_0,1586.058837911205
fuerza|local,39,comp_1,-10.505403722541525
fuerza|local,39,comp_2,0.4133903078514177
fuerza|local,39,comp_3,-0.0007673618288427359
fuerza|local,39,comp_4,-0.5743663053186101
fuerza|local,39,comp_5,-18.722000683382003
fuerza|local,39,comp_6,-1586.058837911205
fuerza|local,39,comp_7,10.505403722541525
fuerza|local,39,comp_8,-0.4133903078514177
fuerza|local,39,comp_9,0.0007673618288427359
fuerza|local,39,comp_10,-1.062659313773004
fuerza|local,39,comp_11,-22.879398057882426
fuerza|local,41,comp_0,1038.0128297667643
fuerza|local,41,comp_1,32.9462331950079
fuerza|local,41,comp_2,4.192527581415857
fuerza|local,41,comp_3,-0.034496394010911195
fuerza|local,41,comp_4,-8.139750640000306
fuerza|local,41,comp_5,30.189341678163625
fuerza|local,41,comp_6,-1038.0128297667643
fuerza|local,41,comp_7,-32.9462331950079
fuerza|local,41,comp_8,-4.192527581415857
fuerza|local,41,comp_9,0.034496394010911195
fuerza|local,41,comp_10,-8.462658582406485
fuerza|local,41,comp_11,100.27774177406764
fuerza|local,43,comp_0,504.86309143918317
fuerza|local,43,comp_1,72.11167928961993
fuerza|local,43,comp_2,9.276844890482105
fuerza|local,43,comp_3,0.03326429683772602
fuerza|local,43,comp_4,-15.252904169558793
fuerza|local,43,comp_5,123.47574525486515
fuerza|local,43,comp_6,-504.86309143918317
fuerza|local,43,comp_7,-72.11167928961993
fuerza|local,43,comp_8,-9.276844890482105
fuerza|local,43,comp_9,-0.03326429683772602
fuerza|local,43,comp_10,-21.48340159675034
fuerza|local,43,comp_11,162.08650473202977
fuerza|local,46,comp_0,1756.366297547998
fuerza|local,46,comp_1,-4.419508534328083
fuerza|local,46,comp_2,0.37568342244023056
fuerza|local,46,comp_3,-0.0007673618288427359
fuerza|local,46,comp_4,-0.5204592807975656
fuerza|local,46,comp_5,-10.688619034940263
fuerza|local,46,comp_6,-1756.366297547998
fuerza|local,46,comp_7,4.419508534328083
fuerza|local,46,comp_8,-0.37568342244023056
fuerza|local,46,comp_9,0.0007673618288427359
fuerza|local,46,comp_10,-0.9672470720657473
fuerza|local,46,comp_11,-6.812634760998945
fuerza|local,48,comp_0,1212.8975674316318
fuerza|local,48,comp_1,1.6584241499880996
fuerza|local,48,comp_2,5.051702618453648
fuerza|local,48,comp_3,-0.034496394010911195
fuerza|local,48,comp_4,-9.04651731204924
fuerza|local,48,comp_5,-3.077184612820762
fuerza|local,48,comp_6,-1212.8975674316318
fuerza|local,48,comp_7,-1.6584241499880996
fuerza|local,48,comp_8,-5.051702618453648
fuerza|local,48,comp_9,0.034496394010911195
fuerza|local,48,comp_10,-10.958225057027208
fuerza|local,48,comp_11,9.644544246773636
fuerza|local,50,comp_0,598.9441415372497
fuerza|local,50,comp_1,-37.90643854891272
fuerza|local,50,comp_2,12.175112752075817
fuerza|local,50,comp_3,0.03326429683772602
fuerza|local,50,comp_4,-20.805113931373867
fuerza|local,50,comp_5,-71.08145987986582
fuerza|local,50,comp_6,-598.9441415372497
fuerza|local,50,comp_7,37.90643854891272
fuerza|local,50,comp_8,-12.175112752075817
fuerza|local,50,comp_9,-0.03326429683772602
fuerza|local,50,comp_10,-27.40833256684637
fuerza|local,50,comp_11,-79.02803677382855
fuerza|local,53,comp_0,1316.4796180053677
fuerza|local,53,comp_1,-23.853512815872755
fuerza|local,53,comp_2,-3.8283162302109845
fuerza|local,53,comp_3,-0.034496394010911195
fuerza|local,53,comp_4,5.961678018207531
fuerza|local,53,comp_5,-28.639636586675458
fuerza|local,53,comp_6,-1316.4796180053677
fuerza|local,53,comp_7,23.853512815872755
fuerza|local,53,comp_8,3.8283162302109845
fuerza|local,53,comp_9,0.034496394010911195
fuerza|local,53,comp_10,9.198454253427967
fuerza|local,53,comp_11,-65.82027416418065
fuerza|local,55,comp_0,621.6439498966251
fuerza|local,55,comp_1,-40.89977669747808
fuerza|local,55,comp_2,-10.499883025114888
fuerza|local,55,comp_3,0.03326429683772602
fuerza|local,55,comp_4,17.560934924735722
fuerza|local,55,comp_5,-117.41126867742061
fuerza|local,55,comp_6,-621.6439498966251
fuerza|local,55,comp_7,40.89977669747808
fuerza|local,55,comp_8,10.499883025114888
fuerza|local,55,comp_9,-0.03326429683772602
fuerza|local,55,comp_10,24.018601854719236
fuerza|local,55,comp_11,-44.55184704459256
fuerza|local,57,comp_0,1734.092299950629
fuerza|local,57,comp_1,1.5096787314318096
fuerza|local,57,comp_2,-2.114142676059356
fuerza|local,57,comp_3,-0.0007673618288427359
fuerza|local,57,comp_4,2.7661111692218885
fuerza|local,57,comp_5,-2.855415537855288
fuerza|local,57,comp_6,-1734.092299950629
fuerza|local,57,comp_7,-1.5096787314318096
fuerza|local,57,comp_8,2.114142676059356
fuerza|local,57,comp_9,0.0007673618288427359
fuerza|local,57,comp_10,5.605893827973161
fuerza|local,57,comp_11,8.833743314325254
fuerza|local,60,comp_0,1713.4719669788872
fuerza|local,60,comp_1,-14.079412444925296
fuerza|local,60,comp_2,0.09509945546469661
fuerza|local,60,comp_3,-0.034496394010911195
fuerza|local,60,comp_4,-0.9315115566721454
fuerza|local,60,comp_5,-18.256614873294506
fuerza|local,60,comp_6,-1713.4719669788872
fuerza|local,60,comp_7,14.079412444925296
fuerza|local,60,comp_8,-0.09509945546469661
fuerza|local,60,comp_9,0.034496394010911195
fuerza|local,60,comp_10,0.5549177130319468
fuerza|local,60,comp_11,-37.49785840860966
fuerza|local,62,comp_0,825.3748113024894
fuerza|local,62,comp_1,-55.27735302318381
fuerza|local,62,comp_2,-0.06349418081380265
fuerza|local,62,comp_3,0.03326429683772602
fuerza|local,62,comp_4,0.32027381495416846
fuerza|local,62,comp_5,-120.70441161131593
fuerza|local,62,comp_6,-825.3748113024894
fuerza|local,62,comp_7,55.27735302318381
fuerza|local,62,comp_8,0.06349418081380265
fuerza|local,62,comp_9,-0.03326429683772602
fuerza|local,62,comp_10,-0.06883685893151001
fuerza|local,62,comp_11,-98.19390636049194
fuerza|local,64,comp_0,2424.6584102402667
fuerza|local,64,comp_1,-0.3009664143246344
fuerza|local,64,comp_2,-0.815445047432252
fuerza|local,64,comp_3,-0.0007673618288427359
fuerza|local,64,comp_4,1.0518302994341113
fuerza|local,64,comp_5,-5.248464233693044
fuerza|local,64,comp_6,-2424.6584102402667
fuerza|local,64,comp_7,0.3009664143246344
fuerza|local,64,comp_8,0.815445047432252
fuerza|local,64,comp_9,0.0007673618288427359
fuerza|local,64,comp_10,2.1773320883976064
fuerza|local,64,comp_11,4.056637232967492
fuerza|local,67,comp_0,1196.9293387285625
fuerza|local,67,comp_1,-3.0625279548786075
fuerza|local,67,comp_2,-5.115671847481317
fuerza|local,67,comp_3,-0.034496394010911195
fuerza|local,67,comp_4,7.835805964790994
fuerza|local,67,comp_5,-10.82542081667566
fuerza|local,67,comp_6,-1196.9293387285625
fuerza|local,67,comp_7,3.0625279548786075
fuerza|local,67,comp_8,5.115671847481317
fuerza|local,67,comp_9,0.034496394010911195
fuerza|local,67,comp_10,12.42225455123502
fuerza|local,67,comp_11,-1.3021898846436253
fuerza|local,69,comp_0,621.4273821142754
fuerza|local,69,comp_1,-51.96374455668158
fuerza|local,69,comp_2,-11.865733148663406
fuerza|local,69,comp_3,0.03326429683772602
fuerza|local,69,comp_4,20.523307212049442
fuerza|local,69,comp_5,-94.94172198854449
fuerza|local,69,comp_6,-621.4273821142754
fuerza|local,69,comp_7,51.96374455668158
fuerza|local,69,comp_8,11.865733148663406
fuerza|local,69,comp_9,-0.03326429683772602
fuerza|local,69,comp_10,26.46499605665764
fuerza|local,69,comp_11,-110.83470645591454
fuerza|local,71,comp_0,1616.323233270039
fuerza|local,71,comp_1,-5.785688121986732
fuerza|local,71,comp_2,-2.112057254611203
fuerza|local,71,comp_3,-0.0007673618288427359
fuerza|local,71,comp_4,2.767492348688604
fuerza|local,71,comp_5,-12.485299784367763
fuerza|local,71,comp_6,-1616.323233270039
fuerza|local,71,comp_7,5.785688121986732
fuerza|local,71,comp_8,2.112057254611203
fuerza|local,71,comp_9,0.0007673618288427359
fuerza|local,71,comp_10,5.59625437957176
fuerza|local,71,comp_11,-10.426025178699696
fuerza|local,74,comp_0,1665.8138396591119
fuerza|local,74,comp_1,0.6246893680694086
fuerza|local,74,comp_2,-0.3634398487473153
fuerza|local,74,comp_3,-0.034496394010911195
fuerza|local,74,comp_4,-0.5543909383097747
fuerza|local,74,comp_5,-6.680065994115408
fuerza|local,74,comp_6,-1665.8138396591119
fuerza|local,74,comp_7,-0.6246893680694086
fuerza|local,74,comp_8,0.3634398487473153
fuerza|local,74,comp_9,0.034496394010911195
fuerza|local,74,comp_10,1.9936127393491432
fuerza|local,74,comp_11,9.153835891670266
fuerza|local,76,comp_0,831.6816431772306
fuerza|local,76,comp_1,-20.41741105268943
fuerza|local,76,comp_2,-1.0490967720138467
fuerza|local,76,comp_3,0.03326429683772602
fuerza|local,76,comp_4,2.0896516213150305
fuerza|local,76,comp_5,-47.44700830313644
fuerza|local,76,comp_6,-831.6816431772306
fuerza|local,76,comp_7,20.41741105268943
fuerza|local,76,comp_8,1.0490967720138467
fuerza|local,76,comp_9,-0.03326429683772602
fuerza|local,76,comp_10,2.064771595859802
fuerza|local,76,comp_11,-33.4059394655137
fuerza|local,78,comp_0,2374.0288553226446
fuerza|local,78,comp_1,-6.234955440062445
fuerza|local,78,comp_2,-0.5080794782688649
fuerza|local,78,comp_3,-0.0007673618288427359
fuerza|local,78,comp_4,0.6502416839167177
fuerza|local,78,comp_5,-13.081329747666953
fuerza|local,78,comp_6,-2374.0288553226446
fuerza|local,78,comp_7,6.234955440062445
fuerza|local,78,comp_8,0.5080794782688649
fuerza|local,78,comp_9,0.0007673618288427359
fuerza|local,78,comp_10,1.3617530500279873
fuerza|local,78,comp_11,-11.609093794980328
fuerza|local,81,comp_0,1225.3522697471092
fuerza|local,81,comp_1,6.41047855121005
fuerza|local,81,comp_2,0.12283679015663633
fuerza|local,81,comp_3,-0.034496394010911195
fuerza|local,81,comp_4,4.8584343711697136
fuerza|local,81,comp_5,12.929761104931892
fuerza|local,81,comp_6,-1225.3522697471092
fuerza|local,81,comp_7,-6.41047855121005
fuerza|local,81,comp_8,-0.12283679015663633
fuerza|local,81,comp_9,0.034496394010911195
fuerza|local,81,comp_10,-5.344868060189993
fuerza|local,81,comp_11,12.455733957859904
fuerza|local,83,comp_0,607.011060941624
fuerza|local,83,comp_1,-20.88137780287347
fuerza|local,83,comp_2,12.330361085463746
fuerza|local,83,comp_3,0.03326429683772602
fuerza|local,83,comp_4,-22.26782838674131
fuerza|local,83,comp_5,-52.0699017936207
fuerza|local,83,comp_6,-607.011060941624
fuerza|local,83,comp_7,20.88137780287347
fuerza|local,83,comp_8,-12.330361085463746
fuerza|local,83,comp_9,-0.03326429683772602
fuerza|local,83,comp_10,-26.56040151169512
fuerza|local,83,comp_11,-30.62035430575822
fuerza|local,85,comp_0,1767.4712118729085
fuerza|local,85,comp_1,2.9549110930504625
fuerza|local,85,comp_2,-5.094981351626974
fuerza|local,85,comp_3,-0.0007673618288427359
fuerza|local,85,comp_4,6.704952156749422
fuerza|local,85,comp_5,-0.9543851268005827
fuerza|local,85,comp_6,-1767.4712118729085
fuerza|local,85,comp_7,-2.9549110930504625
fuerza|local,85,comp_8,5.094981351626974
fuerza|local,85,comp_9,0.0007673618288427359
fuerza|local,85,comp_10,13.471173995693395
fuerza|local,85,comp_11,12.655833055280414
fuerza|local,88,comp_0,675.2352128721379
fuerza|local,88,comp_1,-16.76065262042051
fuerza|local,88,comp_2,-4.2234285589707
fuerza|local,88,comp_3,-0.034496394010911195
fuerza|local,88,comp_4,6.69680232964975
fuerza|local,88,comp_5,-26.975145389280243
fuerza|local,88,comp_6,-675.2352128721379
fuerza|local,88,comp_7,16.76065262042051
fuerza|local,88,comp_8,4.2234285589707
fuerza|local,88,comp_9,0.034496394010911195
fuerza|local,88,comp_10,10.027974763874223
fuerza|local,88,comp_11,-39.397038987584985
fuerza|local,90,comp_0,249.75748642466021
fuerza|local,90,comp_1,-137.0045680649905
fuerza|local,90,comp_2,-10.133109846539218
fuerza|local,90,comp_3,0.03326429683772602
fuerza|local,90,comp_4,16.654685047938198
fuerza|local,90,comp_5,-227.2089335639383
fuerza|local,90,comp_6,-249.75748642466021
fuerza|local,90,comp_7,137.0045680649905
fuerza|local,90,comp_8,10.133109846539218
fuerza|local,90,comp_9,-0.03326429683772602
fuerza|local,90,comp_10,23.47242994435711
fuerza|local,90,comp_11,-315.329155973424
fuerza|local,92,comp_0,1003.7111093845423
fuerza|local,92,comp_1,-4.322203284175571
fuerza|local,92,comp_2,-2.0068952982434642
fuerza|local,92,comp_3,-0.0007673618288427359
fuerza|local,92,comp_4,2.6328125020614657
fuerza|local,92,comp_5,-10.55349979845703
fuerza|local,92,comp_6,-1003.7111093845423
fuerza|local,92,comp_7,4.322203284175571
fuerza|local,92,comp_8,2.0068952982434642
fuerza|local,92,comp_9,0.0007673618288427359
fuerza|local,92,comp_10,5.3144928789826515
fuerza|local,92,comp_11,-6.56242520687823
fuerza|local,95,comp_0,1141.461826968173
fuerza|local,95,comp_1,-31.154231995636575
fuerza|local,95,comp_2,-0.46242394938194414
fuerza|local,95,comp_3,-0.034496394010911195
fuerza|local,95,comp_4,-0.019403814942639208
fuerza|local,95,comp_5,-44.6071323944695
fuerza|local,95,comp_6,-1141.461826968173
fuerza|local,95,comp_7,31.154231995636575
fuerza|local,95,comp_8,0.46242394938194414
fuerza|local,95,comp_9,0.034496394010911195
fuerza|local,95,comp_10,1.850602654495138
fuerza|local,95,comp_11,-78.76362630825133
fuerza|local,97,comp_0,468.9760695722571
fuerza|local,97,comp_1,-188.81877886210913
fuerza|local,97,comp_2,-0.8734922053481252
fuerza|local,97,comp_3,0.03326429683772602
fuerza|local,97,comp_4,1.2191437368440257
fuerza|local,97,comp_5,-315.7060998114001
fuerza|local,97,comp_6,-468.9760695722571
fuerza|local,97,comp_7,188.81877886210913
fuerza|local,97,comp_8,0.8734922053481252
fuerza|local,97,comp_9,-0.03326429683772602
fuerza|local,97,comp_10,2.23988539633455
fuerza|local,97,comp_11,-432.0162644825519
fuerza|local,99,comp_0,1699.718763821919
fuerza|local,99,comp_1,-3.188660137230777
fuerza|local,99,comp_2,-0.6798649498076828
fuerza|local,99,comp_3,-0.0007673618288427359
fuerza|local,99,comp_4,0.8811324421262346
fuerza|local,99,comp_5,-9.060219947929152
fuerza|local,99,comp_6,-1699.718763821919
fuerza|local,99,comp_7,3.188660137230777
fuerza|local,99,comp_8,0.6798649498076828
fuerza|local,99,comp_9,0.0007673618288427359
fuerza|local,99,comp_10,1.811132759112189
fuerza|local,99,comp_11,-3.566874195504724
fuerza|local,102,comp_0,832.5991734897458
fuerza|local,102,comp_1,-14.076137422986367
fuerza|local,102,comp_2,3.9353159547195298
fuerza|local,102,comp_3,-0.034496394010911195
fuerza|local,102,comp_4,-7.8892333333909725
fuerza|local,102,comp_5,-13.884727331187582
fuerza|local,102,comp_6,-832.5991734897458
fuerza|local,102,comp_7,14.076137422986367
fuerza|local,102,comp_8,-3.9353159547195298
fuerza|local,102,comp_9,0.034496394010911195
fuerza|local,102,comp_10,-7.694617847298364
fuerza|local,102,comp_11,-41.85677686383843
fuerza|local,104,comp_0,323.39437896259955
fuerza|local,104,comp_1,-154.16241293138074
fuerza|local,104,comp_2,9.452289243440376
fuerza|local,104,comp_3,0.03326429683772602
fuerza|local,104,comp_4,-16.15109160393635
fuerza|local,104,comp_5,-255.27104589900938
fuerza|local,104,comp_6,-323.39437896259955
fuerza|local,104,comp_7,154.16241293138074
fuerza|local,104,comp_8,-9.452289243440376
fuerza|local,104,comp_9,-0.03326429683772602
fuerza|local,104,comp_10,-21.27997380008753
fuerza|local,104,comp_11,-355.2121093092583
fuerza|local,106,comp_0,999.6984113747941
fuerza|local,106,comp_1,3.127520676247276
fuerza|local,106,comp_2,0.8843872055213989
fuerza|local,106,comp_3,-0.0007673618288427359
fuerza|local,106,comp_4,-1.1836804029081531
fuerza|local,106,comp_5,-0.726540476980789
fuerza|local,106,comp_6,-999.6984113747941
fuerza|local,106,comp_7,-3.127520676247276
fuerza|local,106,comp_8,-0.8843872055213989
fuerza|local,106,comp_9,0.0007673618288427359
fuerza|local,106,comp_10,-2.3184929309565865
fuerza|local,106,comp_11,13.111522354920002
fuerza|local,109,comp_0,756.3327767506074
fuerza|local,109,comp_1,-25.73903580826368
fuerza|local,109,comp_2,-1.6590946834176352
fuerza|local,109,comp_3,-0.034496394010911195
fuerza|local,109,comp_4,3.162797125026217
fuerza|local,109,comp_5,-32.356172937237396
fuerza|local,109,comp_6,-756.3327767506074
fuerza|local,109,comp_7,25.73903580826368
fuerza|local,109,comp_8,1.6590946834176352
fuerza|local,109,comp_9,0.034496394010911195
fuerza|local,109,comp_10,3.4072178213076185
fuerza|local,109,comp_11,-69.57040886348676
fuerza|local,111,comp_0,583.78921177676
fuerza|local,111,comp_1,149.74199237941124
fuerza|local,111,comp_2,-8.774812014844581
fuerza|local,111,comp_3,0.03326429683772602
fuerza|local,111,comp_4,11.443375303874447
fuerza|local,111,comp_5,132.97462215472316
fuerza|local,111,comp_6,-583.78921177676
fuerza|local,111,comp_7,-149.74199237941124
fuerza|local,111,comp_8,8.774812014844581
fuerza|local,111,comp_9,-0.03326429683772602
fuerza|local,111,comp_10,23.304880274910094
fuerza|local,111,comp_11,460.0036676677453
fuerza|local,113,comp_0,956.856068423456
fuerza|local,113,comp_1,0.5796438824879303
fuerza|local,113,comp_2,-1.826690652074843
fuerza|local,113,comp_3,-0.0007673618288427359
fuerza|local,113,comp_4,2.3970093370080243
fuerza|local,113,comp_5,-4.083061538461209
fuerza|local,113,comp_6,-956.856068423456
fuerza|local,113,comp_7,-0.5796438824879303
fuerza|local,113,comp_8,1.826690652074843
fuerza|local,113,comp_9,0.0007673618288427359
fuerza|local,113,comp_10,4.836685645208353
fuerza|local,113,comp_11,6.378451313113413
fuerza|local,116,comp_0,1104.0905451990361
fuerza|local,116,comp_1,-32.90428219516299
fuerza|local,116,comp_2,-0.19841308029664406
fuerza|local,116,comp_3,-0.034496394010911195
fuerza|local,116,comp_4,-0.7011917203095097
fuerza|local,116,comp_5,-41.832664301606094
fuerza|local,116,comp_6,-1104.0905451990361
fuerza|local,116,comp_7,32.90428219516299
fuerza|local,116,comp_8,0.19841308029664406
fuerza|local,116,comp_9,0.034496394010911195
fuerza|local,116,comp_10,1.4869075182842202
fuerza|local,116,comp_11,-88.46829319123934
fuerza|local,118,comp_0,828.9251423415441
fuerza|local,118,comp_1,190.7838961912522
fuerza|local,118,comp_2,-0.8676169995512577
fuerza|local,118,comp_3,0.03326429683772602
fuerza|local,118,comp_4,1.01366729678357
fuerza|local,118,comp_5,177.97483063942366
fuerza|local,118,comp_6,-828.9251423415441
fuerza|local,118,comp_7,-190.7838961912522
fuerza|local,118,comp_8,0.8676169995512577
fuerza|local,118,comp_9,-0.03326429683772602
fuerza|local,118,comp_10,2.42209602143941
fuerza|local,118,comp_11,577.529398277935
fuerza|local,120,comp_0,1453.1882373031879
fuerza|local,120,comp_1,0.6632598296164031
fuerza|local,120,comp_2,-0.36010797842634407
fuerza|local,120,comp_3,-0.0007673618288427359
fuerza|local,120,comp_4,0.4611202077920063
fuerza|local,120,comp_5,-3.9756855916908744
fuerza|local,120,comp_6,-1453.1882373031879
fuerza|local,120,comp_7,-0.6632598296164031
fuerza|local,120,comp_8,0.36010797842634407
fuerza|local,120,comp_9,0.0007673618288427359
fuerza|local,120,comp_10,0.9649073867763163
fuerza|local,120,comp_11,6.602194516971831
fuerza|local,123,comp_0,843.1723678984795
fuerza|local,123,comp_1,-16.57629001729419
fuerza|local,123,comp_2,-3.5443368995346476
fuerza|local,123,comp_3,-0.034496394010911195
fuerza|local,123,comp_4,10.430776587599828
fuerza|local,123,comp_5,-3.1163423472194864
fuerza|local,123,comp_6,-843.1723678984795
fuerza|local,123,comp_7,16.57629001729419
fuerza|local,123,comp_8,3.5443368995346476
fuerza|local,123,comp_9,0.034496394010911195
fuerza|local,123,comp_10,3.6047975345573757
fuerza|local,123,comp_11,-62.52576612126551
fuerza|local,125,comp_0,648.0320754634789
fuerza|local,125,comp_1,165.45908674261338
fuerza|local,125,comp_2,9.014498615624442
fuerza|local,125,comp_3,0.03326429683772602
fuerza|local,125,comp_4,-14.32945474036936
fuerza|local,125,comp_5,149.26054583772208
fuerza|local,125,comp_6,-648.0320754634789
fuerza|local,125,comp_7,-165.45908674261338
fuerza|local,125,comp_8,-9.014498615624442
fuerza|local,125,comp_9,-0.03326429683772602
fuerza|local,125,comp_10,-21.367959777503422
fuerza|local,125,comp_11,505.9574376630268
fuerza|local,127,comp_0,1170.1481009916884
fuerza|local,127,comp_1,13.785540682652144
fuerza|local,127,comp_2,-5.447493483362082
fuerza|local,127,comp_3,-0.0007673618288427359
fuerza|local,127,comp_4,7.17646907430718
fuerza|local,127,comp_5,13.342045931473633
fuerza|local,127,comp_6,-1170.1481009916884
fuerza|local,127,comp_7,-13.785540682652144
fuerza|local,127,comp_8,5.447493483362082
fuerza|local,127,comp_9,0.0007673618288427359
fuerza|local,127,comp_10,14.395605119806662
fuerza|local,127,comp_11,41.24869517182885
fuerza|local,130,comp_0,0.0
fuerza|local,130,comp_1,-0.14741255145464086
fuerza|local,130,comp_2,0.021234560824980857
fuerza|local,130,comp_3,-0.0037075935458448146
fuerza|local,130,comp_4,-0.16817772173384907
fuerza|local,130,comp_5,-1.1675074075207563
fuerza|local,130,comp_6,0.0
fuerza|local,130,comp_7,0.14741255145464086
fuerza|local,130,comp_8,-0.021234560824980857
fuerza|local,130,comp_9,0.0037075935458448146
fuerza|local,130,comp_10,6.800116025829084e-16
fuerza|local,130,comp_11,7.771561172376096e-16
fuerza|local,133,comp_0,0.0
fuerza|local,133,comp_1,-0.16443987459058595
fuerza|local,133,comp_2,0.013702864471424998
fuerza|local,133,comp_3,-0.00014014731962163615
fuerza|local,133,comp_4,-0.16279002992052938
fuerza|local,133,comp_5,-1.9535457101361646
fuerza|local,133,comp_6,0.0
fuerza|local,133,comp_7,0.16443987459058595
fuerza|local,133,comp_8,-0.013702864471424998
fuerza|local,133,comp_9,0.00014014731962163615
fuerza|local,133,comp_10,4.163336342344337e-16
fuerza|local,133,comp_11,3.552713678800501e-15
fuerza|local,136,comp_0,0.0
fuerza|local,136,comp_1,-0.16440979285149734
fuerza|local,136,comp_2,0.013702830170696253
fuerza|local,136,comp_3,-0.00014014731962163615
fuerza|local,136,comp_4,-0.16278962242787207
fuerza|local,136,comp_5,-1.9531883390757954
fuerza|local,136,comp_6,0.0
fuerza|local,136,comp_7,0.16440979285149734
fuerza|local,136,comp_8,-0.013702830170696253
fuerza|local,136,comp_9,0.00014014731962163615
fuerza|local,136,comp_10,5.689893001203927e-16
fuerza|local,136,comp_11,7.105427357601002e-15
fuerza|local,139,comp_0,0.0
fuerza|local,139,comp_1,-0.16438478762026001
fuerza|local,139,comp_2,0.013702898772153724
fuerza|local,139,comp_3,-0.00014014731962163615
fuerza|local,139,comp_4,-0.1627904374131866
fuerza|local,139,comp_5,-1.9528912769286941
fuerza|local,139,comp_6,0.0
fuerza|local,139,comp_7,0.16438478762026001
fuerza|local,139,comp_8,-0.013702898772153724
fuerza|local,139,comp_9,0.00014014731962163615
fuerza|local,139,comp_10,3.608224830031759e-16
fuerza|local,139,comp_11,5.329070518200751e-15
fuerza|local,142,comp_0,0.0
fuerza|local,142,comp_1,-0.16443987459058593
fuerza|local,142,comp_2,0.013694872401633083
fuerza|local,142,comp_3,-0.00014014731962163615
fuerza|local,142,comp_4,-0.162695084131401
fuerza|local,142,comp_5,-1.9535457101361646
fuerza|local,142,comp_6,0.0
fuerza|local,142,comp_7,0.16443987459058593
fuerza|local,142,comp_8,-0.013694872401633083
fuerza|local,142,comp_9,0.00014014731962163615
fuerza|local,142,comp_10,-2.7755575615628914e-17
fuerza|local,142,comp_11,3.9968028886505635e-15
fuerza|local,145,comp_0,0.0
fuerza|local,145,comp_1,-0.16440979285149757
fuerza|local,145,comp_2,0.013694803800175593
fuerza|local,145,comp_3,-0.00014014731962163615
fuerza|local,145,comp_4,-0.1626942691460864
fuerza|local,145,comp_5,-1.9531883390757963
fuerza|local,145,comp_6,0.0
fuerza|local,145,comp_7,0.16440979285149757
fuerza|local,145,comp_8,-0.013694803800175593
fuerza|local,145,comp_9,0.00014014731962163615
fuerza|local,145,comp_10,3.7470027081099033e-16
fuerza|local,145,comp_11,5.329070518200751e-15
fuerza|local,148,comp_0,0.0
fuerza|local,148,comp_1,-0.16438478762025993
fuerza|local,148,comp_2,0.013694117785601246
fuerza|local,148,comp_3,-0.00014014731962163615
fuerza|local,148,comp_4,-0.16268611929294258
fuerza|local,148,comp_5,-1.952891276928694
fuerza|local,148,comp_6,0.0
fuerza|local,148,comp_7,0.16438478762025993
fuerza|local,148,comp_8,-0.013694117785601246
fuerza|local,148,comp_9,0.00014014731962163615
fuerza|local,148,comp_10,-2.0816681711721685e-16
fuerza|local,148,comp_11,5.995204332975845e-15
fuerza|local,151,comp_0,0.0
fuerza|local,151,comp_1,-0.16437905939856384
fuerza|local,151,comp_2,0.013791943463913171
fuerza|local,151,comp_3,-0.00014014731962163615
fuerza|local,151,comp_4,-0.16384828835128884
fuerza|local,151,comp_5,-1.9528232256549418
fuerza|local,151,comp_6,0.0
fuerza|local,151,comp_7,0.16437905939856384
fuerza|local,151,comp_8,-0.013791943463913171
fuerza|local,151,comp_9,0.00014014731962163615
fuerza|local,151,comp_10,4.0245584642661925e-16
fuerza|local,151,comp_11,3.552713678800501e-15
fuerza|local,154,comp_0,0.0
fuerza|local,154,comp_1,-0.16437875069200614
fuerza|local,154,comp_2,0.013757574133734908
fuerza|local,154,comp_3,-0.00014014731962163615
fuerza|local,154,comp_4,-0.16343998070877047
fuerza|local,154,comp_5,-1.9528195582210301
fuerza|local,154,comp_6,0.0
fuerza|local,154,comp_7,0.16437875069200614
fuerza|local,154,comp_8,-0.013757574133734908
fuerza|local,154,comp_9,0.00014014731962163615
fuerza|local,154,comp_10,-2.3592239273284576e-16
fuerza|local,154,comp_11,-2.6645352591003757e-15
fuerza|local,157,comp_0,0.0
fuerza|local,157,comp_1,-0.16444381917438855
fuerza|local,157,comp_2,0.013697959467217927
fuerza|local,157,comp_3,-0.00014014731962163615
fuerza|local,157,comp_4,-0.16273175847054921
fuerza|local,157,comp_5,-1.953592571791742
fuerza|local,157,comp_6,0.0
fuerza|local,157,comp_7,0.16444381917438855
fuerza|local,157,comp_8,-0.013697959467217927
fuerza|local,157,comp_9,0.00014014731962163615
fuerza|local,157,comp_10,2.498001805406602e-16
fuerza|local,157,comp_11,6.217248937900877e-15
fuerza|local,160,comp_0,0.0
fuerza|local,160,comp_1,-0.16441329152582662
fuerza|local,160,comp_2,0.013697582159201898
fuerza|local,160,comp_3,-0.00014014731962163615
fuerza|local,160,comp_4,-0.1627272760513196
fuerza|local,160,comp_5,-1.953229903326829
fuerza|local,160,comp_6,0.0
fuerza|local,160,comp_7,0.16441329152582662
fuerza|local,160,comp_8,-0.013697582159201898
fuerza|local,160,comp_9,0.00014014731962163615
fuerza|local,160,comp_10,1.0547118733938987e-15
fuerza|local,160,comp_11,8.881784197001252e-15
fuerza|local,163,comp_0,0.0
fuerza|local,163,comp_1,-0.16438856070042016
fuerza|local,163,comp_2,0.013697822264303
fuerza|local,163,comp_3,-0.00014014731962163615
fuerza|local,163,comp_4,-0.16273012849992022
fuerza|local,163,comp_5,-1.9529361011209898
fuerza|local,163,comp_6,0.0
fuerza|local,163,comp_7,0.16438856070042016
fuerza|local,163,comp_8,-0.013697822264303
fuerza|local,163,comp_9,0.00014014731962163615
fuerza|local,163,comp_10,5.967448757360216e-16
fuerza|local,163,comp_11,-1.5543122344752192e-15
fuerza|local,166,comp_0,0.0
fuerza|local,166,comp_1,-0.16444381917438894
fuerza|local,166,comp_2,0.01368835526317607
fuerza|local,166,comp_3,-0.00014014731962163615
fuerza|local,166,comp_4,-0.162617660526532
fuerza|local,166,comp_5,-1.9535925717917437
fuerza|local,166,comp_6,0.0
fuerza|local,166,comp_7,0.16444381917438894
fuerza|local,166,comp_8,-0.01368835526317607
fuerza|local,166,comp_9,0.00014014731962163615
fuerza|local,166,comp_10,3.0531133177191805e-16
fuerza|local,166,comp_11,3.1086244689504383e-15
fuerza|local,169,comp_0,0.0
fuerza|local,169,comp_1,-0.16441222820323728
fuerza|local,169,comp_2,0.013687532045686674
fuerza|local,169,comp_3,-0.00014014731962163615
fuerza|local,169,comp_4,-0.16260788070275872
fuerza|local,169,comp_5,-1.9532172710544595
fuerza|local,169,comp_6,0.0
fuerza|local,169,comp_7,0.16441222820323728
fuerza|local,169,comp_8,-0.013687532045686674
fuerza|local,169,comp_9,0.00014014731962163615
fuerza|local,169,comp_10,1.0408340855860843e-15
fuerza|local,169,comp_11,8.881784197001252e-16
fuerza|local,172,comp_0,0.0
fuerza|local,172,comp_1,-0.16438739447564354
fuerza|local,172,comp_2,0.013687909353702727
fuerza|local,172,comp_3,-0.00014014731962163615
fuerza|local,172,comp_4,-0.16261236312198846
fuerza|local,172,comp_5,-1.9529222463706446
fuerza|local,172,comp_6,0.0
fuerza|local,172,comp_7,0.16438739447564354
fuerza|local,172,comp_8,-0.013687909353702727
fuerza|local,172,comp_9,0.00014014731962163615
fuerza|local,172,comp_10,8.326672684688674e-17
fuerza|local,172,comp_11,-4.440892098500626e-16
fuerza|local,175,comp_0,0.0
fuerza|local,175,comp_1,-0.16437069002075486
fuerza|local,175,comp_2,0.013791531855168486
fuerza|local,175,comp_3,-0.00014014731962163615
fuerza|local,175,comp_4,-0.16384339843940227
fuerza|local,175,comp_5,-1.9527237974465796
fuerza|local,175,comp_6,0.0
fuerza|local,175,comp_7,0.16437069002075486
fuerza|local,175,comp_8,-0.013791531855168486
fuerza|local,175,comp_9,0.00014014731962163615
fuerza|local,175,comp_10,6.522560269672795e-16
fuerza|local,175,comp_11,1.2212453270876722e-14
fuerza|local,178,comp_0,0.0
fuerza|local,178,comp_1,-0.16437089582512876
fuerza|local,178,comp_2,0.013757196825718824
fuerza|local,178,comp_3,-0.00014014731962163615
fuerza|local,178,comp_4,-0.16343549828954063
fuerza|local,178,comp_5,-1.9527262424025293
fuerza|local,178,comp_6,0.0
fuerza|local,178,comp_7,0.16437089582512876
fuerza|local,178,comp_8,-0.013757196825718824
fuerza|local,178,comp_9,0.00014014731962163615
fuerza|local,178,comp_10,9.992007221626409e-16
fuerza|local,178,comp_11,-2.220446049250313e-16
fuerza|local,181,comp_0,93.07762178786322
fuerza|local,181,comp_1,-6.047284180817804
fuerza|local,181,comp_2,-18.44511049647974
fuerza|local,181,comp_3,-7.882477676992771
fuerza|local,181,comp_4,104.85566973396067
fuerza|local,181,comp_5,-48.80624920804755
fuerza|local,181,comp_6,-93.07762178786322
fuerza|local,181,comp_7,6.047284180817804
fuerza|local,181,comp_8,18.44511049647974
fuerza|local,181,comp_9,7.882477676992771
fuerza|local,181,comp_10,187.3148805302784
fuerza|local,181,comp_11,-46.98273221610645
fuerza|local,184,comp_0,234.8171517152958
fuerza|local,184,comp_1,-1.3287841807990006
fuerza|local,184,comp_2,-27.032718822411958
fuerza|local,184,comp_3,-7.882477676992771
fuerza|local,184,comp_4,160.8143732463882
fuerza|local,184,comp_5,-23.89256920794827
fuerza|local,184,comp_6,-234.8171517152958
fuerza|local,184,comp_7,1.3287841807990006
fuerza|local,184,comp_8,27.032718822411958
fuerza|local,184,comp_9,7.882477676992771
fuerza|local,184,comp_10,267.3838929006172
fuerza|local,184,comp_11,2.8446277840921006
fuerza|local,187,comp_0,205.00674080002764
fuerza|local,187,comp_1,-3.2124694648882914
fuerza|local,187,comp_2,-35.70240658572091
fuerza|local,187,comp_3,-7.882477676992771
fuerza|local,187,comp_4,227.8225877396703
fuerza|local,187,comp_5,-33.83842750793973
fuerza|local,187,comp_6,-205.00674080002764
fuerza|local,187,comp_7,3.2124694648882914
fuerza|local,187,comp_8,35.70240658572091
fuerza|local,187,comp_9,7.882477676992771
fuerza|local,187,comp_10,337.7035325781489
fuerza|local,187,comp_11,-17.04708881589081
fuerza|local,190,comp_0,196.36656959282212
fuerza|local,190,comp_1,-7.278828981231361
fuerza|local,190,comp_2,-33.19337046815382
fuerza|local,190,comp_3,-7.882477676992771
fuerza|local,190,comp_4,203.95874548741068
fuerza|local,190,comp_5,-55.30880575423113
fuerza|local,190,comp_6,-196.36656959282212
fuerza|local,190,comp_7,7.278828981231361
fuerza|local,190,comp_8,33.19337046815382
fuerza|local,190,comp_9,7.882477676992771
fuerza|local,190,comp_10,321.8242427281459
fuerza|local,190,comp_11,-59.987845308473624
fuerza|local,193,comp_0,33.96668061255114
fuerza|local,193,comp_1,-12.40770755098408
fuerza|local,193,comp_2,-34.979447720136754
fuerza|local,193,comp_3,-7.882477676992771
fuerza|local,193,comp_4,234.62149648089135
fuerza|local,193,comp_5,-82.38928460252549
fuerza|local,193,comp_6,-33.96668061255114
fuerza|local,193,comp_7,12.40770755098408
fuerza|local,193,comp_8,34.979447720136754
fuerza|local,193,comp_9,7.882477676992771
fuerza|local,193,comp_10,319.45295540607475
fuerza|local,193,comp_11,-114.14880300506232
fuerza|local,196,comp_0,249.04403880162087
fuerza|local,196,comp_1,9.729111915182504
fuerza|local,196,comp_2,-34.35927330333471
fuerza|local,196,comp_3,-7.882477676992771
fuerza|local,196,comp_4,236.6550413359293
fuerza|local,196,comp_5,34.49312217883407
fuerza|local,196,comp_6,-249.04403880162087
fuerza|local,196,comp_7,-9.729111915182504
fuerza|local,196,comp_8,34.35927330333471
fuerza|local,196,comp_9,7.882477676992771
fuerza|local,196,comp_10,307.5958477888925
fuerza|local,196,comp_11,119.61601055765678
fuerza|local,199,comp_0,561.5808768805304
fuerza|local,199,comp_1,-4.782664434699503
fuerza|local,199,comp_2,43.91784010687033
fuerza|local,199,comp_3,-7.882477676992771
fuerza|local,199,comp_4,-224.42070945172767
fuerza|local,199,comp_5,-32.6806998677031
fuerza|local,199,comp_6,-561.5808768805304
fuerza|local,199,comp_7,4.782664434699503
fuerza|local,199,comp_8,-43.91784010687033
fuerza|local,199,comp_9,7.882477676992771
fuerza|local,199,comp_10,-471.2378778410983
fuerza|local,199,comp_11,-43.07670477793702
fuerza|local,202,comp_0,1248.875277998406
fuerza|local,202,comp_1,14.981662770160678
fuerza|local,202,comp_2,56.59017536285565
fuerza|local,202,comp_3,-7.882477676992771
fuerza|local,202,comp_4,-280.7145080518248
fuerza|local,202,comp_5,71.67494777395866
fuerza|local,202,comp_6,-1248.875277998406
fuerza|local,202,comp_7,-14.981662770160678
fuerza|local,202,comp_8,-56.59017536285565
fuerza|local,202,comp_9,7.882477676992771
fuerza|local,202,comp_10,-615.6738696958088
fuerza|local,202,comp_11,165.63459050538648
fuerza|local,205,comp_0,1701.9167277147553
fuerza|local,205,comp_1,-5.105508595836445
fuerza|local,205,comp_2,62.32774051198935
fuerza|local,205,comp_3,-7.882477676992771
fuerza|local,205,comp_4,-300.39272048774524
fuerza|local,205,comp_5,-34.38531703850615
fuerza|local,205,comp_6,-1701.9167277147553
fuerza|local,205,comp_7,5.105508595836445
fuerza|local,205,comp_8,-62.32774051198935
fuerza|local,205,comp_9,7.882477676992771
fuerza|local,205,comp_10,-686.8786892221659
fuerza|local,205,comp_11,-46.48593911954313
fuerza|local,208,comp_0,1653.1157183043456
fuerza|local,208,comp_1,-0.5162364620871753
fuerza|local,208,comp_2,55.907860764945994
fuerza|local,208,comp_3,-7.882477676992771
fuerza|local,208,comp_4,-255.87962387185095
fuerza|local,208,comp_5,-10.15396017231001
fuerza|local,208,comp_6,-1653.1157183043456
fuerza|local,208,comp_7,0.5162364620871753
fuerza|local,208,comp_8,-55.907860764945994
fuerza|local,208,comp_9,7.882477676992771
fuerza|local,208,comp_10,-629.7008906448935
fuerza|local,208,comp_11,1.9767746128491526
fuerza|local,211,comp_0,811.9484765292059
fuerza|local,211,comp_1,-23.070528623578877
fuerza|local,211,comp_2,41.7165802580583
fuerza|local,211,comp_3,-7.882477676992771
fuerza|local,211,comp_4,-170.3335312439785
fuerza|local,211,comp_5,-129.2406227849862
fuerza|local,211,comp_6,-811.9484765292059
fuerza|local,211,comp_7,23.070528623578877
fuerza|local,211,comp_8,-41.7165802580583
fuerza|local,211,comp_9,7.882477676992771
fuerza|local,211,comp_10,-490.457100043665
fuerza|local,211,comp_11,-236.19655061250322
fuerza|local,214,comp_0,1731.7976443388375
fuerza|local,214,comp_1,40.634751604520766
fuerza|local,214,comp_2,38.09987478494445
fuerza|local,214,comp_3,-7.882477676992771
fuerza|local,214,comp_4,-145.92926057018465
fuerza|local,214,comp_5,207.12325681937992
fuerza|local,214,comp_6,-1731.7976443388375
fuerza|local,214,comp_7,-40.634751604520766
fuerza|local,214,comp_8,-38.09987478494445
fuerza|local,214,comp_9,7.882477676992771
fuerza|local,214,comp_10,-457.5727560233354
fuerza|local,214,comp_11,436.531208596229
fuerza|local,217,comp_0,0.0
fuerza|local,217,comp_1,0.025422700980261982
fuerza|local,217,comp_2,-0.706958931112466
fuerza|local,217,comp_3,-7.882477676992771
fuerza|local,217,comp_4,11.198229468821463
fuerza|local,217,comp_5,0.40269558352748436
fuerza|local,217,comp_6,0.0
fuerza|local,217,comp_7,-0.025422700980261982
fuerza|local,217,comp_8,0.706958931112466
fuerza|local,217,comp_9,7.882477676992771
fuerza|local,217,comp_10,-1.7763568394002505e-15
fuerza|local,217,comp_11,-1.3455903058456897e-13
fuerza|local,220,comp_0,0.0
fuerza|local,220,comp_1,0.02542270098026186
fuerza|local,220,comp_2,-1.7122744189444221
fuerza|local,220,comp_3,-7.882477676992771
fuerza|local,220,comp_4,27.12242679607961
fuerza|local,220,comp_5,0.4026955835274837
fuerza|local,220,comp_6,0.0
fuerza|local,220,comp_7,-0.02542270098026186
fuerza|local,220,comp_8,1.7122744189444221
fuerza|local,220,comp_9,7.882477676992771
fuerza|local,220,comp_10,3.552713678800501e-14
fuerza|local,220,comp_11,-1.358357870628879e-13
fuerza|local,223,comp_0,0.0
fuerza|local,223,comp_1,0.025422700980261368
fuerza|local,223,comp_2,-2.7175899067763716
fuerza|local,223,comp_3,-7.882477676992771
fuerza|local,223,comp_4,43.04662412333772
fuerza|local,223,comp_5,0.4026955835274811
fuerza|local,223,comp_6,0.0
fuerza|local,223,comp_7,-0.025422700980261368
fuerza|local,223,comp_8,2.7175899067763716
fuerza|local,223,comp_9,7.882477676992771
fuerza|local,223,comp_10,3.552713678800501e-15
fuerza|local,223,comp_11,-1.4105383527862614e-13
fuerza|local,226,comp_0,0.0
fuerza|local,226,comp_1,0.02542270098026172
fuerza|local,226,comp_2,-3.7229053946083246
fuerza|local,226,comp_3,-7.882477676992771
fuerza|local,226,comp_4,58.97082145059585
fuerza|local,226,comp_5,0.4026955835274829
fuerza|local,226,comp_6,0.0
fuerza|local,226,comp_7,-0.02542270098026172
fuerza|local,226,comp_8,3.7229053946083246
fuerza|local,226,comp_9,7.882477676992771
fuerza|local,226,comp_10,7.105427357601002e-15
fuerza|local,226,comp_11,-1.3733458814613186e-13
fuerza|local,229,comp_0,0.0
fuerza|local,229,comp_1,0.02542270098026226
fuerza|local,229,comp_2,-4.728220882440277
fuerza|local,229,comp_3,-7.882477676992771
fuerza|local,229,comp_4,74.89501877785398
fuerza|local,229,comp_5,0.4026955835274858
fuerza|local,229,comp_6,0.0
fuerza|local,229,comp_7,-0.02542270098026226
fuerza|local,229,comp_8,4.728220882440277
fuerza|local,229,comp_9,7.882477676992771
fuerza|local,229,comp_10,7.105427357601002e-15
fuerza|local,229,comp_11,-1.316169395693123e-13
fuerza|local,232,comp_0,0.0
fuerza|local,232,comp_1,0.025422700980261767
fuerza|local,232,comp_2,-5.230878626356244
fuerza|local,232,comp_3,-7.882477676992771
fuerza|local,232,comp_4,82.85711744148298
fuerza|local,232,comp_5,0.4026955835274832
fuerza|local,232,comp_6,0.0
fuerza|local,232,comp_7,-0.025422700980261767
fuerza|local,232,comp_8,5.230878626356244
fuerza|local,232,comp_9,7.882477676992771
fuerza|local,232,comp_10,-8.526512829121202e-14
fuerza|local,232,comp_11,-1.3683498778505054e-13
fuerza|local,235,comp_0,0.0
fuerza|local,235,comp_1,-0.33585330831750787
fuerza|local,235,comp_2,-1.2094595556345134
fuerza|local,235,comp_3,-1.6575105325302841
fuerza|local,235,comp_4,19.157839361250687
fuerza|local,235,comp_5,-5.319916403749296
fuerza|local,235,comp_6,0.0
fuerza|local,235,comp_7,0.33585330831750787
fuerza|local,235,comp_8,1.2094595556345134
fuerza|local,235,comp_9,1.6575105325302841
fuerza|local,235,comp_10,3.552713678800501e-15
fuerza|local,235,comp_11,-2.886579864025407e-14
fuerza|local,238,comp_0,0.0
fuerza|local,238,comp_1,-0.19665716285370025
fuerza|local,238,comp_2,-1.2733528683064237
fuerza|local,238,comp_3,-1.6575105325302841
fuerza|local,238,comp_4,20.169909433973764
fuerza|local,238,comp_5,-3.1150494596025777
fuerza|local,238,comp_6,0.0
fuerza|local,238,comp_7,0.19665716285370025
fuerza|local,238,comp_8,1.2733528683064237
fuerza|local,238,comp_9,1.6575105325302841
fuerza|local,238,comp_10,-1.5987211554602254e-14
fuerza|local,238,comp_11,-3.375077994860476e-14
fuerza|local,241,comp_0,0.0
fuerza|local,241,comp_1,-0.18159659629532052
fuerza|local,241,comp_2,-1.3463737970743226
fuerza|local,241,comp_3,-1.6575105325302841
fuerza|local,241,comp_4,21.326560945657288
fuerza|local,241,comp_5,-2.8764900853178483
fuerza|local,241,comp_6,0.0
fuerza|local,241,comp_7,0.18159659629532052
fuerza|local,241,comp_8,1.3463737970743226
fuerza|local,241,comp_9,1.6575105325302841
fuerza|local,241,comp_10,-2.1316282072803006e-14
fuerza|local,241,comp_11,-2.842170943040401e-14
fuerza|local,244,comp_0,0.0
fuerza|local,244,comp_1,-0.019353220189143573
fuerza|local,244,comp_2,-1.3495684627079194
fuerza|local,244,comp_3,-1.6575105325302841
fuerza|local,244,comp_4,21.377164449293446
fuerza|local,244,comp_5,-0.30655500779601136
fuerza|local,244,comp_6,0.0
fuerza|local,244,comp_7,0.019353220189143573
fuerza|local,244,comp_8,1.3495684627079194
fuerza|local,244,comp_9,1.6575105325302841
fuerza|local,244,comp_10,-3.552713678800501e-15
fuerza|local,244,comp_11,-2.2842838731662596e-14
fuerza|local,247,comp_0,0.0
fuerza|local,247,comp_1,0.027882193107590852
fuerza|local,247,comp_2,-1.2724401066968272
fuerza|local,247,comp_3,-1.6575105325302841
fuerza|local,247,comp_4,20.155451290077732
fuerza|local,247,comp_5,0.4416539388242664
fuerza|local,247,comp_6,0.0
fuerza|local,247,comp_7,-0.027882193107590852
fuerza|local,247,comp_8,1.2724401066968272
fuerza|local,247,comp_9,1.6575105325302841
fuerza|local,247,comp_10,1.2434497875801753e-14
fuerza|local,247,comp_11,-2.731148640577885e-14
fuerza|local,250,comp_0,0.0
fuerza|local,250,comp_1,0.11299721320267138
fuerza|local,250,comp_2,-0.6510776409624823
fuerza|local,250,comp_3,-1.6575105325302841
fuerza|local,250,comp_4,10.313069832845724
fuerza|local,250,comp_5,1.7898758571303641
fuerza|local,250,comp_6,0.0
fuerza|local,250,comp_7,-0.11299721320267138
fuerza|local,250,comp_8,0.6510776409624823
fuerza|local,250,comp_9,1.6575105325302841
fuerza|local,250,comp_10,-4.440892098500626e-15
fuerza|local,250,comp_11,-4.951594689828198e-14
fuerza|local,253,comp_0,0.0
fuerza|local,253,comp_1,0.1129972132026713
fuerza|local,253,comp_2,-0.8804089953741648
fuerza|local,253,comp_3,-1.6575105325302841
fuerza|local,253,comp_4,13.945678486726788
fuerza|local,253,comp_5,1.7898758571303637
fuerza|local,253,comp_6,0.0
fuerza|local,253,comp_7,-0.1129972132026713
fuerza|local,253,comp_8,0.8804089953741648
fuerza|local,253,comp_9,1.6575105325302841
fuerza|local,253,comp_10,-1.7763568394002505e-14
fuerza|local,253,comp_11,-5.040412531798211e-14
fuerza|local,256,comp_0,0.0
fuerza|local,256,comp_1,-0.3867397680526375
fuerza|local,256,comp_2,-1.3488838915007204
fuerza|local,256,comp_3,-1.6575105325302841
fuerza|local,256,comp_4,21.366320841371415
fuerza|local,256,comp_5,-6.125957925953751
fuerza|local,256,comp_6,0.0
fuerza|local,256,comp_7,0.3867397680526375
fuerza|local,256,comp_8,1.3488838915007204
fuerza|local,256,comp_9,1.6575105325302841
fuerza|local,256,comp_10,-5.329070518200751e-15
fuerza|local,256,comp_11,-2.6645352591003757e-14
fuerza|local,386,comp_0,0.0
fuerza|local,386,comp_1,0.0
fuerza|local,386,comp_2,-65.19476380254153
fuerza|local,386,comp_3,6.690534046967891e-19
fuerza|local,386,comp_4,5.684341886080802e-14
fuerza|local,386,comp_5,0.0
fuerza|local,386,comp_6,0.0
fuerza|local,386,comp_7,0.0
fuerza|local,386,comp_8,65.19476380254153
fuerza|local,386,comp_9,-6.690534046967891e-19
fuerza|local,386,comp_10,638.9235027304092
fuerza|local,386,comp_11,0.0
fuerza|local,389,comp_0,0.0
fuerza|local,389,comp_1,0.0
fuerza|local,389,comp_2,-1.837698187505192
fuerza|local,389,comp_3,1.918041363122034e-19
fuerza|local,389,comp_4,1.3877787807814457e-16
fuerza|local,389,comp_5,0.0
fuerza|local,389,comp_6,0.0
fuerza|local,389,comp_7,0.0
fuerza|local,389,comp_8,1.837698187505192
fuerza|local,389,comp_9,-1.918041363122034e-19
fuerza|local,389,comp_10,0.2760741274720149
fuerza|local,389,comp_11,0.0
fuerza|local,391,comp_0,0.0
fuerza|local,391,comp_1,0.0
fuerza|local,391,comp_2,118.13616015337794
fuerza|local,391,comp_3,-2.310248857040914e-17
fuerza|local,391,comp_4,-1139.9870985492068
fuerza|local,391,comp_5,0.0
fuerza|local,391,comp_6,0.0
fuerza|local,391,comp_7,0.0
fuerza|local,391,comp_8,-118.13616015337794
fuerza|local,391,comp_9,2.310248857040914e-17
fuerza|local,391,comp_10,4.547473508864641e-13
fuerza|local,391,comp_11,0.0
fuerza|local,393,comp_0,0.0
fuerza|local,393,comp_1,0.0
fuerza|local,393,comp_2,-190.7725075253916
fuerza|local,393,comp_3,4.28194179005945e-17
fuerza|local,393,comp_4,4.547473508864641e-13
fuerza|local,393,comp_5,0.0
fuerza|local,393,comp_6,0.0
fuerza|local,393,comp_7,0.0
fuerza|local,393,comp_8,190.7725075253916
fuerza|local,393,comp_9,-4.28194179005945e-17
fuerza|local,393,comp_10,1869.6139325231338
fuerza|local,393,comp_11,0.0
fuerza|local,395,comp_0,0.0
fuerza|local,395,comp_1,0.0
fuerza|local,395,comp_2,225.8094357106725
fuerza|local,395,comp_3,2.2610358237955134e-17
fuerza|local,395,comp_4,-2619.3381368814985
fuerza|local,395,comp_5,0.0
fuerza|local,395,comp_6,0.0
fuerza|local,395,comp_7,0.0
fuerza|local,395,comp_8,-225.8094357106725
fuerza|local,395,comp_9,-2.2610358237955134e-17
fuerza|local,395,comp_10,2.2737367544323206e-13
fuerza|local,395,comp_11,0.0
fuerza|local,398,comp_0,9.627116544675662
fuerza|local,398,comp_1,-4.736500932813782e-10
fuerza|local,398,comp_2,-0.00966490542095236
fuerza|local,398,comp_3,3.4152332992848894e-09
fuerza|local,398,comp_4,0.12121021813234344
fuerza|local,398,comp_5,-3.3986440906074632e-09
fuerza|local,398,comp_6,-9.627116544675662
fuerza|local,398,comp_7,4.736500932813782e-10
fuerza|local,398,comp_8,0.00966490542095236
fuerza|local,398,comp_9,-3.4152332992848894e-09
fuerza|local,398,comp_10,0.08561875787603707
fuerza|local,398,comp_11,-6.737467905614032e-09
fuerza|local,401,comp_0,0.0
fuerza|local,401,comp_1,0.0
fuerza|local,401,comp_2,0.0
fuerza|local,401,comp_3,-0.0
fuerza|local,401,comp_4,0.0
fuerza|local,401,comp_5,0.0
fuerza|local,401,comp_6,0.0
fuerza|local,401,comp_7,0.0
fuerza|local,401,comp_8,0.0
fuerza|local,401,comp_9,0.0
fuerza|local,401,comp_10,0.0
fuerza|local,401,comp_11,0.0
fuerza|local,404,comp_0,0.0
fuerza|local,404,comp_1,0.0
fuerza|local,404,comp_2,0.0
fuerza|local,404,comp_3,-0.0
fuerza|local,404,comp_4,0.0
fuerza|local,404,comp_5,0.0
fuerza|local,404,comp_6,0.0
fuerza|local,404,comp_7,0.0
fuerza|local,404,comp_8,0.0
fuerza|local,404,comp_9,0.0
fuerza|local,404,comp_10,0.0
fuerza|local,404,comp_11,0.0
fuerza|local,407,comp_0,0.0
fuerza|local,407,comp_1,0.0
fuerza|local,407,comp_2,0.0
fuerza|local,407,comp_3,-0.0
fuerza|local,407,comp_4,0.0
fuerza|local,407,comp_5,0.0
fuerza|local,407,comp_6,0.0
fuerza|local,407,comp_7,0.0
fuerza|local,407,comp_8,0.0
fuerza|local,407,comp_9,0.0
fuerza|local,407,comp_10,0.0
fuerza|local,407,comp_11,0.0
fuerza|local,408,comp_0,0.0
fuerza|local,408,comp_1,5.642479808727694e-15
fuerza|local,408,comp_2,455.95192259381747
fuerza|local,408,comp_3,-8.113881561952297
fuerza|local,408,comp_4,-13.759146953518226
fuerza|local,408,comp_5,7.053099760909617e-16
fuerza|local,408,comp_6,0.0
fuerza|local,408,comp_7,-5.642479808727694e-15
fuerza|local,408,comp_8,-455.95192259381747
fuerza|local,408,comp_9,8.113881561952297
fuerza|local,408,comp_10,-100.22883369493614
fuerza|local,408,comp_11,7.053099760909617e-16
fuerza|local,409,comp_0,0.0
fuerza|local,409,comp_1,-4.248855277656396e-20
fuerza|local,409,comp_2,-0.20417615878391776
fuerza|local,409,comp_3,-0.042019563054791674
fuerza|local,409,comp_4,10.012553117160456
fuerza|local,409,comp_5,-2.124427638828198e-19
fuerza|local,409,comp_6,0.0
fuerza|local,409,comp_7,4.248855277656396e-20
fuerza|local,409,comp_8,0.20417615878391776
fuerza|local,409,comp_9,0.042019563054791674
fuerza|local,409,comp_10,-7.9707915293212785
fuerza|local,409,comp_11,-2.124427638828198e-19
fuerza|local,410,comp_0,0.0
fuerza|local,410,comp_1,-4.248855277656396e-20
fuerza|local,410,comp_2,-0.09409941940501582
fuerza|local,410,comp_3,0.015518092124408571
fuerza|local,410,comp_4,-4.243373081277201
fuerza|local,410,comp_5,-2.124427638828198e-19
fuerza|local,410,comp_6,0.0
fuerza|local,410,comp_7,4.248855277656396e-20
fuerza|local,410,comp_8,0.09409941940501582
fuerza|local,410,comp_9,-0.015518092124408571
fuerza|local,410,comp_10,5.184367275327359
fuerza|local,410,comp_11,-2.124427638828198e-19
fuerza|local,411,comp_0,0.0
fuerza|local,411,comp_1,-4.248855277656396e-20
fuerza|local,411,comp_2,-2.382153665450402
fuerza|local,411,comp_3,0.0009088231228184569
fuerza|local,411,comp_4,14.350349698450133
fuerza|local,411,comp_5,-2.124427638828198e-19
fuerza|local,411,comp_6,0.0
fuerza|local,411,comp_7,4.248855277656396e-20
fuerza|local,411,comp_8,2.382153665450402
fuerza|local,411,comp_9,-0.0009088231228184569
fuerza|local,411,comp_10,9.471186956053886
fuerza|local,411,comp_11,-2.124427638828198e-19
fuerza|local,412,comp_0,0.0
fuerza|local,412,comp_1,-4.248855277656396e-20
fuerza|local,412,comp_2,-2.4405754773211594
fuerza|local,412,comp_3,0.012129182625768491
fuerza|local,412,comp_4,11.713485911291293
fuerza|local,412,comp_5,-2.124427638828198e-19
fuerza|local,412,comp_6,0.0
fuerza|local,412,comp_7,4.248855277656396e-20
fuerza|local,412,comp_8,2.4405754773211594
fuerza|local,412,comp_9,-0.012129182625768491
fuerza|local,412,comp_10,12.692268861920299
fuerza|local,412,comp_11,-2.124427638828198e-19
fuerza|local,413,comp_0,0.0
fuerza|local,413,comp_1,1.0197252666375351e-18
fuerza|local,413,comp_2,-9.717819356388567
fuerza|local,413,comp_3,0.03991404048873782
fuerza|local,413,comp_4,21.016178633143827
fuerza|local,413,comp_5,2.5493131665938375e-18
fuerza|local,413,comp_6,0.0
fuerza|local,413,comp_7,-1.0197252666375351e-18
fuerza|local,413,comp_8,9.717819356388567
fuerza|local,413,comp_9,-0.03991404048873782
fuerza|local,413,comp_10,27.572918148799
fuerza|local,413,comp_11,2.5493131665938375e-18
fuerza|local,415,comp_0,0.0
fuerza|local,415,comp_1,-1.2833277165166154e-15
fuerza|local,415,comp_2,4.519886424217054
fuerza|local,415,comp_3,-1.318868657614679e-14
fuerza|local,415,comp_4,-1.58196024847515
fuerza|local,415,comp_5,-2.245823503904086e-16
fuerza|local,415,comp_6,0.0
fuerza|local,415,comp_7,1.2833277165166154e-15
fuerza|local,415,comp_8,-4.519886424217054
fuerza|local,415,comp_9,1.318868657614679e-14
fuerza|local,415,comp_10,-8.251177519014163e-13
fuerza|local,415,comp_11,-2.245823503904086e-16
fuerza|local,417,comp_0,0.0
fuerza|local,417,comp_1,5.642479808727694e-15
fuerza|local,417,comp_2,-4.944446684969093
fuerza|local,417,comp_3,5.0356803290742494e-15
fuerza|local,417,comp_4,-8.786749106093339e-12
fuerza|local,417,comp_5,7.053099760909617e-16
fuerza|local,417,comp_6,0.0
fuerza|local,417,comp_7,-5.642479808727694e-15
fuerza|local,417,comp_8,4.944446684969093
fuerza|local,417,comp_9,-5.0356803290742494e-15
fuerza|local,417,comp_10,1.23611167125106
fuerza|local,417,comp_11,7.053099760909617e-16
fuerza|local,418,comp_0,0.0
fuerza|local,418,comp_1,-4.248855277656396e-20
fuerza|local,418,comp_2,2.192518767360742
fuerza|local,418,comp_3,0.017706087340451142
fuerza|local,418,comp_4,-7.432397100449472
fuerza|local,418,comp_5,-2.124427638828198e-19
fuerza|local,418,comp_6,0.0
fuerza|local,418,comp_7,4.248855277656396e-20
fuerza|local,418,comp_8,-2.192518767360742
fuerza|local,418,comp_9,-0.017706087340451142
fuerza|local,418,comp_10,-14.492790573157945
fuerza|local,418,comp_11,-2.124427638828198e-19
fuerza|local,419,comp_0,0.0
fuerza|local,419,comp_1,-4.248855277656396e-20
fuerza|local,419,comp_2,0.1283605337216181
fuerza|local,419,comp_3,0.02922372361512831
fuerza|local,419,comp_4,-4.4480767424108665
fuerza|local,419,comp_5,-2.124427638828198e-19
fuerza|local,419,comp_6,0.0
fuerza|local,419,comp_7,4.248855277656396e-20
fuerza|local,419,comp_8,-0.1283605337216181
fuerza|local,419,comp_9,-0.02922372361512831
fuerza|local,419,comp_10,3.1644714051946856
fuerza|local,419,comp_11,-2.124427638828198e-19
fuerza|local,420,comp_0,0.0
fuerza|local,420,comp_1,-4.248855277656396e-20
fuerza|local,420,comp_2,-1.7638593290520603
fuerza|local,420,comp_3,0.03413998489160378
fuerza|local,420,comp_4,10.803631275026115
fuerza|local,420,comp_5,-2.124427638828198e-19
fuerza|local,420,comp_6,0.0
fuerza|local,420,comp_7,4.248855277656396e-20
fuerza|local,420,comp_8,1.7638593290520603
fuerza|local,420,comp_9,-0.03413998489160378
fuerza|local,420,comp_10,6.834962015494489
fuerza|local,420,comp_11,-2.124427638828198e-19
fuerza|local,421,comp_0,0.0
fuerza|local,421,comp_1,-4.248855277656396e-20
fuerza|local,421,comp_2,-2.732867587559308
fuerza|local,421,comp_3,-0.018017831017570863
fuerza|local,421,comp_4,12.645652322490701
fuerza|local,421,comp_5,-2.124427638828198e-19
fuerza|local,421,comp_6,0.0
fuerza|local,421,comp_7,4.248855277656396e-20
fuerza|local,421,comp_8,2.732867587559308
fuerza|local,421,comp_9,0.018017831017570863
fuerza|local,421,comp_10,14.683023553102379
fuerza|local,421,comp_11,-2.124427638828198e-19
fuerza|local,422,comp_0,0.0
fuerza|local,422,comp_1,1.0197252666375351e-18
fuerza|local,422,comp_2,-14.667794592928159
fuerza|local,422,comp_3,0.0702958778211792
fuerza|local,422,comp_4,34.09331111423371
fuerza|local,422,comp_5,2.5493131665938375e-18
fuerza|local,422,comp_6,0.0
fuerza|local,422,comp_7,-1.0197252666375351e-18
fuerza|local,422,comp_8,14.667794592928159
fuerza|local,422,comp_9,-0.0702958778211792
fuerza|local,422,comp_10,39.24566185040709
fuerza|local,422,comp_11,2.5493131665938375e-18
fuerza|local,424,comp_0,0.0
fuerza|local,424,comp_1,-1.2833277165166154e-15
fuerza|local,424,comp_2,6.9222253591385705
fuerza|local,424,comp_3,5.245500342785655e-15
fuerza|local,424,comp_4,-2.4227788756836293
fuerza|local,424,comp_5,-2.245823503904086e-16
fuerza|local,424,comp_6,0.0
fuerza|local,424,comp_7,1.2833277165166154e-15
fuerza|local,424,comp_8,-6.9222253591385705
fuerza|local,424,comp_9,-5.245500342785655e-15
fuerza|local,424,comp_10,-1.4880319199050973e-11
fuerza|local,424,comp_11,-2.245823503904086e-16
fuerza|local,425,comp_0,0.0
fuerza|local,425,comp_1,5.642479808727694e-15
fuerza|local,425,comp_2,576.0256697958248
fuerza|local,425,comp_3,2.8699506565322035
fuerza|local,425,comp_4,-17.24353446667795
fuerza|local,425,comp_5,7.053099760909617e-16
fuerza|local,425,comp_6,0.0
fuerza|local,425,comp_7,-5.642479808727694e-15
fuerza|local,425,comp_8,-576.0256697958248
fuerza|local,425,comp_9,-2.8699506565322035
fuerza|local,425,comp_10,-126.76288298227826
fuerza|local,425,comp_11,7.053099760909617e-16
fuerza|local,426,comp_0,0.0
fuerza|local,426,comp_1,-4.248855277656396e-20
fuerza|local,426,comp_2,-1.3111009319022933
fuerza|local,426,comp_3,-0.027677987316365216
fuerza|local,426,comp_4,16.20260372634904
fuerza|local,426,comp_5,-2.124427638828198e-19
fuerza|local,426,comp_6,0.0
fuerza|local,426,comp_7,4.248855277656396e-20
fuerza|local,426,comp_8,1.3111009319022933
fuerza|local,426,comp_9,0.027677987316365216
fuerza|local,426,comp_10,-3.0915944073261077
fuerza|local,426,comp_11,-2.124427638828198e-19
fuerza|local,427,comp_0,0.0
fuerza|local,427,comp_1,-4.248855277656396e-20
fuerza|local,427,comp_2,0.46559348562716024
fuerza|local,427,comp_3,-0.0034227542702499054
fuerza|local,427,comp_4,-4.363099701336376
fuerza|local,427,comp_5,-2.124427638828198e-19
fuerza|local,427,comp_6,0.0
fuerza|local,427,comp_7,4.248855277656396e-20
fuerza|local,427,comp_8,-0.46559348562716024
fuerza|local,427,comp_9,0.0034227542702499054
fuerza|local,427,comp_10,-0.2928351549352266
fuerza|local,427,comp_11,-2.124427638828198e-19
fuerza|local,428,comp_0,0.0
fuerza|local,428,comp_1,-4.248855277656396e-20
fuerza|local,428,comp_2,-2.6303445044279816
fuerza|local,428,comp_3,-0.5948254505547718
fuerza|local,428,comp_4,10.68570578743378
fuerza|local,428,comp_5,-2.124427638828198e-19
fuerza|local,428,comp_6,0.0
fuerza|local,428,comp_7,4.248855277656396e-20
fuerza|local,428,comp_8,2.6303445044279816
fuerza|local,428,comp_9,0.5948254505547718
fuerza|local,428,comp_10,15.617739256846034
fuerza|local,428,comp_11,-2.124427638828198e-19
fuerza|local,431,comp_0,1.2891341642430072e-14
fuerza|local,431,comp_1,-2.7533337551262807e-15
fuerza|local,431,comp_2,-3.198137112401966
fuerza|local,431,comp_3,-0.024942087229981168
fuerza|local,431,comp_4,21.571674075972936
fuerza|local,431,comp_5,-2.185592271025216e-14
fuerza|local,431,comp_6,-1.2891341642430072e-14
fuerza|local,431,comp_7,2.7533337551262807e-15
fuerza|local,431,comp_8,3.198137112401966
fuerza|local,431,comp_9,0.024942087229981168
fuerza|local,431,comp_10,26.400382610056557
fuerza|local,431,comp_11,-1.944408361664205e-14
fuerza|local,432,comp_0,0.0
fuerza|local,432,comp_1,2.3037788425818278e-17
fuerza|local,432,comp_2,4.523347143768133
fuerza|local,432,comp_3,-2.3158420144433562
fuerza|local,432,comp_4,-16.109263750611298
fuerza|local,432,comp_5,8.351198304359124e-17
fuerza|local,432,comp_6,0.0
fuerza|local,432,comp_7,-2.3037788425818278e-17
fuerza|local,432,comp_8,-4.523347143768133
fuerza|local,432,comp_9,2.3158420144433562
fuerza|local,432,comp_10,-16.68500304170766
fuerza|local,432,comp_11,8.351198304359124e-17
fuerza|local,433,comp_0,0.0
fuerza|local,433,comp_1,-3.7011868975923655e-18
fuerza|local,433,comp_2,-3.0750708049071536
fuerza|local,433,comp_3,2.382030425502057
fuerza|local,433,comp_4,14.40094706385458
fuerza|local,433,comp_5,-1.647028169428603e-17
fuerza|local,433,comp_6,0.0
fuerza|local,433,comp_7,3.7011868975923655e-18
fuerza|local,433,comp_8,3.0750708049071536
fuerza|local,433,comp_9,-2.382030425502057
fuerza|local,433,comp_10,12.967183099819088
fuerza|local,433,comp_11,-1.647028169428603e-17
fuerza|local,434,comp_0,0.0
fuerza|local,434,comp_1,2.3037788425818278e-17
fuerza|local,434,comp_2,3.0844760275847003
fuerza|local,434,comp_3,0.13632913627801246
fuerza|local,434,comp_4,-10.64028395718541
fuerza|local,434,comp_5,8.351198304359124e-17
fuerza|local,434,comp_6,0.0
fuerza|local,434,comp_7,-2.3037788425818278e-17
fuerza|local,434,comp_8,-3.0844760275847003
fuerza|local,434,comp_9,-0.13632913627801246
fuerza|local,434,comp_10,-11.722167242803662
fuerza|local,434,comp_11,8.351198304359124e-17
fuerza|local,435,comp_0,0.0
fuerza|local,435,comp_1,-3.7011868975923655e-18
fuerza|local,435,comp_2,-2.1884011584641554
fuerza|local,435,comp_3,0.14475048838122126
fuerza|local,435,comp_4,10.298615589603756
fuerza|local,435,comp_5,-1.647028169428603e-17
fuerza|local,435,comp_6,0.0
fuerza|local,435,comp_7,3.7011868975923655e-18
fuerza|local,435,comp_8,2.1884011584641554
fuerza|local,435,comp_9,-0.14475048838122126
fuerza|local,435,comp_10,9.17815472072723
fuerza|local,435,comp_11,-1.647028169428603e-17
fuerza|local,436,comp_0,0.0
fuerza|local,436,comp_1,2.3037788425818278e-17
fuerza|local,436,comp_2,3.352269872791786
fuerza|local,436,comp_3,-0.2711762985726989
fuerza|local,436,comp_4,-11.552962577179038
fuerza|local,436,comp_5,8.351198304359124e-17
fuerza|local,436,comp_6,0.0
fuerza|local,436,comp_7,-2.3037788425818278e-17
fuerza|local,436,comp_8,-3.352269872791786
fuerza|local,436,comp_9,0.2711762985726989
fuerza|local,436,comp_10,-12.750994000561406
fuerza|local,436,comp_11,8.351198304359124e-17
fuerza|local,437,comp_0,0.0
fuerza|local,437,comp_1,-3.7011868975923655e-18
fuerza|local,437,comp_2,-2.4837555379729235
fuerza|local,437,comp_3,-0.5030512586789238
fuerza|local,437,comp_4,11.500257207559477
fuerza|local,437,comp_5,-1.647028169428603e-17
fuerza|local,437,comp_6,0.0
fuerza|local,437,comp_7,3.7011868975923655e-18
fuerza|local,437,comp_8,2.4837555379729235
fuerza|local,437,comp_9,0.5030512586789238
fuerza|local,437,comp_10,10.60516708039954
fuerza|local,437,comp_11,-1.647028169428603e-17
fuerza|local,438,comp_0,0.0
fuerza|local,438,comp_1,2.3037788425818278e-17
fuerza|local,438,comp_2,3.9125806535961765
fuerza|local,438,comp_3,-0.06677312803017427
fuerza|local,438,comp_4,-13.443280703865701
fuerza|local,438,comp_5,8.351198304359124e-17
fuerza|local,438,comp_6,0.0
fuerza|local,438,comp_7,-2.3037788425818278e-17
fuerza|local,438,comp_8,-3.9125806535961765
fuerza|local,438,comp_9,0.06677312803017427
fuerza|local,438,comp_10,-14.922929034706574
fuerza|local,438,comp_11,8.351198304359124e-17
fuerza|local,439,comp_0,0.0
fuerza|local,439,comp_1,-3.7011868975923655e-18
fuerza|local,439,comp_2,-3.5710495464521848
fuerza|local,439,comp_3,1.1246814208593263
fuerza|local,439,comp_4,14.16772473889751
fuerza|local,439,comp_5,-1.647028169428603e-17
fuerza|local,439,comp_6,0.0
fuerza|local,439,comp_7,3.7011868975923655e-18
fuerza|local,439,comp_8,3.5710495464521848
fuerza|local,439,comp_9,-1.1246814208593263
fuerza|local,439,comp_10,17.614616224526934
fuerza|local,439,comp_11,-1.647028169428603e-17
fuerza|local,440,comp_0,0.0
fuerza|local,440,comp_1,2.3037788425818278e-17
fuerza|local,440,comp_2,3.4899762919292736
fuerza|local,440,comp_3,0.1708768989055908
fuerza|local,440,comp_4,-12.03908006649537
fuerza|local,440,comp_5,8.351198304359124e-17
fuerza|local,440,comp_6,0.0
fuerza|local,440,comp_7,-2.3037788425818278e-17
fuerza|local,440,comp_8,-3.4899762919292736
fuerza|local,440,comp_9,-0.1708768989055908
fuerza|local,440,comp_10,-13.263248049991859
fuerza|local,440,comp_11,8.351198304359124e-17
fuerza|local,441,comp_0,0.0
fuerza|local,441,comp_1,-3.7011868975923655e-18
fuerza|local,441,comp_2,-2.425947377677658
fuerza|local,441,comp_3,0.773204976267529
fuerza|local,441,comp_4,11.383205396983561
fuerza|local,441,comp_5,-1.647028169428603e-17
fuerza|local,441,comp_6,0.0
fuerza|local,441,comp_7,3.7011868975923655e-18
fuerza|local,441,comp_8,2.425947377677658
fuerza|local,441,comp_9,-0.773204976267529
fuerza|local,441,comp_10,10.207726264347592
fuerza|local,441,comp_11,-1.647028169428603e-17
fuerza|local,442,comp_0,0.0
fuerza|local,442,comp_1,2.3037788425818278e-17
fuerza|local,442,comp_2,2.3823504305258907
fuerza|local,442,comp_3,0.013236276208729488
fuerza|local,442,comp_4,-7.959568729745859
fuerza|local,442,comp_5,8.351198304359124e-17
fuerza|local,442,comp_6,0.0
fuerza|local,442,comp_7,-2.3037788425818278e-17
fuerza|local,442,comp_8,-2.3823504305258907
fuerza|local,442,comp_9,-0.013236276208729488
fuerza|local,442,comp_10,-9.312471891566846
fuerza|local,442,comp_11,8.351198304359124e-17
fuerza|local,443,comp_0,0.0
fuerza|local,443,comp_1,-3.7011868975923655e-18
fuerza|local,443,comp_2,-2.4787742817425737
fuerza|local,443,comp_3,1.6056494663155882
fuerza|local,443,comp_4,9.11905210292121
fuerza|local,443,comp_5,-1.647028169428603e-17
fuerza|local,443,comp_6,0.0
fuerza|local,443,comp_7,3.7011868975923655e-18
fuerza|local,443,comp_8,2.4787742817425737
fuerza|local,443,comp_9,-1.6056494663155882
fuerza|local,443,comp_10,12.9420390045877
fuerza|local,443,comp_11,-1.647028169428603e-17
fuerza|local,444,comp_0,0.0
fuerza|local,444,comp_1,-5.438534755400187e-18
fuerza|local,444,comp_2,-7.755444647595926
fuerza|local,444,comp_3,0.0862010818153004
fuerza|local,444,comp_4,25.74224298641605
fuerza|local,444,comp_5,-2.7192673777000934e-17
fuerza|local,444,comp_6,0.0
fuerza|local,444,comp_7,5.438534755400187e-18
fuerza|local,444,comp_8,7.755444647595926
fuerza|local,444,comp_9,-0.0862010818153004
fuerza|local,444,comp_10,51.81220348954321
fuerza|local,444,comp_11,-2.7192673777000934e-17
fuerza|local,446,comp_0,0.0
fuerza|local,446,comp_1,4.3508278043201496e-17
fuerza|local,446,comp_2,126.13818243085183
fuerza|local,446,comp_3,8.778604275934134
fuerza|local,446,comp_4,-273.9552086372281
fuerza|local,446,comp_5,1.0877069510800374e-16
fuerza|local,446,comp_6,0.0
fuerza|local,446,comp_7,-4.3508278043201496e-17
fuerza|local,446,comp_8,-126.13818243085183
fuerza|local,446,comp_9,-8.778604275934134
fuerza|local,446,comp_10,-356.73570351703097
fuerza|local,446,comp_11,1.0877069510800374e-16
fuerza|local,447,comp_0,0.0
fuerza|local,447,comp_1,-8.701655608640299e-17
fuerza|local,447,comp_2,-150.29571124236972
fuerza|local,447,comp_3,-8.523407001543175
fuerza|local,447,comp_4,359.3446736410818
fuerza|local,447,comp_5,-2.1754139021600747e-16
fuerza|local,447,comp_6,0.0
fuerza|local,447,comp_7,8.701655608640299e-17
fuerza|local,447,comp_8,150.29571124236972
fuerza|local,447,comp_9,8.523407001543175
fuerza|local,447,comp_10,392.1338825707669
fuerza|local,447,comp_11,-2.1754139021600747e-16
fuerza|local,449,comp_0,0.0
fuerza|local,449,comp_1,4.3508278043201496e-17
fuerza|local,449,comp_2,138.05547436383173
fuerza|local,449,comp_3,6.120442831605621
fuerza|local,449,comp_4,-333.15554146890184
fuerza|local,449,comp_5,1.0877069510800374e-16
fuerza|local,449,comp_6,0.0
fuerza|local,449,comp_7,-4.3508278043201496e-17
fuerza|local,449,comp_8,-138.05547436383173
fuerza|local,449,comp_9,-6.120442831605621
fuerza|local,449,comp_10,-357.1218303502568
fuerza|local,449,comp_11,1.0877069510800374e-16
fuerza|local,450,comp_0,0.0
fuerza|local,450,comp_1,4.3508278043201496e-17
fuerza|local,450,comp_2,-147.08920090196602
fuerza|local,450,comp_3,-5.942550419176151
fuerza|local,450,comp_4,357.4937033665587
fuerza|local,450,comp_5,1.0877069510800374e-16
fuerza|local,450,comp_6,0.0
fuerza|local,450,comp_7,-4.3508278043201496e-17
fuerza|local,450,comp_8,147.08920090196602
fuerza|local,450,comp_9,5.942550419176151
fuerza|local,450,comp_10,377.9523011432714
fuerza|local,450,comp_11,1.0877069510800374e-16
fuerza|local,452,comp_0,0.0
fuerza|local,452,comp_1,4.3508278043201496e-17
fuerza|local,452,comp_2,140.664562719829
fuerza|local,452,comp_3,7.31957930221212
fuerza|local,452,comp_4,-337.95175428608877
fuerza|local,452,comp_5,1.0877069510800374e-16
fuerza|local,452,comp_6,0.0
fuerza|local,452,comp_7,-4.3508278043201496e-17
fuerza|local,452,comp_8,-140.664562719829
fuerza|local,452,comp_9,-7.31957930221212
fuerza|local,452,comp_10,-365.3710593130562
fuerza|local,452,comp_11,1.0877069510800374e-16
fuerza|local,453,comp_0,0.0
fuerza|local,453,comp_1,-8.701655608640299e-17
fuerza|local,453,comp_2,-146.17810532211567
fuerza|local,453,comp_3,-7.731393498789432
fuerza|local,453,comp_4,365.5525614197454
fuerza|local,453,comp_5,-2.1754139021600747e-16
fuerza|local,453,comp_6,0.0
fuerza|local,453,comp_7,8.701655608640299e-17
fuerza|local,453,comp_8,146.17810532211567
fuerza|local,453,comp_9,7.731393498789432
fuerza|local,453,comp_10,365.33796519083296
fuerza|local,453,comp_11,-2.1754139021600747e-16
fuerza|local,454,comp_0,0.0
fuerza|local,454,comp_1,4.3508278043201496e-17
fuerza|local,454,comp_2,31.342644081014797
fuerza|local,454,comp_3,-0.2199117857673849
fuerza|local,454,comp_4,-69.55638578594954
fuerza|local,454,comp_5,1.0877069510800374e-16
fuerza|local,454,comp_6,0.0
fuerza|local,454,comp_7,-4.3508278043201496e-17
fuerza|local,454,comp_8,-31.342644081014797
fuerza|local,454,comp_9,0.2199117857673849
fuerza|local,454,comp_10,-87.15683461912441
fuerza|local,454,comp_11,1.0877069510800374e-16
fuerza|local,455,comp_0,0.0
fuerza|local,455,comp_1,-5.438534755400187e-18
fuerza|local,455,comp_2,-11.171677286145231
fuerza|local,455,comp_3,0.04662611363591259
fuerza|local,455,comp_4,39.69695740326355
fuerza|local,455,comp_5,-2.7192673777000934e-17
fuerza|local,455,comp_6,0.0
fuerza|local,455,comp_7,5.438534755400187e-18
fuerza|local,455,comp_8,11.171677286145231
fuerza|local,455,comp_9,-0.04662611363591259
fuerza|local,455,comp_10,72.01981545818875
fuerza|local,455,comp_11,-2.7192673777000934e-17
fuerza|local,457,comp_0,0.0
fuerza|local,457,comp_1,4.3508278043201496e-17
fuerza|local,457,comp_2,184.15785687718562
fuerza|local,457,comp_3,1.3748260227639453
fuerza|local,457,comp_4,-424.46428822283025
fuerza|local,457,comp_5,1.0877069510800374e-16
fuerza|local,457,comp_6,0.0
fuerza|local,457,comp_7,-4.3508278043201496e-17
fuerza|local,457,comp_8,-184.15785687718562
fuerza|local,457,comp_9,-1.3748260227639453
fuerza|local,457,comp_10,-496.32499616309786
fuerza|local,457,comp_11,1.0877069510800374e-16
fuerza|local,459,comp_0,0.0
fuerza|local,459,comp_1,-2.8091605141529906e-16
fuerza|local,459,comp_2,-149.04616292491525
fuerza|local,459,comp_3,-5.998362810631538
fuerza|local,459,comp_4,494.47142972270194
fuerza|local,459,comp_5,-3.0900765655682887e-16
fuerza|local,459,comp_6,0.0
fuerza|local,459,comp_7,2.8091605141529906e-16
fuerza|local,459,comp_8,149.04616292491525
fuerza|local,459,comp_9,5.998362810631538
fuerza|local,459,comp_10,-166.56987128788847
fuerza|local,459,comp_11,-3.0900765655682887e-16
fuerza|local,460,comp_0,0.0
fuerza|local,460,comp_1,-3.46845328788277e-16
fuerza|local,460,comp_2,-292.42684904555125
fuerza|local,460,comp_3,2.0572770432866565
fuerza|local,460,comp_4,169.9091141906171
fuerza|local,460,comp_5,-4.85583460303588e-16
fuerza|local,460,comp_6,0.0
fuerza|local,460,comp_7,3.46845328788277e-16
fuerza|local,460,comp_8,292.42684904555125
fuerza|local,460,comp_9,-2.0572770432866565
fuerza|local,460,comp_10,648.8860631369267
fuerza|local,460,comp_11,-4.85583460303588e-16
fuerza|local,462,comp_0,0.0
fuerza|local,462,comp_1,4.3508278043201496e-17
fuerza|local,462,comp_2,194.6001503071859
fuerza|local,462,comp_3,-0.9801107211321456
fuerza|local,462,comp_4,-489.99457138878495
fuerza|local,462,comp_5,1.0877069510800374e-16
fuerza|local,462,comp_6,0.0
fuerza|local,462,comp_7,-4.3508278043201496e-17
fuerza|local,462,comp_8,-194.6001503071859
fuerza|local,462,comp_9,0.9801107211321456
fuerza|local,462,comp_10,-483.00618014714456
fuerza|local,462,comp_11,1.0877069510800374e-16
fuerza|local,463,comp_0,0.0
fuerza|local,463,comp_1,4.3508278043201496e-17
fuerza|local,463,comp_2,-197.33692812203037
fuerza|local,463,comp_3,0.8733038664463357
fuerza|local,463,comp_4,483.03370025976585
fuerza|local,463,comp_5,1.0877069510800374e-16
fuerza|local,463,comp_6,0.0
fuerza|local,463,comp_7,-4.3508278043201496e-17
fuerza|local,463,comp_8,197.33692812203037
fuerza|local,463,comp_9,-0.8733038664463357
fuerza|local,463,comp_10,503.650940350386
fuerza|local,463,comp_11,1.0877069510800374e-16
fuerza|local,465,comp_0,0.0
fuerza|local,465,comp_1,4.3508278043201496e-17
fuerza|local,465,comp_2,192.4900551361197
fuerza|local,465,comp_3,-2.1431490655923033
fuerza|local,465,comp_4,-466.395185576753
fuerza|local,465,comp_5,1.0877069510800374e-16
fuerza|local,465,comp_6,0.0
fuerza|local,465,comp_7,-4.3508278043201496e-17
fuerza|local,465,comp_8,-192.4900551361197
fuerza|local,465,comp_9,2.1431490655923033
fuerza|local,465,comp_10,-496.0550901038455
fuerza|local,465,comp_11,1.0877069510800374e-16
fuerza|local,466,comp_0,0.0
fuerza|local,466,comp_1,-8.701655608640299e-17
fuerza|local,466,comp_2,-194.84456500577363
fuerza|local,466,comp_3,2.2189363500192907
fuerza|local,466,comp_4,495.5726672688907
fuerza|local,466,comp_5,-2.1754139021600747e-16
fuerza|local,466,comp_6,0.0
fuerza|local,466,comp_7,8.701655608640299e-17
fuerza|local,466,comp_8,194.84456500577363
fuerza|local,466,comp_9,-2.2189363500192907
fuerza|local,466,comp_10,478.65015775997745
fuerza|local,466,comp_11,-2.1754139021600747e-16
fuerza|local,467,comp_0,0.0
fuerza|local,467,comp_1,4.3508278043201496e-17
fuerza|local,467,comp_2,33.71178468906864
fuerza|local,467,comp_3,0.017832430680089113
fuerza|local,467,comp_4,-80.5328476497991
fuerza|local,467,comp_5,1.0877069510800374e-16
fuerza|local,467,comp_6,0.0
fuerza|local,467,comp_7,-4.3508278043201496e-17
fuerza|local,467,comp_8,-33.71178468906864
fuerza|local,467,comp_9,-0.017832430680089113
fuerza|local,467,comp_10,-88.02607579554406
fuerza|local,467,comp_11,1.0877069510800374e-16
fuerza|local,468,comp_0,0.0
fuerza|local,468,comp_1,-5.438534755400187e-18
fuerza|local,468,comp_2,-9.923134691876943
fuerza|local,468,comp_3,0.00517354490109658
fuerza|local,468,comp_4,32.78838742934386
fuerza|local,468,comp_5,-2.7192673777000934e-17
fuerza|local,468,comp_6,0.0
fuerza|local,468,comp_7,5.438534755400187e-18
fuerza|local,468,comp_8,9.923134691876943
fuerza|local,468,comp_9,-0.00517354490109658
fuerza|local,468,comp_10,66.44295948942556
fuerza|local,468,comp_11,-2.7192673777000934e-17
fuerza|local,470,comp_0,0.0
fuerza|local,470,comp_1,4.3508278043201496e-17
fuerza|local,470,comp_2,159.18492152142937
fuerza|local,470,comp_3,-4.695157524968286
fuerza|local,470,comp_4,-366.52051733675427
fuerza|local,470,comp_5,1.0877069510800374e-16
fuerza|local,470,comp_6,0.0
fuerza|local,470,comp_7,-4.3508278043201496e-17
fuerza|local,470,comp_8,-159.18492152142937
fuerza|local,470,comp_9,4.695157524968286
fuerza|local,470,comp_10,-429.4040902703925
fuerza|local,470,comp_11,1.0877069510800374e-16
fuerza|local,472,comp_0,0.0
fuerza|local,472,comp_1,-2.8091605141529906e-16
fuerza|local,472,comp_2,-112.98716796138771
fuerza|local,472,comp_3,4.548602934178453
fuerza|local,472,comp_4,428.64868658674334
fuerza|local,472,comp_5,-3.0900765655682887e-16
fuerza|local,472,comp_6,0.0
fuerza|local,472,comp_7,2.8091605141529906e-16
fuerza|local,472,comp_8,112.98716796138771
fuerza|local,472,comp_9,-4.548602934178453
fuerza|local,472,comp_10,-180.07691707169045
fuerza|local,472,comp_11,-3.0900765655682887e-16
fuerza|local,473,comp_0,0.0
fuerza|local,473,comp_1,-3.46845328788277e-16
fuerza|local,473,comp_2,-268.2792277141846
fuerza|local,473,comp_3,4.466422280910541
fuerza|local,473,comp_4,176.73767416895564
fuerza|local,473,comp_5,-4.85583460303588e-16
fuerza|local,473,comp_6,0.0
fuerza|local,473,comp_7,3.46845328788277e-16
fuerza|local,473,comp_8,268.2792277141846
fuerza|local,473,comp_9,-4.466422280910541
fuerza|local,473,comp_10,574.4441634307614
fuerza|local,473,comp_11,-4.85583460303588e-16
fuerza|local,475,comp_0,0.0
fuerza|local,475,comp_1,4.3508278043201496e-17
fuerza|local,475,comp_2,150.515444114448
fuerza|local,475,comp_3,-6.927323190631248
fuerza|local,475,comp_4,-389.44326778614936
fuerza|local,475,comp_5,1.0877069510800374e-16
fuerza|local,475,comp_6,0.0
fuerza|local,475,comp_7,-4.3508278043201496e-17
fuerza|local,475,comp_8,-150.515444114448
fuerza|local,475,comp_9,6.927323190631248
fuerza|local,475,comp_10,-363.1339527860906
fuerza|local,475,comp_11,1.0877069510800374e-16
fuerza|local,476,comp_0,0.0
fuerza|local,476,comp_1,4.3508278043201496e-17
fuerza|local,476,comp_2,-147.34565461442193
fuerza|local,476,comp_3,6.706537650252753
fuerza|local,476,comp_4,362.7345596571668
fuerza|local,476,comp_5,1.0877069510800374e-16
fuerza|local,476,comp_6,0.0
fuerza|local,476,comp_7,-4.3508278043201496e-17
fuerza|local,476,comp_8,147.34565461442193
fuerza|local,476,comp_9,-6.706537650252753
fuerza|local,476,comp_10,373.99371341494293
fuerza|local,476,comp_11,1.0877069510800374e-16
fuerza|local,478,comp_0,0.0
fuerza|local,478,comp_1,4.3508278043201496e-17
fuerza|local,478,comp_2,116.1476600271726
fuerza|local,478,comp_3,-9.913558072664143
fuerza|local,478,comp_4,-277.09876292534335
fuerza|local,478,comp_5,1.0877069510800374e-16
fuerza|local,478,comp_6,0.0
fuerza|local,478,comp_7,-4.3508278043201496e-17
fuerza|local,478,comp_8,-116.1476600271726
fuerza|local,478,comp_9,9.913558072664143
fuerza|local,478,comp_10,-303.6395372105196
fuerza|local,478,comp_11,1.0877069510800374e-16
fuerza|local,479,comp_0,0.0
fuerza|local,479,comp_1,-8.701655608640299e-17
fuerza|local,479,comp_2,-122.8282864759997
fuerza|local,479,comp_3,10.144850738739898
fuerza|local,479,comp_4,303.940457938785
fuerza|local,479,comp_5,-2.1754139021600747e-16
fuerza|local,479,comp_6,0.0
fuerza|local,479,comp_7,8.701655608640299e-17
fuerza|local,479,comp_8,122.8282864759997
fuerza|local,479,comp_9,-10.144850738739898
fuerza|local,479,comp_10,310.2009744412135
fuerza|local,479,comp_11,-2.1754139021600747e-16
fuerza|local,480,comp_0,0.0
fuerza|local,480,comp_1,4.3508278043201496e-17
fuerza|local,480,comp_2,22.071792512692284
fuerza|local,480,comp_3,0.5490159514531096
fuerza|local,480,comp_4,-45.89634252225192
fuerza|local,480,comp_5,1.0877069510800374e-16
fuerza|local,480,comp_6,0.0
fuerza|local,480,comp_7,-4.3508278043201496e-17
fuerza|local,480,comp_8,-22.071792512692284
fuerza|local,480,comp_9,-0.5490159514531096
fuerza|local,480,comp_10,-64.46262004120948
fuerza|local,480,comp_11,1.0877069510800374e-16
fuerza|local,481,comp_0,0.0
fuerza|local,481,comp_1,8.239163876379527e-17
fuerza|local,481,comp_2,3.8721976753001517
fuerza|local,481,comp_3,-0.46697153191672575
fuerza|local,481,comp_4,-16.587448629642683
fuerza|local,481,comp_5,3.6664279249888896e-16
fuerza|local,481,comp_6,0.0
fuerza|local,481,comp_7,-8.239163876379527e-17
fuerza|local,481,comp_8,-3.8721976753001517
fuerza|local,481,comp_9,0.46697153191672575
fuerza|local,481,comp_10,-17.875110680528667
fuerza|local,481,comp_11,3.6664279249888896e-16
fuerza|local,482,comp_0,0.0
fuerza|local,482,comp_1,-2.2762951651615536e-16
fuerza|local,482,comp_2,-5.1740681141713205
fuerza|local,482,comp_3,0.551232790053679
fuerza|local,482,comp_4,19.621078627467007
fuerza|local,482,comp_5,-8.25156997371063e-16
fuerza|local,482,comp_6,0.0
fuerza|local,482,comp_7,2.2762951651615536e-16
fuerza|local,482,comp_8,5.1740681141713205
fuerza|local,482,comp_9,-0.551232790053679
fuerza|local,482,comp_10,17.89091520027506
fuerza|local,482,comp_11,-8.25156997371063e-16
fuerza|local,483,comp_0,0.0
fuerza|local,483,comp_1,8.239163876379527e-17
fuerza|local,483,comp_2,3.5513687467174946
fuerza|local,483,comp_3,-1.6104818812477675
fuerza|local,483,comp_4,-15.0231595578464
fuerza|local,483,comp_5,3.6664279249888896e-16
fuerza|local,483,comp_6,0.0
fuerza|local,483,comp_7,-8.239163876379527e-17
fuerza|local,483,comp_8,-3.5513687467174946
fuerza|local,483,comp_9,1.6104818812477675
fuerza|local,483,comp_10,-16.5840222879393
fuerza|local,483,comp_11,3.6664279249888896e-16
fuerza|local,484,comp_0,0.0
fuerza|local,484,comp_1,-2.2762951651615536e-16
fuerza|local,484,comp_2,-4.896988257882005
fuerza|local,484,comp_3,0.25226682266042344
fuerza|local,484,comp_4,18.792308687940107
fuerza|local,484,comp_5,-8.25156997371063e-16
fuerza|local,484,comp_6,0.0
fuerza|local,484,comp_7,2.2762951651615536e-16
fuerza|local,484,comp_8,4.896988257882005
fuerza|local,484,comp_9,-0.25226682266042344
fuerza|local,484,comp_10,16.710856181704422
fuerza|local,484,comp_11,-8.25156997371063e-16
fuerza|local,485,comp_0,0.0
fuerza|local,485,comp_1,8.239163876379527e-17
fuerza|local,485,comp_2,6.934876240049367
fuerza|local,485,comp_3,-2.608970124051126
fuerza|local,485,comp_4,-17.30201127747727
fuerza|local,485,comp_5,3.6664279249888896e-16
fuerza|local,485,comp_6,0.0
fuerza|local,485,comp_7,-8.239163876379527e-17
fuerza|local,485,comp_8,-6.934876240049367
fuerza|local,485,comp_9,2.608970124051126
fuerza|local,485,comp_10,-44.4183872589621
fuerza|local,485,comp_11,3.6664279249888896e-16
fuerza|local,486,comp_0,0.0
fuerza|local,486,comp_1,-2.2762951651615536e-16
fuerza|local,486,comp_2,-6.384683984098393
fuerza|local,486,comp_3,-0.7554036836512491
fuerza|local,486,comp_4,37.045198425566525
fuerza|local,486,comp_5,-8.25156997371063e-16
fuerza|local,486,comp_6,0.0
fuerza|local,486,comp_7,2.2762951651615536e-16
fuerza|local,486,comp_8,6.384683984098393
fuerza|local,486,comp_9,0.7554036836512491
fuerza|local,486,comp_10,9.24376045914681
fuerza|local,486,comp_11,-8.25156997371063e-16
fuerza|local,487,comp_0,0.0
fuerza|local,487,comp_1,8.239163876379527e-17
fuerza|local,487,comp_2,4.1650108839663496
fuerza|local,487,comp_3,2.4585745312270104
fuerza|local,487,comp_4,-17.119489155252282
fuerza|local,487,comp_5,3.6664279249888896e-16
fuerza|local,487,comp_6,0.0
fuerza|local,487,comp_7,-8.239163876379527e-17
fuerza|local,487,comp_8,-4.1650108839663496
fuerza|local,487,comp_9,-2.4585745312270104
fuerza|local,487,comp_10,-19.94910771204823
fuerza|local,487,comp_11,3.6664279249888896e-16
fuerza|local,488,comp_0,0.0
fuerza|local,488,comp_1,-2.2762951651615536e-16
fuerza|local,488,comp_2,-4.572766232032763
fuerza|local,488,comp_3,1.769352803010623
fuerza|local,488,comp_4,17.786911475615593
fuerza|local,488,comp_5,-8.25156997371063e-16
fuerza|local,488,comp_6,0.0
fuerza|local,488,comp_7,2.2762951651615536e-16
fuerza|local,488,comp_8,4.572766232032763
fuerza|local,488,comp_9,-1.769352803010623
fuerza|local,488,comp_10,15.365643706621933
fuerza|local,488,comp_11,-8.25156997371063e-16
fuerza|local,489,comp_0,0.0
fuerza|local,489,comp_1,8.239163876379527e-17
fuerza|local,489,comp_2,5.78252607195424
fuerza|local,489,comp_3,-0.37187301630225916
fuerza|local,489,comp_4,-12.062993250781307
fuerza|local,489,comp_5,3.6664279249888896e-16
fuerza|local,489,comp_6,0.0
fuerza|local,489,comp_7,-8.239163876379527e-17
fuerza|local,489,comp_8,-5.78252607195424
fuerza|local,489,comp_9,0.37187301630225916
fuerza|local,489,comp_10,-39.401488789611435
fuerza|local,489,comp_11,3.6664279249888896e-16
fuerza|local,490,comp_0,0.0
fuerza|local,490,comp_1,-2.2762951651615536e-16
fuerza|local,490,comp_2,-7.5708640300792505
fuerza|local,490,comp_3,-0.3993931289239139
fuerza|local,490,comp_4,41.25490337719014
fuerza|local,490,comp_5,-8.25156997371063e-16
fuerza|local,490,comp_6,0.0
fuerza|local,490,comp_7,2.2762951651615536e-16
fuerza|local,490,comp_8,7.5708640300792505
fuerza|local,490,comp_9,0.3993931289239139
fuerza|local,490,comp_10,13.633860840884415
fuerza|local,490,comp_11,-8.25156997371063e-16
fuerza|local,491,comp_0,0.0
fuerza|local,491,comp_1,8.239163876379527e-17
fuerza|local,491,comp_2,3.6531959898488964
fuerza|local,491,comp_3,-0.3863790214216602
fuerza|local,491,comp_4,-14.350566725543018
fuerza|local,491,comp_5,3.6664279249888896e-16
fuerza|local,491,comp_6,0.0
fuerza|local,491,comp_7,-8.239163876379527e-17
fuerza|local,491,comp_8,-3.6531959898488964
fuerza|local,491,comp_9,0.3863790214216602
fuerza|local,491,comp_10,-18.16287758411216
fuerza|local,491,comp_11,3.6664279249888896e-16
fuerza|local,492,comp_0,0.0
fuerza|local,492,comp_1,-2.2762951651615536e-16
fuerza|local,492,comp_2,-4.904159317669705
fuerza|local,492,comp_3,0.6510386164114927
fuerza|local,492,comp_4,19.229689012737737
fuerza|local,492,comp_5,-8.25156997371063e-16
fuerza|local,492,comp_6,0.0
fuerza|local,492,comp_7,2.2762951651615536e-16
fuerza|local,492,comp_8,4.904159317669705
fuerza|local,492,comp_9,-0.6510386164114927
fuerza|local,492,comp_10,16.32546604036762
fuerza|local,492,comp_11,-8.25156997371063e-16
fuerza|local,493,comp_0,0.0
fuerza|local,493,comp_1,8.239163876379527e-17
fuerza|local,493,comp_2,7.480518848100567
fuerza|local,493,comp_3,-0.18150210668936592
fuerza|local,493,comp_4,-15.05097280100161
fuerza|local,493,comp_5,3.6664279249888896e-16
fuerza|local,493,comp_6,0.0
fuerza|local,493,comp_7,-8.239163876379527e-17
fuerza|local,493,comp_8,-7.480518848100567
fuerza|local,493,comp_9,0.18150210668936592
fuerza|local,493,comp_10,-51.52564494709343
fuerza|local,493,comp_11,3.6664279249888896e-16
fuerza|local,494,comp_0,0.0
fuerza|local,494,comp_1,-2.2762951651615536e-16
fuerza|local,494,comp_2,-10.475329541256409
fuerza|local,494,comp_3,0.30092072826537
fuerza|local,494,comp_4,55.88773036270484
fuerza|local,494,comp_5,-8.25156997371063e-16
fuerza|local,494,comp_6,0.0
fuerza|local,494,comp_7,2.2762951651615536e-16
fuerza|local,494,comp_8,10.475329541256409
fuerza|local,494,comp_9,-0.30092072826537
fuerza|local,494,comp_10,20.058408811404107
fuerza|local,494,comp_11,-8.25156997371063e-16
fuerza|local,495,comp_0,0.0
fuerza|local,495,comp_1,8.239163876379527e-17
fuerza|local,495,comp_2,3.9098561152000966
fuerza|local,495,comp_3,1.346243357964264
fuerza|local,495,comp_4,-16.334227738212714
fuerza|local,495,comp_5,3.6664279249888896e-16
fuerza|local,495,comp_6,0.0
fuerza|local,495,comp_7,-8.239163876379527e-17
fuerza|local,495,comp_8,-3.9098561152000966
fuerza|local,495,comp_9,-1.346243357964264
fuerza|local,495,comp_10,-18.463491687068142
fuerza|local,495,comp_11,3.6664279249888896e-16
fuerza|local,496,comp_0,0.0
fuerza|local,496,comp_1,-2.2762951651615536e-16
fuerza|local,496,comp_2,-5.023304714978454
fuerza|local,496,comp_3,-2.3013406325623116
fuerza|local,496,comp_4,19.33213415906815
fuerza|local,496,comp_5,-8.25156997371063e-16
fuerza|local,496,comp_6,0.0
fuerza|local,496,comp_7,2.2762951651615536e-16
fuerza|local,496,comp_8,5.023304714978454
fuerza|local,496,comp_9,2.3013406325623116
fuerza|local,496,comp_10,17.086825024525634
fuerza|local,496,comp_11,-8.25156997371063e-16
fuerza|local,497,comp_0,0.0
fuerza|local,497,comp_1,8.239163876379527e-17
fuerza|local,497,comp_2,2.5076557921012577
fuerza|local,497,comp_3,0.4220549026676093
fuerza|local,497,comp_4,-10.504745420044593
fuerza|local,497,comp_5,3.6664279249888896e-16
fuerza|local,497,comp_6,0.0
fuerza|local,497,comp_7,-8.239163876379527e-17
fuerza|local,497,comp_8,-2.5076557921012577
fuerza|local,497,comp_9,-0.4220549026676093
fuerza|local,497,comp_10,-11.813391129656603
fuerza|local,497,comp_11,3.6664279249888896e-16
fuerza|local,498,comp_0,0.0
fuerza|local,498,comp_1,-2.2762951651615536e-16
fuerza|local,498,comp_2,-3.944511819003222
fuerza|local,498,comp_3,-1.0584067499728957
fuerza|local,498,comp_4,14.296133514044335
fuerza|local,498,comp_5,-8.25156997371063e-16
fuerza|local,498,comp_6,0.0
fuerza|local,498,comp_7,2.2762951651615536e-16
fuerza|local,498,comp_8,3.944511819003222
fuerza|local,498,comp_9,1.0584067499728957
fuerza|local,498,comp_10,14.301577173729019
fuerza|local,498,comp_11,-8.25156997371063e-16
fuerza|local,499,comp_0,0.0
fuerza|local,499,comp_1,-2.2762951651615536e-16
fuerza|local,499,comp_2,-1.0997874759517867
fuerza|local,499,comp_3,-3.339242902732259
fuerza|local,499,comp_4,8.055639853918002
fuerza|local,499,comp_5,-8.25156997371063e-16
fuerza|local,499,comp_6,0.0
fuerza|local,499,comp_7,2.2762951651615536e-16
fuerza|local,499,comp_8,1.0997874759517867
fuerza|local,499,comp_9,3.339242902732259
fuerza|local,499,comp_10,-0.08218065326754953
fuerza|local,499,comp_11,-8.25156997371063e-16
fuerza|local,500,comp_0,0.0
fuerza|local,500,comp_1,-1.1386932144119141e-17
fuerza|local,500,comp_2,-14.326618508430784
fuerza|local,500,comp_3,0.26523163297254687
fuerza|local,500,comp_4,51.03835241572373
fuerza|local,500,comp_5,-5.69346607205957e-17
fuerza|local,500,comp_6,0.0
fuerza|local,500,comp_7,1.1386932144119141e-17
fuerza|local,500,comp_8,14.326618508430784
fuerza|local,500,comp_9,-0.26523163297254687
fuerza|local,500,comp_10,92.22783266858411
fuerza|local,500,comp_11,-5.69346607205957e-17
fuerza|local,502,comp_0,0.0
fuerza|local,502,comp_1,9.347481610844071e-17
fuerza|local,502,comp_2,125.51425203384166
fuerza|local,502,comp_3,8.963404824195974
fuerza|local,502,comp_4,-248.86150300961333
fuerza|local,502,comp_5,2.3368704027110176e-16
fuerza|local,502,comp_6,0.0
fuerza|local,502,comp_7,-9.347481610844071e-17
fuerza|local,502,comp_8,-125.51425203384166
fuerza|local,502,comp_9,-8.963404824195974
fuerza|local,502,comp_10,-378.7097571595949
fuerza|local,502,comp_11,2.3368704027110176e-16
fuerza|local,503,comp_0,0.0
fuerza|local,503,comp_1,9.347481610844071e-17
fuerza|local,503,comp_2,-156.91668054290597
fuerza|local,503,comp_3,-8.646734164349267
fuerza|local,503,comp_4,375.95237110302764
fuerza|local,503,comp_5,2.3368704027110176e-16
fuerza|local,503,comp_6,0.0
fuerza|local,503,comp_7,-9.347481610844071e-17
fuerza|local,503,comp_8,156.91668054290597
fuerza|local,503,comp_9,8.646734164349267
fuerza|local,503,comp_10,408.6310316115021
fuerza|local,503,comp_11,2.3368704027110176e-16
fuerza|local,505,comp_0,0.0
fuerza|local,505,comp_1,-1.8491018168360637e-16
fuerza|local,505,comp_2,135.56891028763764
fuerza|local,505,comp_3,5.833424646292657
fuerza|local,505,comp_4,-329.2394763904752
fuerza|local,505,comp_5,-4.622754542090159e-16
fuerza|local,505,comp_6,0.0
fuerza|local,505,comp_7,1.8491018168360637e-16
fuerza|local,505,comp_8,-135.56891028763764
fuerza|local,505,comp_9,-5.833424646292657
fuerza|local,505,comp_10,-348.60507504771294
fuerza|local,505,comp_11,-4.622754542090159e-16
fuerza|local,506,comp_0,0.0
fuerza|local,506,comp_1,9.347481610844071e-17
fuerza|local,506,comp_2,-148.51000686388866
fuerza|local,506,comp_3,-6.0366299523827225
fuerza|local,506,comp_4,348.45196173245216
fuerza|local,506,comp_5,2.3368704027110176e-16
fuerza|local,506,comp_6,0.0
fuerza|local,506,comp_7,-9.347481610844071e-17
fuerza|local,506,comp_8,148.51000686388866
fuerza|local,506,comp_9,6.0366299523827225
fuerza|local,506,comp_10,394.09807258699107
fuerza|local,506,comp_11,2.3368704027110176e-16
fuerza|local,508,comp_0,0.0
fuerza|local,508,comp_1,9.347481610844071e-17
fuerza|local,508,comp_2,152.04721922473843
fuerza|local,508,comp_3,7.553891382952747
fuerza|local,508,comp_4,-363.77779423538175
fuerza|local,508,comp_5,2.3368704027110176e-16
fuerza|local,508,comp_6,0.0
fuerza|local,508,comp_7,-9.347481610844071e-17
fuerza|local,508,comp_8,-152.04721922473843
fuerza|local,508,comp_9,-7.553891382952747
fuerza|local,508,comp_10,-396.4583018883103
fuerza|local,508,comp_11,2.3368704027110176e-16
fuerza|local,509,comp_0,0.0
fuerza|local,509,comp_1,-1.8491018168360637e-16
fuerza|local,509,comp_2,-135.24006202226337
fuerza|local,509,comp_3,-7.827772055084343
fuerza|local,509,comp_4,397.08169769007173
fuerza|local,509,comp_5,-4.622754542090159e-16
fuerza|local,509,comp_6,0.0
fuerza|local,509,comp_7,1.8491018168360637e-16
fuerza|local,509,comp_8,135.24006202226337
fuerza|local,509,comp_9,7.827772055084343
fuerza|local,509,comp_10,279.1186124212451
fuerza|local,509,comp_11,-4.622754542090159e-16
fuerza|local,510,comp_0,0.0
fuerza|local,510,comp_1,9.347481610844071e-17
fuerza|local,510,comp_2,-118.3178182218411
fuerza|local,510,comp_3,0.09504475110442732
fuerza|local,510,comp_4,73.23052499013477
fuerza|local,510,comp_5,2.3368704027110176e-16
fuerza|local,510,comp_6,0.0
fuerza|local,510,comp_7,-9.347481610844071e-17
fuerza|local,510,comp_8,118.3178182218411
fuerza|local,510,comp_9,-0.09504475110442732
fuerza|local,510,comp_10,518.3585661190707
fuerza|local,510,comp_11,2.3368704027110176e-16
fuerza|local,512,comp_0,0.0
fuerza|local,512,comp_1,-7.396407267344255e-16
fuerza|local,512,comp_2,284.96646416348324
fuerza|local,512,comp_3,15.335502992443095
fuerza|local,512,comp_4,-1020.766951229064
fuerza|local,512,comp_5,-9.245509084180318e-16
fuerza|local,512,comp_6,0.0
fuerza|local,512,comp_7,7.396407267344255e-16
fuerza|local,512,comp_8,-284.96646416348324
fuerza|local,512,comp_9,-15.335502992443095
fuerza|local,512,comp_10,308.350790820356
fuerza|local,512,comp_11,-9.245509084180318e-16
fuerza|local,514,comp_0,0.0
fuerza|local,514,comp_1,9.736960011295919e-17
fuerza|local,514,comp_2,121.15054472619934
fuerza|local,514,comp_3,13.255838639362581
fuerza|local,514,comp_4,-299.02743310290055
fuerza|local,514,comp_5,1.1684352013555095e-16
fuerza|local,514,comp_6,0.0
fuerza|local,514,comp_7,-9.736960011295919e-17
fuerza|local,514,comp_8,-121.15054472619934
fuerza|local,514,comp_9,-13.255838639362581
fuerza|local,514,comp_10,8.266125760022334
fuerza|local,514,comp_11,1.1684352013555095e-16
fuerza|local,515,comp_0,0.0
fuerza|local,515,comp_1,-1.1386932144119141e-17
fuerza|local,515,comp_2,-21.399227651098826
fuerza|local,515,comp_3,-0.13500801428923803
fuerza|local,515,comp_4,68.98267863664131
fuerza|local,515,comp_5,-5.69346607205957e-17
fuerza|local,515,comp_6,0.0
fuerza|local,515,comp_7,1.1386932144119141e-17
fuerza|local,515,comp_8,21.399227651098826
fuerza|local,515,comp_9,0.13500801428923803
fuerza|local,515,comp_10,145.00959787434692
fuerza|local,515,comp_11,-5.69346607205957e-17
fuerza|local,517,comp_0,0.0
fuerza|local,517,comp_1,2.572137595771332e-15
fuerza|local,517,comp_2,271.7319362822063
fuerza|local,517,comp_3,-8.554203027080229
fuerza|local,517,comp_4,-451.721628068913
fuerza|local,517,comp_5,2.829351355348464e-15
fuerza|local,517,comp_6,0.0
fuerza|local,517,comp_7,-2.572137595771332e-15
fuerza|local,517,comp_8,-271.7319362822063
fuerza|local,517,comp_9,8.554203027080229
fuerza|local,517,comp_10,-146.08863175194057
fuerza|local,517,comp_11,2.829351355348464e-15
fuerza|local,519,comp_0,0.0
fuerza|local,519,comp_1,-7.132007073208946e-16
fuerza|local,519,comp_2,129.18746676042656
fuerza|local,519,comp_3,3.5137087035727204
fuerza|local,519,comp_4,135.31287744129094
fuerza|local,519,comp_5,-9.984809902492527e-16
fuerza|local,519,comp_6,0.0
fuerza|local,519,comp_7,7.132007073208946e-16
fuerza|local,519,comp_8,-129.18746676042656
fuerza|local,519,comp_9,-3.5137087035727204
fuerza|local,519,comp_10,-497.03778437048544
fuerza|local,519,comp_11,-9.984809902492527e-16
fuerza|local,520,comp_0,0.0
fuerza|local,520,comp_1,9.347481610844071e-17
fuerza|local,520,comp_2,-213.20707969971272
fuerza|local,520,comp_3,2.1913304459008405
fuerza|local,520,comp_4,499.61276382373495
fuerza|local,520,comp_5,2.3368704027110176e-16
fuerza|local,520,comp_6,0.0
fuerza|local,520,comp_7,-9.347481610844071e-17
fuerza|local,520,comp_8,213.20707969971272
fuerza|local,520,comp_9,-2.1913304459008405
fuerza|local,520,comp_10,566.4226346748287
fuerza|local,520,comp_11,2.3368704027110176e-16
fuerza|local,522,comp_0,0.0
fuerza|local,522,comp_1,-1.8491018168360637e-16
fuerza|local,522,comp_2,190.8569803279387
fuerza|local,522,comp_3,1.593946534369104
fuerza|local,522,comp_4,-464.6346263530182
fuerza|local,522,comp_5,-4.622754542090159e-16
fuerza|local,522,comp_6,0.0
fuerza|local,522,comp_7,1.8491018168360637e-16
fuerza|local,522,comp_8,-190.8569803279387
fuerza|local,522,comp_9,-1.593946534369104
fuerza|local,522,comp_10,-489.6502752866752
fuerza|local,522,comp_11,-4.622754542090159e-16
fuerza|local,523,comp_0,0.0
fuerza|local,523,comp_1,9.347481610844071e-17
fuerza|local,523,comp_2,-204.65999616018993
fuerza|local,523,comp_3,-1.7608264156182036
fuerza|local,523,comp_4,489.630550196669
fuerza|local,523,comp_5,2.3368704027110176e-16
fuerza|local,523,comp_6,0.0
fuerza|local,523,comp_7,-9.347481610844071e-17
fuerza|local,523,comp_8,204.65999616018993
fuerza|local,523,comp_9,1.7608264156182036
fuerza|local,523,comp_10,533.6694306042806
fuerza|local,523,comp_11,2.3368704027110176e-16
fuerza|local,525,comp_0,0.0
fuerza|local,525,comp_1,9.347481610844071e-17
fuerza|local,525,comp_2,206.12395457566754
fuerza|local,525,comp_3,-2.9597989592155045
fuerza|local,525,comp_4,-504.0193239295037
fuerza|local,525,comp_5,2.3368704027110176e-16
fuerza|local,525,comp_6,0.0
fuerza|local,525,comp_7,-9.347481610844071e-17
fuerza|local,525,comp_8,-206.12395457566754
fuerza|local,525,comp_9,2.9597989592155045
fuerza|local,525,comp_10,-526.600448948834
fuerza|local,525,comp_11,2.3368704027110176e-16
fuerza|local,526,comp_0,0.0
fuerza|local,526,comp_1,-1.8491018168360637e-16
fuerza|local,526,comp_2,-179.07097942665928
fuerza|local,526,comp_3,2.863130522177053
fuerza|local,526,comp_4,525.7230076015275
fuerza|local,526,comp_5,-4.622754542090159e-16
fuerza|local,526,comp_6,0.0
fuerza|local,526,comp_7,1.8491018168360637e-16
fuerza|local,526,comp_8,179.07097942665928
fuerza|local,526,comp_9,-2.863130522177053
fuerza|local,526,comp_10,369.6318895317688
fuerza|local,526,comp_11,-4.622754542090159e-16
fuerza|local,527,comp_0,0.0
fuerza|local,527,comp_1,9.347481610844071e-17
fuerza|local,527,comp_2,-131.35246745910968
fuerza|local,527,comp_3,-0.04610929268745153
fuerza|local,527,comp_4,70.75517246179902
fuerza|local,527,comp_5,2.3368704027110176e-16
fuerza|local,527,comp_6,0.0
fuerza|local,527,comp_7,-9.347481610844071e-17
fuerza|local,527,comp_8,131.35246745910968
fuerza|local,527,comp_9,0.04610929268745153
fuerza|local,527,comp_10,586.0071648337494
fuerza|local,527,comp_11,2.3368704027110176e-16
fuerza|local,529,comp_0,0.0
fuerza|local,529,comp_1,-7.396407267344255e-16
fuerza|local,529,comp_2,357.2545246385452
fuerza|local,529,comp_3,-4.885772076878495
fuerza|local,529,comp_4,-1174.2766758787154
fuerza|local,529,comp_5,-9.245509084180318e-16
fuerza|local,529,comp_6,0.0
fuerza|local,529,comp_7,7.396407267344255e-16
fuerza|local,529,comp_8,-357.2545246385452
fuerza|local,529,comp_9,4.885772076878495
fuerza|local,529,comp_10,281.1403642823525
fuerza|local,529,comp_11,-9.245509084180318e-16
fuerza|local,531,comp_0,0.0
fuerza|local,531,comp_1,9.736960011295919e-17
fuerza|local,531,comp_2,139.73621362720127
fuerza|local,531,comp_3,-5.89417418485098
fuerza|local,531,comp_4,-309.28624932492596
fuerza|local,531,comp_5,1.1684352013555095e-16
fuerza|local,531,comp_6,0.0
fuerza|local,531,comp_7,-9.736960011295919e-17
fuerza|local,531,comp_8,-139.73621362720127
fuerza|local,531,comp_9,5.89417418485098
fuerza|local,531,comp_10,-26.080663380356867
fuerza|local,531,comp_11,1.1684352013555095e-16
fuerza|local,532,comp_0,0.0
fuerza|local,532,comp_1,-1.1386932144119141e-17
fuerza|local,532,comp_2,-16.51062895045248
fuerza|local,532,comp_3,-0.2677606294997724
fuerza|local,532,comp_4,56.61994575920402
fuerza|local,532,comp_5,-5.69346607205957e-17
fuerza|local,532,comp_6,0.0
fuerza|local,532,comp_7,1.1386932144119141e-17
fuerza|local,532,comp_8,16.51062895045248
fuerza|local,532,comp_9,0.2677606294997724
fuerza|local,532,comp_10,108.48634374532081
fuerza|local,532,comp_11,-5.69346607205957e-17
fuerza|local,534,comp_0,0.0
fuerza|local,534,comp_1,2.572137595771332e-15
fuerza|local,534,comp_2,206.8970147052458
fuerza|local,534,comp_3,-11.321469133173627
fuerza|local,534,comp_4,-317.60052060853087
fuerza|local,534,comp_5,2.829351355348464e-15
fuerza|local,534,comp_6,0.0
fuerza|local,534,comp_7,-2.572137595771332e-15
fuerza|local,534,comp_8,-206.8970147052458
fuerza|local,534,comp_9,11.321469133173627
fuerza|local,534,comp_10,-137.57291174300974
fuerza|local,534,comp_11,2.829351355348464e-15
fuerza|local,536,comp_0,0.0
fuerza|local,536,comp_1,-7.132007073208946e-16
fuerza|local,536,comp_2,59.68867894093519
fuerza|local,536,comp_3,-9.353351321438591
fuerza|local,536,comp_4,148.34866605366534
fuerza|local,536,comp_5,-9.984809902492527e-16
fuerza|local,536,comp_6,0.0
fuerza|local,536,comp_7,7.132007073208946e-16
fuerza|local,536,comp_8,-59.68867894093519
fuerza|local,536,comp_9,9.353351321438591
fuerza|local,536,comp_10,-315.4769670882839
fuerza|local,536,comp_11,-9.984809902492527e-16
fuerza|local,537,comp_0,0.0
fuerza|local,537,comp_1,9.347481610844071e-17
fuerza|local,537,comp_2,-147.0022581754673
fuerza|local,537,comp_3,10.079788442723029
fuerza|local,537,comp_4,315.65937369159917
fuerza|local,537,comp_5,2.3368704027110176e-16
fuerza|local,537,comp_6,0.0
fuerza|local,537,comp_7,-9.347481610844071e-17
fuerza|local,537,comp_8,147.0022581754673
fuerza|local,537,comp_9,-10.079788442723029
fuerza|local,537,comp_10,419.3519171857373
fuerza|local,537,comp_11,2.3368704027110176e-16
fuerza|local,539,comp_0,0.0
fuerza|local,539,comp_1,-1.8491018168360637e-16
fuerza|local,539,comp_2,163.8656923026437
fuerza|local,539,comp_3,-2.515770056272035
fuerza|local,539,comp_4,-378.7576905496618
fuerza|local,539,comp_5,-4.622754542090159e-16
fuerza|local,539,comp_6,0.0
fuerza|local,539,comp_7,1.8491018168360637e-16
fuerza|local,539,comp_8,-163.8656923026437
fuerza|local,539,comp_9,2.515770056272035
fuerza|local,539,comp_10,-440.5707709635567
fuerza|local,539,comp_11,-4.622754542090159e-16
fuerza|local,540,comp_0,0.0
fuerza|local,540,comp_1,9.347481610844071e-17
fuerza|local,540,comp_2,-178.18652042073182
fuerza|local,540,comp_3,2.380085441261563
fuerza|local,540,comp_4,440.7436093688235
fuerza|local,540,comp_5,2.3368704027110176e-16
fuerza|local,540,comp_6,0.0
fuerza|local,540,comp_7,-9.347481610844071e-17
fuerza|local,540,comp_8,178.18652042073182
fuerza|local,540,comp_9,-2.380085441261563
fuerza|local,540,comp_10,450.1889927348355
fuerza|local,540,comp_11,2.3368704027110176e-16
fuerza|local,542,comp_0,0.0
fuerza|local,542,comp_1,9.347481610844071e-17
fuerza|local,542,comp_2,131.86156824342368
fuerza|local,542,comp_3,-11.081343082173428
fuerza|local,542,comp_4,-335.298377534035
fuerza|local,542,comp_5,2.3368704027110176e-16
fuerza|local,542,comp_6,0.0
fuerza|local,542,comp_7,-9.347481610844071e-17
fuerza|local,542,comp_8,-131.86156824342368
fuerza|local,542,comp_9,11.081343082173428
fuerza|local,542,comp_10,-324.00946368308337
fuerza|local,542,comp_11,2.3368704027110176e-16
fuerza|local,543,comp_0,0.0
fuerza|local,543,comp_1,-1.8491018168360637e-16
fuerza|local,543,comp_2,-108.75345163319335
fuerza|local,543,comp_3,11.168146703469072
fuerza|local,543,comp_4,324.26350922862906
fuerza|local,543,comp_5,-4.622754542090159e-16
fuerza|local,543,comp_6,0.0
fuerza|local,543,comp_7,1.8491018168360637e-16
fuerza|local,543,comp_8,108.75345163319335
fuerza|local,543,comp_9,-11.168146703469072
fuerza|local,543,comp_10,219.5037489373376
fuerza|local,543,comp_11,-4.622754542090159e-16
fuerza|local,544,comp_0,0.0
fuerza|local,544,comp_1,9.347481610844071e-17
fuerza|local,544,comp_2,-116.55106423222695
fuerza|local,544,comp_3,-0.28285784677605585
fuerza|local,544,comp_4,90.31758142295078
fuerza|local,544,comp_5,2.3368704027110176e-16
fuerza|local,544,comp_6,0.0
fuerza|local,544,comp_7,-9.347481610844071e-17
fuerza|local,544,comp_8,116.55106423222695
fuerza|local,544,comp_9,0.28285784677605585
fuerza|local,544,comp_10,492.43773973818395
fuerza|local,544,comp_11,2.3368704027110176e-16
fuerza|local,546,comp_0,0.0
fuerza|local,546,comp_1,-7.396407267344255e-16
fuerza|local,546,comp_2,256.9313930487755
fuerza|local,546,comp_3,-21.060121948250316
fuerza|local,546,comp_4,-945.2503471919392
fuerza|local,546,comp_5,-9.245509084180318e-16
fuerza|local,546,comp_6,0.0
fuerza|local,546,comp_7,7.396407267344255e-16
fuerza|local,546,comp_8,-256.9313930487755
fuerza|local,546,comp_9,21.060121948250316
fuerza|local,546,comp_10,302.9218645700006
fuerza|local,546,comp_11,-9.245509084180318e-16
fuerza|local,548,comp_0,0.0
fuerza|local,548,comp_1,9.736960011295919e-17
fuerza|local,548,comp_2,110.95199984356026
fuerza|local,548,comp_3,-20.53975068741016
fuerza|local,548,comp_4,-284.0993372448815
fuerza|local,548,comp_5,1.1684352013555095e-16
fuerza|local,548,comp_6,0.0
fuerza|local,548,comp_7,-9.736960011295919e-17
fuerza|local,548,comp_8,-110.95199984356026
fuerza|local,548,comp_9,20.53975068741016
fuerza|local,548,comp_10,17.814537620337035
fuerza|local,548,comp_11,1.1684352013555095e-16
fuerza|local,549,comp_0,0.0
fuerza|local,549,comp_1,2.8536687384335337e-16
fuerza|local,549,comp_2,3.40231765414756
fuerza|local,549,comp_3,0.9181275020023142
fuerza|local,549,comp_4,-13.202731333204905
fuerza|local,549,comp_5,1.2698825886029226e-15
fuerza|local,549,comp_6,0.0
fuerza|local,549,comp_7,-2.8536687384335337e-16
fuerza|local,549,comp_8,-3.40231765414756
fuerza|local,549,comp_9,-0.9181275020023142
fuerza|local,549,comp_10,-17.077895788708382
fuerza|local,549,comp_11,1.2698825886029226e-15
fuerza|local,550,comp_0,0.0
fuerza|local,550,comp_1,-3.2560074308489832e-16
fuerza|local,550,comp_2,-4.811871489878082
fuerza|local,550,comp_3,-0.8517839640655142
fuerza|local,550,comp_4,19.35079985637882
fuerza|local,550,comp_5,-1.1803026936827563e-15
fuerza|local,550,comp_6,0.0
fuerza|local,550,comp_7,3.2560074308489832e-16
fuerza|local,550,comp_8,4.811871489878082
fuerza|local,550,comp_9,0.8517839640655142
fuerza|local,550,comp_10,15.535268445237271
fuerza|local,550,comp_11,-1.1803026936827563e-15
fuerza|local,551,comp_0,0.0
fuerza|local,551,comp_1,2.8536687384335337e-16
fuerza|local,551,comp_2,3.618946511805626
fuerza|local,551,comp_3,-5.4528343910010415
fuerza|local,551,comp_4,-12.78522840552689
fuerza|local,551,comp_5,1.2698825886029226e-15
fuerza|local,551,comp_6,0.0
fuerza|local,551,comp_7,-2.8536687384335337e-16
fuerza|local,551,comp_8,-3.618946511805626
fuerza|local,551,comp_9,5.4528343910010415
fuerza|local,551,comp_10,-19.423395549543184
fuerza|local,551,comp_11,1.2698825886029226e-15
fuerza|local,552,comp_0,0.0
fuerza|local,552,comp_1,-3.2560074308489832e-16
fuerza|local,552,comp_2,-3.6174129704921176
fuerza|local,552,comp_3,4.572183630130971
fuerza|local,552,comp_4,15.583392597986437
fuerza|local,552,comp_5,-1.1803026936827563e-15
fuerza|local,552,comp_6,0.0
fuerza|local,552,comp_7,3.2560074308489832e-16
fuerza|local,552,comp_8,3.6174129704921176
fuerza|local,552,comp_9,-4.572183630130971
fuerza|local,552,comp_10,10.642851438081408
fuerza|local,552,comp_11,-1.1803026936827563e-15
fuerza|local,553,comp_0,0.0
fuerza|local,553,comp_1,2.8536687384335337e-16
fuerza|local,553,comp_2,8.876080995887989
fuerza|local,553,comp_3,2.7573860565668302
fuerza|local,553,comp_4,-17.61013898854531
fuerza|local,553,comp_5,1.2698825886029226e-15
fuerza|local,553,comp_6,0.0
fuerza|local,553,comp_7,-2.8536687384335337e-16
fuerza|local,553,comp_8,-8.876080995887989
fuerza|local,553,comp_9,-2.7573860565668302
fuerza|local,553,comp_10,-61.38698187485779
fuerza|local,553,comp_11,1.2698825886029226e-15
fuerza|local,554,comp_0,0.0
fuerza|local,554,comp_1,-3.2560074308489832e-16
fuerza|local,554,comp_2,-10.965205983634045
fuerza|local,554,comp_3,0.18240660331874992
fuerza|local,554,comp_4,60.064603617185774
fuerza|local,554,comp_5,-1.1803026936827563e-15
fuerza|local,554,comp_6,0.0
fuerza|local,554,comp_7,3.2560074308489832e-16
fuerza|local,554,comp_8,10.965205983634045
fuerza|local,554,comp_9,-0.18240660331874992
fuerza|local,554,comp_10,19.43313976416103
fuerza|local,554,comp_11,-1.1803026936827563e-15
fuerza|local,555,comp_0,0.0
fuerza|local,555,comp_1,2.8536687384335337e-16
fuerza|local,555,comp_2,3.620629336216853
fuerza|local,555,comp_3,-0.36351844719854054
fuerza|local,555,comp_4,-12.928173756204442
fuerza|local,555,comp_5,1.2698825886029226e-15
fuerza|local,555,comp_6,0.0
fuerza|local,555,comp_7,-2.8536687384335337e-16
fuerza|local,555,comp_8,-3.620629336216853
fuerza|local,555,comp_9,0.36351844719854054
fuerza|local,555,comp_10,-19.29542733612555
fuerza|local,555,comp_11,1.2698825886029226e-15
fuerza|local,556,comp_0,0.0
fuerza|local,556,comp_1,-3.2560074308489832e-16
fuerza|local,556,comp_2,-4.145137920191234
fuerza|local,556,comp_3,-3.957620408517221
fuerza|local,556,comp_4,18.6292065656623
fuerza|local,556,comp_5,-1.1803026936827563e-15
fuerza|local,556,comp_6,0.0
fuerza|local,556,comp_7,3.2560074308489832e-16
fuerza|local,556,comp_8,4.145137920191234
fuerza|local,556,comp_9,3.957620408517221
fuerza|local,556,comp_10,11.42304335572414
fuerza|local,556,comp_11,-1.1803026936827563e-15
fuerza|local,557,comp_0,0.0
fuerza|local,557,comp_1,2.8536687384335337e-16
fuerza|local,557,comp_2,5.027045781037868
fuerza|local,557,comp_3,0.1531133152607926
fuerza|local,557,comp_4,-11.870054598675292
fuerza|local,557,comp_5,1.2698825886029226e-15
fuerza|local,557,comp_6,0.0
fuerza|local,557,comp_7,-2.8536687384335337e-16
fuerza|local,557,comp_8,-5.027045781037868
fuerza|local,557,comp_9,-0.1531133152607926
fuerza|local,557,comp_10,-32.87065285256174
fuerza|local,557,comp_11,1.2698825886029226e-15
fuerza|local,558,comp_0,0.0
fuerza|local,558,comp_1,-3.2560074308489832e-16
fuerza|local,558,comp_2,-4.746446262083916
fuerza|local,558,comp_3,0.17283840526666924
fuerza|local,558,comp_4,29.515879902574707
fuerza|local,558,comp_5,-1.1803026936827563e-15
fuerza|local,558,comp_6,0.0
fuerza|local,558,comp_7,3.2560074308489832e-16
fuerza|local,558,comp_8,4.746446262083916
fuerza|local,558,comp_9,-0.17283840526666924
fuerza|local,558,comp_10,4.895855497533674
fuerza|local,558,comp_11,-1.1803026936827563e-15
fuerza|local,559,comp_0,0.0
fuerza|local,559,comp_1,2.8536687384335337e-16
fuerza|local,559,comp_2,3.61591348250708
fuerza|local,559,comp_3,0.30007595414913113
fuerza|local,559,comp_4,-12.969880176359691
fuerza|local,559,comp_5,1.2698825886029226e-15
fuerza|local,559,comp_6,0.0
fuerza|local,559,comp_7,-2.8536687384335337e-16
fuerza|local,559,comp_8,-3.61591348250708
fuerza|local,559,comp_9,-0.30007595414913113
fuerza|local,559,comp_10,-19.211749817953326
fuerza|local,559,comp_11,1.2698825886029226e-15
fuerza|local,560,comp_0,0.0
fuerza|local,560,comp_1,-3.2560074308489832e-16
fuerza|local,560,comp_2,-4.562912607370815
fuerza|local,560,comp_3,4.055908744885881
fuerza|local,560,comp_4,20.077548870215825
fuerza|local,560,comp_5,-1.1803026936827563e-15
fuerza|local,560,comp_6,0.0
fuerza|local,560,comp_7,3.2560074308489832e-16
fuerza|local,560,comp_8,4.562912607370815
fuerza|local,560,comp_9,-4.055908744885881
fuerza|local,560,comp_10,13.00356753322258
fuerza|local,560,comp_11,-1.1803026936827563e-15
fuerza|local,561,comp_0,0.0
fuerza|local,561,comp_1,2.8536687384335337e-16
fuerza|local,561,comp_2,8.235409876513788
fuerza|local,561,comp_3,-0.623395801761285
fuerza|local,561,comp_4,-15.381663438037371
fuerza|local,561,comp_5,1.2698825886029226e-15
fuerza|local,561,comp_6,0.0
fuerza|local,561,comp_7,-2.8536687384335337e-16
fuerza|local,561,comp_8,-8.235409876513788
fuerza|local,561,comp_9,0.623395801761285
fuerza|local,561,comp_10,-57.91348446293535
fuerza|local,561,comp_11,1.2698825886029226e-15
fuerza|local,562,comp_0,0.0
fuerza|local,562,comp_1,-3.2560074308489832e-16
fuerza|local,562,comp_2,-11.86012465240961
fuerza|local,562,comp_3,0.25404554554566977
fuerza|local,562,comp_4,63.73641394432748
fuerza|local,562,comp_5,-1.1803026936827563e-15
fuerza|local,562,comp_6,0.0
fuerza|local,562,comp_7,3.2560074308489832e-16
fuerza|local,562,comp_8,11.86012465240961
fuerza|local,562,comp_9,-0.25404554554566977
fuerza|local,562,comp_10,22.249489785642172
fuerza|local,562,comp_11,-1.1803026936827563e-15
fuerza|local,563,comp_0,0.0
fuerza|local,563,comp_1,2.8536687384335337e-16
fuerza|local,563,comp_2,3.6342137916868977
fuerza|local,563,comp_3,2.8629718978791656
fuerza|local,563,comp_4,-13.35715699389872
fuerza|local,563,comp_5,1.2698825886029226e-15
fuerza|local,563,comp_6,0.0
fuerza|local,563,comp_7,-2.8536687384335337e-16
fuerza|local,563,comp_8,-3.6342137916868977
fuerza|local,563,comp_9,-2.8629718978791656
fuerza|local,563,comp_10,-18.987345752114667
fuerza|local,563,comp_11,1.2698825886029226e-15
fuerza|local,564,comp_0,0.0
fuerza|local,564,comp_1,-3.2560074308489832e-16
fuerza|local,564,comp_2,-4.18474713485472
fuerza|local,564,comp_3,-5.507825613136433
fuerza|local,564,comp_4,18.317991333584747
fuerza|local,564,comp_5,-1.1803026936827563e-15
fuerza|local,564,comp_6,0.0
fuerza|local,564,comp_7,3.2560074308489832e-16
fuerza|local,564,comp_8,4.18474713485472
fuerza|local,564,comp_9,5.507825613136433
fuerza|local,564,comp_10,12.021425394111969
fuerza|local,564,comp_11,-1.1803026936827563e-15
fuerza|local,565,comp_0,0.0
fuerza|local,565,comp_1,2.8536687384335337e-16
fuerza|local,565,comp_2,2.0643158631124745
fuerza|local,565,comp_3,-3.549052553034332
fuerza|local,565,comp_4,-6.127501536164645
fuerza|local,565,comp_5,1.2698825886029226e-15
fuerza|local,565,comp_6,0.0
fuerza|local,565,comp_7,-2.8536687384335337e-16
fuerza|local,565,comp_8,-2.0643158631124745
fuerza|local,565,comp_9,3.549052553034332
fuerza|local,565,comp_10,-12.244909645536382
fuerza|local,565,comp_11,1.2698825886029226e-15
fuerza|local,566,comp_0,0.0
fuerza|local,566,comp_1,-3.2560074308489832e-16
fuerza|local,566,comp_2,-1.7041322836166195
fuerza|local,566,comp_3,7.191060213991476
fuerza|local,566,comp_4,9.827342882784698
fuerza|local,566,comp_5,-1.1803026936827563e-15
fuerza|local,566,comp_6,0.0
fuerza|local,566,comp_7,3.2560074308489832e-16
fuerza|local,566,comp_8,1.7041322836166195
fuerza|local,566,comp_9,-7.191060213991476
fuerza|local,566,comp_10,2.5276161734357907
fuerza|local,566,comp_11,-1.1803026936827563e-15
fuerza|local,567,comp_0,0.0
fuerza|local,567,comp_1,2.8536687384335337e-16
fuerza|local,567,comp_2,5.075896259601178
fuerza|local,567,comp_3,-9.32335771746112
fuerza|local,567,comp_4,-2.079664353079842
fuerza|local,567,comp_5,1.2698825886029226e-15
fuerza|local,567,comp_6,0.0
fuerza|local,567,comp_7,-2.8536687384335337e-16
fuerza|local,567,comp_8,-5.075896259601178
fuerza|local,567,comp_9,9.32335771746112
fuerza|local,567,comp_10,-43.09581235737064
fuerza|local,567,comp_11,1.2698825886029226e-15
fuerza|local,568,comp_0,0.0
fuerza|local,568,comp_1,-3.2560074308489832e-16
fuerza|local,568,comp_2,-5.876935380722524
fuerza|local,568,comp_3,18.822527325113523
fuerza|local,568,comp_4,42.08741024939851
fuerza|local,568,comp_5,-1.1803026936827563e-15
fuerza|local,568,comp_6,0.0
fuerza|local,568,comp_7,3.2560074308489832e-16
fuerza|local,568,comp_8,5.876935380722524
fuerza|local,568,comp_9,-18.822527325113523
fuerza|local,568,comp_10,0.5203712608397808
fuerza|local,568,comp_11,-1.1803026936827563e-15
fuerza|local,569,comp_0,0.0
fuerza|local,569,comp_1,2.8536687384335337e-16
fuerza|local,569,comp_2,11.152330187092089
fuerza|local,569,comp_3,-8.266125760019332
fuerza|local,569,comp_4,-13.25583863936253
fuerza|local,569,comp_5,1.2698825886029226e-15
fuerza|local,569,comp_6,0.0
fuerza|local,569,comp_7,-2.8536687384335337e-16
fuerza|local,569,comp_8,-11.152330187092089
fuerza|local,569,comp_9,8.266125760019332
fuerza|local,569,comp_10,-85.99990002575706
fuerza|local,569,comp_11,1.2698825886029226e-15
fuerza|local,570,comp_0,0.0
fuerza|local,570,comp_1,-3.2560074308489832e-16
fuerza|local,570,comp_2,-15.50811377903696
fuerza|local,570,comp_3,17.814537620337155
fuerza|local,570,comp_4,91.8940742106081
fuerza|local,570,comp_5,-1.1803026936827563e-15
fuerza|local,570,comp_6,0.0
fuerza|local,570,comp_7,3.2560074308489832e-16
fuerza|local,570,comp_8,15.50811377903696
fuerza|local,570,comp_9,-17.814537620337155
fuerza|local,570,comp_10,20.539750687409835
fuerza|local,570,comp_11,-1.1803026936827563e-15
fuerza|local,571,comp_0,0.0
fuerza|local,571,comp_1,-3.2560074308489832e-16
fuerza|local,571,comp_2,-1.9360040748121663
fuerza|local,571,comp_3,10.775754310653438
fuerza|local,571,comp_4,12.067911730653046
fuerza|local,571,comp_5,-1.1803026936827563e-15
fuerza|local,571,comp_6,0.0
fuerza|local,571,comp_7,3.2560074308489832e-16
fuerza|local,571,comp_8,1.9360040748121663
fuerza|local,571,comp_9,-10.775754310653438
fuerza|local,571,comp_10,1.9681178117351559
fuerza|local,571,comp_11,-1.1803026936827563e-15
fuerza|local,574,comp_0,0.0
fuerza|local,574,comp_1,0.0
fuerza|local,574,comp_2,-13.23023209460689
fuerza|local,574,comp_3,-8.02456418024197
fuerza|local,574,comp_4,40.10121356475405
fuerza|local,574,comp_5,0.0
fuerza|local,574,comp_6,0.0
fuerza|local,574,comp_7,0.0
fuerza|local,574,comp_8,13.23023209460689
fuerza|local,574,comp_9,8.02456418024197
fuerza|local,574,comp_10,92.20110738131484
fuerza|local,574,comp_11,0.0
fuerza|local,576,comp_0,0.0
fuerza|local,576,comp_1,-1.6707178768589375e-14
fuerza|local,576,comp_2,51.034710531835074
fuerza|local,576,comp_3,-15.724621553314092
fuerza|local,576,comp_4,-66.55902255070473
fuerza|local,576,comp_5,-4.1767946921473433e-14
fuerza|local,576,comp_6,0.0
fuerza|local,576,comp_7,1.6707178768589375e-14
fuerza|local,576,comp_8,-51.034710531835074
fuerza|local,576,comp_9,15.724621553314092
fuerza|local,576,comp_10,-188.61453010847063
fuerza|local,576,comp_11,-4.1767946921473433e-14
fuerza|local,578,comp_0,0.0
fuerza|local,578,comp_1,1.6707178768589375e-14
fuerza|local,578,comp_2,-71.58667174534021
fuerza|local,578,comp_3,8.028756214300925
fuerza|local,578,comp_4,184.96295439289128
fuerza|local,578,comp_5,4.1767946921473433e-14
fuerza|local,578,comp_6,0.0
fuerza|local,578,comp_7,-1.6707178768589375e-14
fuerza|local,578,comp_8,71.58667174534021
fuerza|local,578,comp_9,-8.028756214300925
fuerza|local,578,comp_10,172.97040433380977
fuerza|local,578,comp_11,4.1767946921473433e-14
fuerza|local,580,comp_0,0.0
fuerza|local,580,comp_1,-1.6707178768589375e-14
fuerza|local,580,comp_2,42.30955718235219
fuerza|local,580,comp_3,-22.379366261199287
fuerza|local,580,comp_4,-117.17258863852729
fuerza|local,580,comp_5,-4.1767946921473433e-14
fuerza|local,580,comp_6,0.0
fuerza|local,580,comp_7,1.6707178768589375e-14
fuerza|local,580,comp_8,-42.30955718235219
fuerza|local,580,comp_9,22.379366261199287
fuerza|local,580,comp_10,-94.37519727323362
fuerza|local,580,comp_11,-4.1767946921473433e-14
fuerza|local,582,comp_0,0.0
fuerza|local,582,comp_1,1.6707178768589375e-14
fuerza|local,582,comp_2,-52.57746227437447
fuerza|local,582,comp_3,27.600354690677836
fuerza|local,582,comp_4,94.9252566936801
fuerza|local,582,comp_5,4.1767946921473433e-14
fuerza|local,582,comp_6,0.0
fuerza|local,582,comp_7,-1.6707178768589375e-14
fuerza|local,582,comp_8,52.57746227437447
fuerza|local,582,comp_9,-27.600354690677836
fuerza|local,582,comp_10,167.96205467819223
fuerza|local,582,comp_11,4.1767946921473433e-14
fuerza|local,584,comp_0,0.0
fuerza|local,584,comp_1,-1.6707178768589375e-14
fuerza|local,584,comp_2,71.53344785542782
fuerza|local,584,comp_3,-5.847645754657642
fuerza|local,584,comp_4,-151.7627152765328
fuerza|local,584,comp_5,-4.1767946921473433e-14
fuerza|local,584,comp_6,0.0
fuerza|local,584,comp_7,1.6707178768589375e-14
fuerza|local,584,comp_8,-71.53344785542782
fuerza|local,584,comp_9,5.847645754657642
fuerza|local,584,comp_10,-205.90452400060633
fuerza|local,584,comp_11,-4.1767946921473433e-14
fuerza|local,586,comp_0,0.0
fuerza|local,586,comp_1,5.5690595895297907e-14
fuerza|local,586,comp_2,-52.663001767548934
fuerza|local,586,comp_3,22.806341850224708
fuerza|local,586,comp_4,210.14125513852787
fuerza|local,586,comp_5,1.3922648973824476e-13
fuerza|local,586,comp_6,0.0
fuerza|local,586,comp_7,-5.5690595895297907e-14
fuerza|local,586,comp_8,52.663001767548934
fuerza|local,586,comp_9,-22.806341850224708
fuerza|local,586,comp_10,53.17375369921679
fuerza|local,586,comp_11,1.3922648973824476e-13
fuerza|local,588,comp_0,0.0
fuerza|local,588,comp_1,-1.6707178768589375e-14
fuerza|local,588,comp_2,-111.72734859815533
fuerza|local,588,comp_3,9.51949660471851
fuerza|local,588,comp_4,27.390766002924067
fuerza|local,588,comp_5,-4.1767946921473433e-14
fuerza|local,588,comp_6,0.0
fuerza|local,588,comp_7,1.6707178768589375e-14
fuerza|local,588,comp_8,111.72734859815533
fuerza|local,588,comp_9,-9.51949660471851
fuerza|local,588,comp_10,531.2459769878526
fuerza|local,588,comp_11,-4.1767946921473433e-14
fuerza|local,590,comp_0,0.0
fuerza|local,590,comp_1,-6.68287150743575e-14
fuerza|local,590,comp_2,92.04186918561572
fuerza|local,590,comp_3,47.02319375711466
fuerza|local,590,comp_4,-585.9694373560999
fuerza|local,590,comp_5,-8.353589384294687e-14
fuerza|local,590,comp_6,0.0
fuerza|local,590,comp_7,6.68287150743575e-14
fuerza|local,590,comp_8,-92.04186918561572
fuerza|local,590,comp_9,-47.02319375711466
fuerza|local,590,comp_10,355.8647643920606
fuerza|local,590,comp_11,-8.353589384294687e-14
fuerza|local,592,comp_0,0.0
fuerza|local,592,comp_1,4.834253115911283e-14
fuerza|local,592,comp_2,55.87677410951638
fuerza|local,592,comp_3,118.09090031710906
fuerza|local,592,comp_4,-240.6373765423646
fuerza|local,592,comp_5,5.801103739093536e-14
fuerza|local,592,comp_6,0.0
fuerza|local,592,comp_7,-4.834253115911283e-14
fuerza|local,592,comp_8,-55.87677410951638
fuerza|local,592,comp_9,-118.09090031710906
fuerza|local,592,comp_10,106.53311867952536
fuerza|local,592,comp_11,5.801103739093536e-14
fuerza|local,595,comp_0,0.0
fuerza|local,595,comp_1,0.0
fuerza|local,595,comp_2,-47.13158046611814
fuerza|local,595,comp_3,27.090567783954963
fuerza|local,595,comp_4,115.67894234597769
fuerza|local,595,comp_5,0.0
fuerza|local,595,comp_6,0.0
fuerza|local,595,comp_7,0.0
fuerza|local,595,comp_8,47.13158046611814
fuerza|local,595,comp_9,-27.090567783954963
fuerza|local,595,comp_10,355.63686231520364
fuerza|local,595,comp_11,0.0
fuerza|local,597,comp_0,0.0
fuerza|local,597,comp_1,-1.6707178768589375e-14
fuerza|local,597,comp_2,307.0885156111409
fuerza|local,597,comp_3,69.88418637571247
fuerza|local,597,comp_4,-531.2725733480631
fuerza|local,597,comp_5,-4.1767946921473433e-14
fuerza|local,597,comp_6,0.0
fuerza|local,597,comp_7,1.6707178768589375e-14
fuerza|local,597,comp_8,-307.0885156111409
fuerza|local,597,comp_9,-69.88418637571247
fuerza|local,597,comp_10,-1004.1700047076412
fuerza|local,597,comp_11,-4.1767946921473433e-14
fuerza|local,599,comp_0,0.0
fuerza|local,599,comp_1,1.6707178768589375e-14
fuerza|local,599,comp_2,-418.55157491943584
fuerza|local,599,comp_3,-37.762114381823125
fuerza|local,599,comp_4,1048.6485320723823
fuerza|local,599,comp_5,4.1767946921473433e-14
fuerza|local,599,comp_6,0.0
fuerza|local,599,comp_7,-1.6707178768589375e-14
fuerza|local,599,comp_8,418.55157491943584
fuerza|local,599,comp_9,37.762114381823125
fuerza|local,599,comp_10,1044.1093425247968
fuerza|local,599,comp_11,4.1767946921473433e-14
fuerza|local,601,comp_0,0.0
fuerza|local,601,comp_1,-1.6707178768589375e-14
fuerza|local,601,comp_2,377.07491927819785
fuerza|local,601,comp_3,57.71026314644172
fuerza|local,601,comp_4,-973.3345268078048
fuerza|local,601,comp_5,-4.1767946921473433e-14
fuerza|local,601,comp_6,0.0
fuerza|local,601,comp_7,1.6707178768589375e-14
fuerza|local,601,comp_8,-377.07491927819785
fuerza|local,601,comp_9,-57.71026314644172
fuerza|local,601,comp_10,-912.0400695831845
fuerza|local,601,comp_11,-4.1767946921473433e-14
fuerza|local,603,comp_0,0.0
fuerza|local,603,comp_1,1.6707178768589375e-14
fuerza|local,603,comp_2,-372.77223955452723
fuerza|local,603,comp_3,-65.6785121935619
fuerza|local,603,comp_4,901.1598968737967
fuerza|local,603,comp_5,4.1767946921473433e-14
fuerza|local,603,comp_6,0.0
fuerza|local,603,comp_7,-1.6707178768589375e-14
fuerza|local,603,comp_8,372.77223955452723
fuerza|local,603,comp_9,65.6785121935619
fuerza|local,603,comp_10,962.7013008988395
fuerza|local,603,comp_11,4.1767946921473433e-14
fuerza|local,605,comp_0,0.0
fuerza|local,605,comp_1,-1.6707178768589375e-14
fuerza|local,605,comp_2,402.84689101756624
fuerza|local,605,comp_3,24.21342569367675
fuerza|local,605,comp_4,-1005.9533309802418
fuerza|local,605,comp_5,-4.1767946921473433e-14
fuerza|local,605,comp_6,0.0
fuerza|local,605,comp_7,1.6707178768589375e-14
fuerza|local,605,comp_8,-402.84689101756624
fuerza|local,605,comp_9,-24.21342569367675
fuerza|local,605,comp_10,-1008.2811241075891
fuerza|local,605,comp_11,-4.1767946921473433e-14
fuerza|local,607,comp_0,0.0
fuerza|local,607,comp_1,5.5690595895297907e-14
fuerza|local,607,comp_2,-270.7647650175833
fuerza|local,607,comp_3,-57.6012815575363
fuerza|local,607,comp_4,949.5129441419526
fuerza|local,607,comp_5,1.3922648973824476e-13
fuerza|local,607,comp_6,0.0
fuerza|local,607,comp_7,-5.5690595895297907e-14
fuerza|local,607,comp_8,270.7647650175833
fuerza|local,607,comp_9,57.6012815575363
fuerza|local,607,comp_10,404.3108809459636
fuerza|local,607,comp_11,1.3922648973824476e-13
fuerza|local,609,comp_0,0.0
fuerza|local,609,comp_1,-1.6707178768589375e-14
fuerza|local,609,comp_2,-256.4305177868256
fuerza|local,609,comp_3,-5.56211540778633
fuerza|local,609,comp_4,-123.34224949185682
fuerza|local,609,comp_5,-4.1767946921473433e-14
fuerza|local,609,comp_6,0.0
fuerza|local,609,comp_7,1.6707178768589375e-14
fuerza|local,609,comp_8,256.4305177868256
fuerza|local,609,comp_9,5.56211540778633
fuerza|local,609,comp_10,1405.4948384259847
fuerza|local,609,comp_11,-4.1767946921473433e-14
fuerza|local,611,comp_0,0.0
fuerza|local,611,comp_1,-6.68287150743575e-14
fuerza|local,611,comp_2,735.0630763523691
fuerza|local,611,comp_3,77.47305442383394
fuerza|local,611,comp_4,-1966.8279699484283
fuerza|local,611,comp_5,-8.353589384294687e-14
fuerza|local,611,comp_6,0.0
fuerza|local,611,comp_7,6.68287150743575e-14
fuerza|local,611,comp_8,-735.0630763523691
fuerza|local,611,comp_9,-77.47305442383394
fuerza|local,611,comp_10,129.17027906750582
fuerza|local,611,comp_11,-8.353589384294687e-14
fuerza|local,613,comp_0,0.0
fuerza|local,613,comp_1,4.834253115911283e-14
fuerza|local,613,comp_2,260.20179748535986
fuerza|local,613,comp_3,-6.949977676248828
fuerza|local,613,comp_4,-386.7822902067834
fuerza|local,613,comp_5,5.801103739093536e-14
fuerza|local,613,comp_6,0.0
fuerza|local,613,comp_7,-4.834253115911283e-14
fuerza|local,613,comp_8,-260.20179748535986
fuerza|local,613,comp_9,6.949977676248828
fuerza|local,613,comp_10,-237.70202375807997
fuerza|local,613,comp_11,5.801103739093536e-14
fuerza|local,616,comp_0,0.0
fuerza|local,616,comp_1,0.0
fuerza|local,616,comp_2,12.509769860107205
fuerza|local,616,comp_3,72.06975605131045
fuerza|local,616,comp_4,-65.72071891668449
fuerza|local,616,comp_5,0.0
fuerza|local,616,comp_6,0.0
fuerza|local,616,comp_7,0.0
fuerza|local,616,comp_8,-12.509769860107205
fuerza|local,616,comp_9,-72.06975605131045
fuerza|local,616,comp_10,-59.376979684387564
fuerza|local,616,comp_11,0.0
fuerza|local,618,comp_0,0.0
fuerza|local,618,comp_1,-1.6707178768589375e-14
fuerza|local,618,comp_2,31.048139809757238
fuerza|local,618,comp_3,-13.432530708483508
fuerza|local,618,comp_4,40.89138759715439
fuerza|local,618,comp_5,-4.1767946921473433e-14
fuerza|local,618,comp_6,0.0
fuerza|local,618,comp_7,1.6707178768589375e-14
fuerza|local,618,comp_8,-31.048139809757238
fuerza|local,618,comp_9,13.432530708483508
fuerza|local,618,comp_10,-196.13208664594057
fuerza|local,618,comp_11,-4.1767946921473433e-14
fuerza|local,620,comp_0,0.0
fuerza|local,620,comp_1,1.6707178768589375e-14
fuerza|local,620,comp_2,-26.349521897495443
fuerza|local,620,comp_3,95.47440547829825
fuerza|local,620,comp_4,155.30513499677784
fuerza|local,620,comp_5,4.1767946921473433e-14
fuerza|local,620,comp_6,0.0
fuerza|local,620,comp_7,-1.6707178768589375e-14
fuerza|local,620,comp_8,26.349521897495443
fuerza|local,620,comp_9,-95.47440547829825
fuerza|local,620,comp_10,-23.557525509300632
fuerza|local,620,comp_11,4.1767946921473433e-14
fuerza|local,622,comp_0,0.0
fuerza|local,622,comp_1,-1.6707178768589375e-14
fuerza|local,622,comp_2,42.642554977474276
fuerza|local,622,comp_3,-47.480607021589144
fuerza|local,622,comp_4,3.458678525044917
fuerza|local,622,comp_5,-4.1767946921473433e-14
fuerza|local,622,comp_6,0.0
fuerza|local,622,comp_7,1.6707178768589375e-14
fuerza|local,622,comp_8,-42.642554977474276
fuerza|local,622,comp_9,47.480607021589144
fuerza|local,622,comp_10,-216.67145341241627
fuerza|local,622,comp_11,-4.1767946921473433e-14
fuerza|local,624,comp_0,0.0
fuerza|local,624,comp_1,1.6707178768589375e-14
fuerza|local,624,comp_2,-46.37367296398342
fuerza|local,624,comp_3,19.905173986822895
fuerza|local,624,comp_4,227.00156670135783
fuerza|local,624,comp_5,4.1767946921473433e-14
fuerza|local,624,comp_6,0.0
fuerza|local,624,comp_7,-1.6707178768589375e-14
fuerza|local,624,comp_8,46.37367296398342
fuerza|local,624,comp_9,-19.905173986822895
fuerza|local,624,comp_10,4.866798118559245
fuerza|local,624,comp_11,4.1767946921473433e-14
fuerza|local,626,comp_0,0.0
fuerza|local,626,comp_1,-1.6707178768589375e-14
fuerza|local,626,comp_2,7.584013007771805
fuerza|local,626,comp_3,-113.7670531571301
fuerza|local,626,comp_4,37.25620676423482
fuerza|local,626,comp_5,-4.1767946921473433e-14
fuerza|local,626,comp_6,0.0
fuerza|local,626,comp_7,1.6707178768589375e-14
fuerza|local,626,comp_8,-7.584013007771805
fuerza|local,626,comp_9,113.7670531571301
fuerza|local,626,comp_10,-75.17627180309384
fuerza|local,626,comp_11,-4.1767946921473433e-14
fuerza|local,628,comp_0,0.0
fuerza|local,628,comp_1,5.5690595895297907e-14
fuerza|local,628,comp_2,-70.4452272533354
fuerza|local,628,comp_3,12.708612340921945
fuerza|local,628,comp_4,129.70772063081105
fuerza|local,628,comp_5,1.3922648973824476e-13
fuerza|local,628,comp_6,0.0
fuerza|local,628,comp_7,-5.5690595895297907e-14
fuerza|local,628,comp_8,70.4452272533354
fuerza|local,628,comp_9,-12.708612340921945
fuerza|local,628,comp_10,222.518415635866
fuerza|local,628,comp_11,1.3922648973824476e-13
fuerza|local,630,comp_0,0.0
fuerza|local,630,comp_1,-1.6707178768589375e-14
fuerza|local,630,comp_2,-55.682185291033434
fuerza|local,630,comp_3,-24.012925035632424
fuerza|local,630,comp_4,-233.70621317455158
fuerza|local,630,comp_5,-4.1767946921473433e-14
fuerza|local,630,comp_6,0.0
fuerza|local,630,comp_7,1.6707178768589375e-14
fuerza|local,630,comp_8,55.682185291033434
fuerza|local,630,comp_9,24.012925035632424
fuerza|local,630,comp_10,512.1171396297187
fuerza|local,630,comp_11,-4.1767946921473433e-14
fuerza|local,632,comp_0,0.0
fuerza|local,632,comp_1,-6.68287150743575e-14
fuerza|local,632,comp_2,33.49922089461136
fuerza|local,632,comp_3,-187.5869275154698
fuerza|local,632,comp_4,-452.2077668928703
fuerza|local,632,comp_5,-8.353589384294687e-14
fuerza|local,632,comp_6,0.0
fuerza|local,632,comp_7,6.68287150743575e-14
fuerza|local,632,comp_8,-33.49922089461136
fuerza|local,632,comp_9,187.5869275154698
fuerza|local,632,comp_10,368.45971465634193
fuerza|local,632,comp_11,-8.353589384294687e-14
fuerza|local,634,comp_0,0.0
fuerza|local,634,comp_1,4.834253115911283e-14
fuerza|local,634,comp_2,39.544244286740934
fuerza|local,634,comp_3,-170.90828032454286
fuerza|local,634,comp_4,-226.07509136675063
fuerza|local,634,comp_5,5.801103739093536e-14
fuerza|local,634,comp_6,0.0
fuerza|local,634,comp_7,-4.834253115911283e-14
fuerza|local,634,comp_8,-39.544244286740934
fuerza|local,634,comp_9,170.90828032454286
fuerza|local,634,comp_10,131.16890507857244
fuerza|local,634,comp_11,5.801103739093536e-14
fuerza|local,635,comp_0,0.0
fuerza|local,635,comp_1,-1.274928937501097e-11
fuerza|local,635,comp_2,-120.14107369052918
fuerza|local,635,comp_3,-40.101213564753905
fuerza|local,635,comp_4,-8.024564180238116
fuerza|local,635,comp_5,-1.1538106884384929e-12
fuerza|local,635,comp_6,0.0
fuerza|local,635,comp_7,1.274928937501097e-11
fuerza|local,635,comp_8,120.14107369052918
fuerza|local,635,comp_9,40.101213564753905
fuerza|local,635,comp_10,29.770098518223897
fuerza|local,635,comp_11,-1.1538106884384929e-12
fuerza|local,636,comp_0,0.0
fuerza|local,636,comp_1,0.0
fuerza|local,636,comp_2,-119.70138571099892
fuerza|local,636,comp_3,6.881518651352355
fuerza|local,636,comp_4,157.5447820120653
fuerza|local,636,comp_5,0.0
fuerza|local,636,comp_6,0.0
fuerza|local,636,comp_7,0.0
fuerza|local,636,comp_8,119.70138571099892
fuerza|local,636,comp_9,-6.881518651352355
fuerza|local,636,comp_10,886.1316000021345
fuerza|local,636,comp_11,0.0
fuerza|local,637,comp_0,0.0
fuerza|local,637,comp_1,-1.7849005125015524e-10
fuerza|local,637,comp_2,-300.43512914846514
fuerza|local,637,comp_3,-108.79742369462551
fuerza|local,637,comp_4,-859.0410322181809
fuerza|local,637,comp_5,-1.6153349638138973e-11
fuerza|local,637,comp_6,0.0
fuerza|local,637,comp_7,1.7849005125015524e-10
fuerza|local,637,comp_8,300.43512914846514
fuerza|local,637,comp_9,108.79742369462551
fuerza|local,637,comp_10,913.4197905940529
fuerza|local,637,comp_11,-1.6153349638138973e-11
fuerza|local,638,comp_0,0.0
fuerza|local,638,comp_1,-2.7861590848745495e-15
fuerza|local,638,comp_2,185.6822623261941
fuerza|local,638,comp_3,-65.7207189166884
fuerza|local,638,comp_4,-1384.6576684351753
fuerza|local,638,comp_5,-9.847679285489093e-15
fuerza|local,638,comp_6,0.0
fuerza|local,638,comp_7,2.7861590848745495e-15
fuerza|local,638,comp_8,-185.6822623261941
fuerza|local,638,comp_9,65.7207189166884
fuerza|local,638,comp_10,72.06975605130947
fuerza|local,638,comp_11,-9.847679285489093e-15
fuerza|local,639,comp_0,0.0
fuerza|local,639,comp_1,-1.274928937501097e-11
fuerza|local,639,comp_2,-257.77300185601075
fuerza|local,639,comp_3,-25.64208483061001
fuerza|local,639,comp_4,-7.7000573730733635
fuerza|local,639,comp_5,-1.1538106884384929e-12
fuerza|local,639,comp_6,0.0
fuerza|local,639,comp_7,1.274928937501097e-11
fuerza|local,639,comp_8,257.77300185601075
fuerza|local,639,comp_9,25.64208483061001
fuerza|local,639,comp_10,54.35697070901131
fuerza|local,639,comp_11,-1.1538106884384929e-12
fuerza|local,640,comp_0,0.0
fuerza|local,640,comp_1,0.0
fuerza|local,640,comp_2,-160.75032457138454
fuerza|local,640,comp_3,-28.486712614702633
fuerza|local,640,comp_4,213.02692219161224
fuerza|local,640,comp_5,0.0
fuerza|local,640,comp_6,0.0
fuerza|local,640,comp_7,0.0
fuerza|local,640,comp_8,160.75032457138454
fuerza|local,640,comp_9,28.486712614702633
fuerza|local,640,comp_10,1188.55515774629
fuerza|local,640,comp_11,0.0
fuerza|local,641,comp_0,0.0
fuerza|local,641,comp_1,-1.7849005125015524e-10
fuerza|local,641,comp_2,-853.5004629739395
fuerza|local,641,comp_3,147.14899841815605
fuerza|local,641,comp_4,-1145.7615391545714
fuerza|local,641,comp_5,-1.6153349638138973e-11
fuerza|local,641,comp_6,0.0
fuerza|local,641,comp_7,1.7849005125015524e-10
fuerza|local,641,comp_8,853.5004629739395
fuerza|local,641,comp_9,-147.14899841815605
fuerza|local,641,comp_10,1300.2451229528538
fuerza|local,641,comp_11,-1.6153349638138973e-11
fuerza|local,642,comp_0,0.0
fuerza|local,642,comp_1,-2.7861590848745495e-15
fuerza|local,642,comp_2,283.12650720165686
fuerza|local,642,comp_3,-18.4855920872313
fuerza|local,642,comp_4,-1915.9189926487215
fuerza|local,642,comp_5,-9.847679285489093e-15
fuerza|local,642,comp_6,0.0
fuerza|local,642,comp_7,2.7861590848745495e-15
fuerza|local,642,comp_8,-283.12650720165686
fuerza|local,642,comp_9,18.4855920872313
fuerza|local,642,comp_10,-85.50228675979042
fuerza|local,642,comp_11,-9.847679285489093e-15
fuerza|local,643,comp_0,0.0
fuerza|local,643,comp_1,-1.7576882936276324e-15
fuerza|local,643,comp_2,-146.06205923150276
fuerza|local,643,comp_3,3.6515757155793955
fuerza|local,643,comp_4,23.753377767614893
fuerza|local,643,comp_5,-7.821712906642964e-15
fuerza|local,643,comp_6,0.0
fuerza|local,643,comp_7,1.7576882936276324e-15
fuerza|local,643,comp_8,146.06205923150276
fuerza|local,643,comp_9,-3.6515757155793955
fuerza|local,643,comp_10,1276.1989493927597
fuerza|local,643,comp_11,-7.821712906642964e-15
fuerza|local,644,comp_0,0.0
fuerza|local,644,comp_1,-2.6487798285516258e-15
fuerza|local,644,comp_2,175.85356054669154
fuerza|local,644,comp_3,-40.82695164916183
fuerza|local,644,comp_4,-1383.845250150294
fuerza|local,644,comp_5,-9.601826878499642e-15
fuerza|local,644,comp_6,0.0
fuerza|local,644,comp_7,2.6487798285516258e-15
fuerza|local,644,comp_8,-175.85356054669154
fuerza|local,644,comp_9,40.82695164916183
fuerza|local,644,comp_10,108.90693618678085
fuerza|local,644,comp_11,-9.601826878499642e-15
fuerza|local,645,comp_0,0.0
fuerza|local,645,comp_1,-1.274928937501097e-11
fuerza|local,645,comp_2,-235.30261202782387
fuerza|local,645,comp_3,-55.797815695282424
fuerza|local,645,comp_4,-30.408122475516848
fuerza|local,645,comp_5,-1.1538106884384929e-12
fuerza|local,645,comp_6,0.0
fuerza|local,645,comp_7,1.274928937501097e-11
fuerza|local,645,comp_8,235.30261202782387
fuerza|local,645,comp_9,55.797815695282424
fuerza|local,645,comp_10,72.99789525255296
fuerza|local,645,comp_11,-1.1538106884384929e-12
fuerza|local,646,comp_0,0.0
fuerza|local,646,comp_1,0.0
fuerza|local,646,comp_2,-184.95408655543423
fuerza|local,646,comp_3,4.190029613191043
fuerza|local,646,comp_4,248.8263474755829
fuerza|local,646,comp_5,0.0
fuerza|local,646,comp_6,0.0
fuerza|local,646,comp_7,0.0
fuerza|local,646,comp_8,184.95408655543423
fuerza|local,646,comp_9,-4.190029613191043
fuerza|local,646,comp_10,1363.7883332012484
fuerza|local,646,comp_11,0.0
fuerza|local,647,comp_0,0.0
fuerza|local,647,comp_1,-1.7849005125015524e-10
fuerza|local,647,comp_2,-1254.0498408779033
fuerza|local,647,comp_3,-66.58478610380033
fuerza|local,647,comp_4,-1268.3159556729297
fuerza|local,647,comp_5,-1.6153349638138973e-11
fuerza|local,647,comp_6,0.0
fuerza|local,647,comp_7,1.7849005125015524e-10
fuerza|local,647,comp_8,1254.0498408779033
fuerza|local,647,comp_9,66.58478610380033
fuerza|local,647,comp_10,1495.2989768718292
fuerza|local,647,comp_11,-1.6153349638138973e-11
fuerza|local,648,comp_0,0.0
fuerza|local,648,comp_1,-2.7861590848745495e-15
fuerza|local,648,comp_2,328.9196037054454
fuerza|local,648,comp_3,-20.098846984257438
fuerza|local,648,comp_4,-2182.1776660939063
fuerza|local,648,comp_5,-9.847679285489093e-15
fuerza|local,648,comp_6,0.0
fuerza|local,648,comp_7,2.7861590848745495e-15
fuerza|local,648,comp_8,-328.9196037054454
fuerza|local,648,comp_9,20.098846984257438
fuerza|local,648,comp_10,-142.95501249988683
fuerza|local,648,comp_11,-9.847679285489093e-15
fuerza|local,649,comp_0,0.0
fuerza|local,649,comp_1,-1.7576882936276324e-15
fuerza|local,649,comp_2,-165.2577009354501
fuerza|local,649,comp_3,-0.5500594204465061
fuerza|local,649,comp_4,49.97972095187697
fuerza|local,649,comp_5,-7.821712906642964e-15
fuerza|local,649,comp_6,0.0
fuerza|local,649,comp_7,1.7576882936276324e-15
fuerza|local,649,comp_8,165.2577009354501
fuerza|local,649,comp_9,0.5500594204465061
fuerza|local,649,comp_10,1420.8138173736288
fuerza|local,649,comp_11,-7.821712906642964e-15
fuerza|local,650,comp_0,0.0
fuerza|local,650,comp_1,-2.6487798285516258e-15
fuerza|local,650,comp_2,203.69887058003084
fuerza|local,650,comp_3,10.33011328894147
fuerza|local,650,comp_4,-1544.2025927136333
fuerza|local,650,comp_5,-9.601826878499642e-15
fuerza|local,650,comp_6,0.0
fuerza|local,650,comp_7,2.6487798285516258e-15
fuerza|local,650,comp_8,-203.69887058003084
fuerza|local,650,comp_9,-10.33011328894147
fuerza|local,650,comp_10,67.38578100841005
fuerza|local,650,comp_11,-9.601826878499642e-15
fuerza|local,651,comp_0,0.0
fuerza|local,651,comp_1,-1.274928937501097e-11
fuerza|local,651,comp_2,-245.42962533025016
fuerza|local,651,comp_3,-16.19933940165963
fuerza|local,651,comp_4,-33.448000445340526
fuerza|local,651,comp_5,-1.1538106884384929e-12
fuerza|local,651,comp_6,0.0
fuerza|local,651,comp_7,1.274928937501097e-11
fuerza|local,651,comp_8,245.42962533025016
fuerza|local,651,comp_9,16.19933940165963
fuerza|local,651,comp_10,77.8707626301158
fuerza|local,651,comp_11,-1.1538106884384929e-12
fuerza|local,652,comp_0,0.0
fuerza|local,652,comp_1,0.0
fuerza|local,652,comp_2,-182.13018661664873
fuerza|local,652,comp_3,0.8477494142309977
fuerza|local,652,comp_4,259.83276994803816
fuerza|local,652,comp_5,0.0
fuerza|local,652,comp_6,0.0
fuerza|local,652,comp_7,0.0
fuerza|local,652,comp_8,182.13018661664873
fuerza|local,652,comp_9,-0.8477494142309977
fuerza|local,652,comp_10,1328.1603271625224
fuerza|local,652,comp_11,0.0
fuerza|local,653,comp_0,0.0
fuerza|local,653,comp_1,-1.7849005125015524e-10
fuerza|local,653,comp_2,-1223.2025345421634
fuerza|local,653,comp_3,44.09977949563396
fuerza|local,653,comp_4,-1238.2683892752823
fuerza|local,653,comp_5,-1.6153349638138973e-11
fuerza|local,653,comp_6,0.0
fuerza|local,653,comp_7,1.7849005125015524e-10
fuerza|local,653,comp_8,1223.2025345421634
fuerza|local,653,comp_9,-44.09977949563396
fuerza|local,653,comp_10,1459.6680480274129
fuerza|local,653,comp_11,-1.6153349638138973e-11
fuerza|local,654,comp_0,0.0
fuerza|local,654,comp_1,-2.7861590848745495e-15
fuerza|local,654,comp_2,314.47746015226005
fuerza|local,654,comp_3,42.12300488278449
fuerza|local,654,comp_4,-2089.3689386723763
fuerza|local,654,comp_5,-9.847679285489093e-15
fuerza|local,654,comp_6,0.0
fuerza|local,654,comp_7,2.7861590848745495e-15
fuerza|local,654,comp_8,-314.47746015226005
fuerza|local,654,comp_9,-42.12300488278449
fuerza|local,654,comp_10,-133.67222714394939
fuerza|local,654,comp_11,-9.847679285489093e-15
fuerza|local,655,comp_0,0.0
fuerza|local,655,comp_1,-1.7576882936276324e-15
fuerza|local,655,comp_2,-135.94765511588795
fuerza|local,655,comp_3,-4.236731137921586
fuerza|local,655,comp_4,28.653987604882445
fuerza|local,655,comp_5,-7.821712906642964e-15
fuerza|local,655,comp_6,0.0
fuerza|local,655,comp_7,1.7576882936276324e-15
fuerza|local,655,comp_8,135.94765511588795
fuerza|local,655,comp_9,4.236731137921586
fuerza|local,655,comp_10,1181.2801429265205
fuerza|local,655,comp_11,-7.821712906642964e-15
fuerza|local,656,comp_0,0.0
fuerza|local,656,comp_1,-2.6487798285516258e-15
fuerza|local,656,comp_2,156.77505995581825
fuerza|local,656,comp_3,54.5314488277147
fuerza|local,656,comp_4,-1263.094850177734
fuerza|local,656,comp_5,-9.601826878499642e-15
fuerza|local,656,comp_6,0.0
fuerza|local,656,comp_7,2.6487798285516258e-15
fuerza|local,656,comp_8,-156.77505995581825
fuerza|local,656,comp_9,-54.5314488277147
fuerza|local,656,comp_10,126.47566549805197
fuerza|local,656,comp_11,-9.601826878499642e-15
fuerza|local,657,comp_0,0.0
fuerza|local,657,comp_1,-1.274928937501097e-11
fuerza|local,657,comp_2,-62.254538984669445
fuerza|local,657,comp_3,-80.56451970214083
fuerza|local,657,comp_4,-13.286845245509518
fuerza|local,657,comp_5,-1.1538106884384929e-12
fuerza|local,657,comp_6,0.0
fuerza|local,657,comp_7,1.274928937501097e-11
fuerza|local,657,comp_8,62.254538984669445
fuerza|local,657,comp_9,80.56451970214083
fuerza|local,657,comp_10,24.554916801734688
fuerza|local,657,comp_11,-1.1538106884384929e-12
fuerza|local,658,comp_0,0.0
fuerza|local,658,comp_1,0.0
fuerza|local,658,comp_2,-170.00354980422122
fuerza|local,658,comp_3,33.5842833029216
fuerza|local,658,comp_4,294.8980386043497
fuerza|local,658,comp_5,0.0
fuerza|local,658,comp_6,0.0
fuerza|local,658,comp_7,0.0
fuerza|local,658,comp_8,170.00354980422122
fuerza|local,658,comp_9,-33.5842833029216
fuerza|local,658,comp_10,1187.3629121386552
fuerza|local,658,comp_11,0.0
fuerza|local,659,comp_0,0.0
fuerza|local,659,comp_1,-1.7849005125015524e-10
fuerza|local,659,comp_2,-449.8066148011038
fuerza|local,659,comp_3,-247.38434815118876
fuerza|local,659,comp_4,-1135.3237459888633
fuerza|local,659,comp_5,-1.6153349638138973e-11
fuerza|local,659,comp_6,0.0
fuerza|local,659,comp_7,1.7849005125015524e-10
fuerza|local,659,comp_8,449.8066148011038
fuerza|local,659,comp_9,247.38434815118876
fuerza|local,659,comp_10,1216.7387432678627
fuerza|local,659,comp_11,-1.6153349638138973e-11
fuerza|local,660,comp_0,0.0
fuerza|local,660,comp_1,-2.7861590848745495e-15
fuerza|local,660,comp_2,246.6993041007383
fuerza|local,660,comp_3,-11.187797538684308
fuerza|local,660,comp_4,-1707.1958433115667
fuerza|local,660,comp_5,-9.847679285489093e-15
fuerza|local,660,comp_6,0.0
fuerza|local,660,comp_7,2.7861590848745495e-15
fuerza|local,660,comp_8,-246.6993041007383
fuerza|local,660,comp_9,11.187797538684308
fuerza|local,660,comp_10,-36.72153737655185
fuerza|local,660,comp_11,-9.847679285489093e-15
fuerza|local,661,comp_0,0.0
fuerza|local,661,comp_1,-1.274928937501097e-11
fuerza|local,661,comp_2,-290.1382512796326
fuerza|local,661,comp_3,54.72346036824564
fuerza|local,661,comp_4,37.503697152397194
fuerza|local,661,comp_5,-1.1538106884384929e-12
fuerza|local,661,comp_6,0.0
fuerza|local,661,comp_7,1.274928937501097e-11
fuerza|local,661,comp_8,290.1382512796326
fuerza|local,661,comp_9,-54.72346036824564
fuerza|local,661,comp_10,15.011326329216306
fuerza|local,661,comp_11,-1.1538106884384929e-12
fuerza|local,662,comp_0,0.0
fuerza|local,662,comp_1,0.0
fuerza|local,662,comp_2,-163.5220511693475
fuerza|local,662,comp_3,-64.89255018941178
fuerza|local,662,comp_4,292.5845214596837
fuerza|local,662,comp_5,0.0
fuerza|local,662,comp_6,0.0
fuerza|local,662,comp_7,0.0
fuerza|local,662,comp_8,163.5220511693475
fuerza|local,662,comp_9,64.89255018941178
fuerza|local,662,comp_10,1133.1642426858573
fuerza|local,662,comp_11,0.0
fuerza|local,663,comp_0,0.0
fuerza|local,663,comp_1,-1.7849005125015524e-10
fuerza|local,663,comp_2,-1360.8008978958637
fuerza|local,663,comp_3,496.4405813330279
fuerza|local,663,comp_4,-1050.1290728542033
fuerza|local,663,comp_5,-1.6153349638138973e-11
fuerza|local,663,comp_6,0.0
fuerza|local,663,comp_7,1.7849005125015524e-10
fuerza|local,663,comp_8,1360.8008978958637
fuerza|local,663,comp_9,-496.4405813330279
fuerza|local,663,comp_10,1296.4340353733535
fuerza|local,663,comp_11,-1.6153349638138973e-11
fuerza|local,664,comp_0,0.0
fuerza|local,664,comp_1,-2.7861590848745495e-15
fuerza|local,664,comp_2,271.2662036888613
fuerza|local,664,comp_3,59.909372736799725
fuerza|local,664,comp_4,-1754.0067913967232
fuerza|local,664,comp_5,-9.847679285489093e-15
fuerza|local,664,comp_6,0.0
fuerza|local,664,comp_7,2.7861590848745495e-15
fuerza|local,664,comp_8,-271.2662036888613
fuerza|local,664,comp_9,-59.909372736799725
fuerza|local,664,comp_10,-163.57400247983696
fuerza|local,664,comp_11,-9.847679285489093e-15
fuerza|local,665,comp_0,0.0
fuerza|local,665,comp_1,-1.7576882936276324e-15
fuerza|local,665,comp_2,-114.34993696327129
fuerza|local,665,comp_3,-115.22738784969684
fuerza|local,665,comp_4,71.06770655999435
fuerza|local,665,comp_5,-7.821712906642964e-15
fuerza|local,665,comp_6,0.0
fuerza|local,665,comp_7,1.7576882936276324e-15
fuerza|local,665,comp_8,114.34993696327129
fuerza|local,665,comp_9,115.22738784969684
fuerza|local,665,comp_10,946.6467324131202
fuerza|local,665,comp_11,-7.821712906642964e-15
fuerza|local,666,comp_0,0.0
fuerza|local,666,comp_1,-2.6487798285516258e-15
fuerza|local,666,comp_2,139.9160161823824
fuerza|local,666,comp_3,142.38462328958258
fuerza|local,666,comp_4,-1031.0697645132016
fuerza|local,666,comp_5,-9.601826878499642e-15
fuerza|local,666,comp_6,0.0
fuerza|local,666,comp_7,2.6487798285516258e-15
fuerza|local,666,comp_8,-139.9160161823824
fuerza|local,666,comp_9,-142.38462328958258
fuerza|local,666,comp_10,16.67864719092927
fuerza|local,666,comp_11,-9.601826878499642e-15
fuerza|local,667,comp_0,0.0
fuerza|local,667,comp_1,-1.7576882936276324e-15
fuerza|local,667,comp_2,-48.56498590972624
fuerza|local,667,comp_3,-106.53311867952537
fuerza|local,667,comp_4,-118.09090031710934
fuerza|local,667,comp_5,-7.821712906642964e-15
fuerza|local,667,comp_6,0.0
fuerza|local,667,comp_7,1.7576882936276324e-15
fuerza|local,667,comp_8,48.56498590972624
fuerza|local,667,comp_9,106.53311867952537
fuerza|local,667,comp_10,550.3192749136729
fuerza|local,667,comp_11,-7.821712906642964e-15
fuerza|local,668,comp_0,0.0
fuerza|local,668,comp_1,-2.6487798285516258e-15
fuerza|local,668,comp_2,51.373933367294065
fuerza|local,668,comp_3,131.1689050785578
fuerza|local,668,comp_4,-543.3692972374247
fuerza|local,668,comp_5,-9.601826878499642e-15
fuerza|local,668,comp_6,0.0
fuerza|local,668,comp_7,2.6487798285516258e-15
fuerza|local,668,comp_8,-51.373933367294065
fuerza|local,668,comp_9,-131.1689050785578
fuerza|local,668,comp_10,170.90828032454277
fuerza|local,668,comp_11,-9.601826878499642e-15
fuerza|local,669,comp_0,4.796922417352843e-10
fuerza|local,669,comp_1,-1.2977965028090625e-10
fuerza|local,669,comp_2,182.57053972256102
fuerza|local,669,comp_3,-10.72420327064563
fuerza|local,669,comp_4,-54.87945409359063
fuerza|local,669,comp_5,1.237110598378561e-10
fuerza|local,669,comp_6,-4.796922417352843e-10
fuerza|local,669,comp_7,1.2977965028090625e-10
fuerza|local,669,comp_8,-182.57053972256102
fuerza|local,669,comp_9,10.72420327064563
fuerza|local,669,comp_10,-18.71708333087315
fuerza|local,669,comp_11,-1.7602690939029207e-10
fuerza|local,670,comp_0,1.1992306043382107e-09
fuerza|local,670,comp_1,5.381142525649617e-10
fuerza|local,670,comp_2,188.9668140313116
fuerza|local,670,comp_3,-13.076602005003702
fuerza|local,670,comp_4,-53.24063213093991
fuerza|local,670,comp_5,2.1345660639219766e-10
fuerza|local,670,comp_6,-1.1992306043382107e-09
fuerza|local,670,comp_7,-5.381142525649617e-10
fuerza|local,670,comp_8,-188.9668140313116
fuerza|local,670,comp_9,13.076602005003702
fuerza|local,670,comp_10,-22.93432589882224
fuerza|local,670,comp_11,3.4641837183910313e-12
fuerza|local,269,comp_0,459.1804128968239
fuerza|local,269,comp_1,4.717696564258963
fuerza|local,269,comp_2,2.39712155496398
fuerza|local,269,comp_3,-0.07483752920564539
fuerza|local,269,comp_4,-17.60648291959587
fuerza|local,269,comp_5,4.922931440948009
fuerza|local,269,comp_6,-459.1804128968239
fuerza|local,269,comp_7,-4.717696564258963
fuerza|local,269,comp_8,-2.39712155496398
fuerza|local,269,comp_9,0.07483752920564539
fuerza|local,269,comp_10,8.11388156193851
fuerza|local,269,comp_11,13.759146953517485
fuerza|local,272,comp_0,580.1684085572699
fuerza|local,272,comp_1,6.036859906118472
fuerza|local,272,comp_2,6.5576640619633615
fuerza|local,272,comp_3,-0.07483752920564539
fuerza|local,272,comp_4,-23.098399028835054
fuerza|local,272,comp_5,6.662430761549448
fuerza|local,272,comp_6,-580.1684085572699
fuerza|local,272,comp_7,-6.036859906118472
fuerza|local,272,comp_8,-6.5576640619633615
fuerza|local,272,comp_9,0.07483752920564539
fuerza|local,272,comp_10,-2.8699506565398583
fuerza|local,272,comp_11,17.243534466679698
fuerza|local,275,comp_0,426.80793877837516
fuerza|local,275,comp_1,-1.7620903333427815
fuerza|local,275,comp_2,4.783486789642162
fuerza|local,275,comp_3,-0.13286971038998588
fuerza|local,275,comp_4,-18.9426076869837
fuerza|local,275,comp_5,-6.977877720037405
fuerza|local,275,comp_6,-426.80793877837516
fuerza|local,275,comp_7,1.7620903333427815
fuerza|local,275,comp_8,-4.783486789642162
fuerza|local,275,comp_9,0.13286971038998588
fuerza|local,275,comp_10,7.371880883511039e-13
fuerza|local,275,comp_11,-8.881784197001252e-15
fuerza|local,278,comp_0,426.80793877837516
fuerza|local,278,comp_1,-1.7646588189694699
fuerza|local,278,comp_2,4.7834867896421835
fuerza|local,278,comp_3,-0.13286971038998588
fuerza|local,278,comp_4,-18.942607686983727
fuerza|local,278,comp_5,-6.988048923119102
fuerza|local,278,comp_6,-426.80793877837516
fuerza|local,278,comp_7,1.7646588189694699
fuerza|local,278,comp_8,-4.7834867896421835
fuerza|local,278,comp_9,0.13286971038998588
fuerza|local,278,comp_10,6.821210263296962e-13
fuerza|local,278,comp_11,1.7763568394002505e-15
fuerza|local,281,comp_0,102.49554808756291
fuerza|local,281,comp_1,-0.6307428240458943
fuerza|local,281,comp_2,0.1887627472725712
fuerza|local,281,comp_3,-0.006103765162039835
fuerza|local,281,comp_4,-0.7475004791993352
fuerza|local,281,comp_5,-2.497741583221739
fuerza|local,281,comp_6,-102.49554808756291
fuerza|local,281,comp_7,0.6307428240458943
fuerza|local,281,comp_8,-0.1887627472725712
fuerza|local,281,comp_9,0.006103765162039835
fuerza|local,281,comp_10,-4.674038933671909e-14
fuerza|local,281,comp_11,-2.4424906541753444e-15
fuerza|local,284,comp_0,102.49554808756291
fuerza|local,284,comp_1,-0.6310704370084826
fuerza|local,284,comp_2,0.18876274727257375
fuerza|local,284,comp_3,-0.006103765162039835
fuerza|local,284,comp_4,-0.7475004791993385
fuerza|local,284,comp_5,-2.499038930553589
fuerza|local,284,comp_6,-102.49554808756291
fuerza|local,284,comp_7,0.6310704370084826
fuerza|local,284,comp_8,-0.18876274727257375
fuerza|local,284,comp_9,0.006103765162039835
fuerza|local,284,comp_10,-5.345723863570129e-14
fuerza|local,284,comp_11,-2.4424906541753444e-15
fuerza|local,287,comp_0,358.23362572624274
fuerza|local,287,comp_1,-0.03942276917894471
fuerza|local,287,comp_2,0.014077141270793606
fuerza|local,287,comp_3,-0.0003814853226274897
fuerza|local,287,comp_4,-0.05574547943234315
fuerza|local,287,comp_5,-0.15611416594862054
fuerza|local,287,comp_6,-358.23362572624274
fuerza|local,287,comp_7,0.03942276917894471
fuerza|local,287,comp_8,-0.014077141270793606
fuerza|local,287,comp_9,0.0003814853226274897
fuerza|local,287,comp_10,4.718447854656915e-16
fuerza|local,287,comp_11,-4.996003610813204e-16
fuerza|local,290,comp_0,358.23362572624274
fuerza|local,290,comp_1,-0.03943300708402563
fuerza|local,290,comp_2,0.014077141270793613
fuerza|local,290,comp_3,-0.0003814853226274897
fuerza|local,290,comp_4,-0.05574547943234316
fuerza|local,290,comp_5,-0.1561547080527409
fuerza|local,290,comp_6,-358.23362572624274
fuerza|local,290,comp_7,0.03943300708402563
fuerza|local,290,comp_8,-0.014077141270793613
fuerza|local,290,comp_9,0.0003814853226274897
fuerza|local,290,comp_10,4.579669976578771e-16
fuerza|local,290,comp_11,-6.106226635438361e-16
fuerza|local,293,comp_0,41.90325045763937
fuerza|local,293,comp_1,-0.49954737077743655
fuerza|local,293,comp_2,0.08919979538597582
fuerza|local,293,comp_3,0.012367750306713714
fuerza|local,293,comp_4,-0.3532311897283762
fuerza|local,293,comp_5,-1.978207588278646
fuerza|local,293,comp_6,-41.90325045763937
fuerza|local,293,comp_7,0.49954737077743655
fuerza|local,293,comp_8,-0.08919979538597582
fuerza|local,293,comp_9,-0.012367750306713714
fuerza|local,293,comp_10,-8.806844142839054e-14
fuerza|local,293,comp_11,-2.4424906541753444e-15
fuerza|local,295,comp_0,83.68585748379297
fuerza|local,295,comp_1,0.29497823803895884
fuerza|local,295,comp_2,0.09982793299094617
fuerza|local,295,comp_3,-0.006555577128694368
fuerza|local,295,comp_4,-1.143868419016656
fuerza|local,295,comp_5,0.3580200569898905
fuerza|local,295,comp_6,-83.68585748379297
fuerza|local,295,comp_7,-0.29497823803895884
fuerza|local,295,comp_8,-0.09982793299094617
fuerza|local,295,comp_9,0.006555577128694368
fuerza|local,295,comp_10,0.3532311897283623
fuerza|local,295,comp_11,1.9782075882786632
fuerza|local,298,comp_0,41.90325045763937
fuerza|local,298,comp_1,-0.5008141489479587
fuerza|local,298,comp_2,0.08919979538597612
fuerza|local,298,comp_3,0.012367750306713714
fuerza|local,298,comp_4,-0.3532311897283766
fuerza|local,298,comp_5,-1.983224029833924
fuerza|local,298,comp_6,-41.90325045763937
fuerza|local,298,comp_7,0.5008141489479587
fuerza|local,298,comp_8,-0.08919979538597612
fuerza|local,298,comp_9,-0.012367750306713714
fuerza|local,298,comp_10,-8.884559754562815e-14
fuerza|local,298,comp_11,7.771561172376096e-15
fuerza|local,300,comp_0,83.68585748379297
fuerza|local,300,comp_1,0.2961621067050096
fuerza|local,300,comp_2,0.09982793299094617
fuerza|local,300,comp_3,-0.006555577128694368
fuerza|local,300,comp_4,-1.143868419016656
fuerza|local,300,comp_5,0.3623798552697356
fuerza|local,300,comp_6,-83.68585748379297
fuerza|local,300,comp_7,-0.2961621067050096
fuerza|local,300,comp_8,-0.09982793299094617
fuerza|local,300,comp_9,0.006555577128694368
fuerza|local,300,comp_10,0.3532311897283623
fuerza|local,300,comp_11,1.98322402983394
fuerza|local,303,comp_0,44.80227511954937
fuerza|local,303,comp_1,-0.5227204718328806
fuerza|local,303,comp_2,0.1273800320571553
fuerza|local,303,comp_3,0.014085978467505946
fuerza|local,303,comp_4,-0.504424926946301
fuerza|local,303,comp_5,-2.0699730684582045
fuerza|local,303,comp_6,-44.80227511954937
fuerza|local,303,comp_7,0.5227204718328806
fuerza|local,303,comp_8,-0.1273800320571553
fuerza|local,303,comp_9,-0.014085978467505946
fuerza|local,303,comp_10,-3.397282455352979e-14
fuerza|local,303,comp_11,-2.6645352591003757e-15
fuerza|local,305,comp_0,89.88617071646058
fuerza|local,305,comp_1,0.30864053132798186
fuerza|local,305,comp_2,0.0909152423000872
fuerza|local,305,comp_3,-0.007466331061578476
fuerza|local,305,comp_4,-1.2244736459629315
fuerza|local,305,comp_5,0.3744599396594084
fuerza|local,305,comp_6,-89.88617071646058
fuerza|local,305,comp_7,-0.30864053132798186
fuerza|local,305,comp_8,-0.0909152423000872
fuerza|local,305,comp_9,0.007466331061578476
fuerza|local,305,comp_10,0.504424926946241
fuerza|local,305,comp_11,2.0699730684582076
fuerza|local,308,comp_0,44.80227511954937
fuerza|local,308,comp_1,-0.5241078302943795
fuerza|local,308,comp_2,0.12738003205715356
fuerza|local,308,comp_3,0.014085978467505946
fuerza|local,308,comp_4,-0.5044249269462978
fuerza|local,308,comp_5,-2.075467007965741
fuerza|local,308,comp_6,-44.80227511954937
fuerza|local,308,comp_7,0.5241078302943795
fuerza|local,308,comp_8,-0.12738003205715356
fuerza|local,308,comp_9,-0.014085978467505946
fuerza|local,308,comp_10,-3.036459972349803e-14
fuerza|local,308,comp_11,-1.5543122344752192e-15
fuerza|local,310,comp_0,89.88617071646058
fuerza|local,310,comp_1,0.30993708841221884
fuerza|local,310,comp_2,0.09091524230008703
fuerza|local,310,comp_3,-0.007466331061578476
fuerza|local,310,comp_4,-1.224473645962931
fuerza|local,310,comp_5,0.3792347322590245
fuerza|local,310,comp_6,-89.88617071646058
fuerza|local,310,comp_7,-0.30993708841221884
fuerza|local,310,comp_8,-0.09091524230008703
fuerza|local,310,comp_9,0.007466331061578476
fuerza|local,310,comp_10,0.5044249269462419
fuerza|local,310,comp_11,2.0754670079657487
fuerza|local,313,comp_0,95.50928810707615
fuerza|local,313,comp_1,-0.47840754294498006
fuerza|local,313,comp_2,1.3442545510211903
fuerza|local,313,comp_3,0.2592413658478681
fuerza|local,313,comp_4,-5.323248022042375
fuerza|local,313,comp_5,-1.8944938700621408
fuerza|local,313,comp_6,-95.50928810707615
fuerza|local,313,comp_7,0.47840754294498006
fuerza|local,313,comp_8,-1.3442545510211903
fuerza|local,313,comp_9,-0.2592413658478681
fuerza|local,313,comp_10,-1.538769112130467e-12
fuerza|local,313,comp_11,1.9761969838327786e-14
fuerza|local,315,comp_0,191.20047446454635
fuerza|local,315,comp_1,0.2824759430754873
fuerza|local,315,comp_2,2.868961547772609
fuerza|local,315,comp_3,-0.1374119566305627
fuerza|local,315,comp_4,-28.04542348040033
fuerza|local,315,comp_5,0.3427155990956917
fuerza|local,315,comp_6,-191.20047446454635
fuerza|local,315,comp_7,-0.2824759430754873
fuerza|local,315,comp_8,-2.868961547772609
fuerza|local,315,comp_9,0.1374119566305627
fuerza|local,315,comp_10,5.323248022041266
fuerza|local,315,comp_11,1.8944938700621676
fuerza|local,318,comp_0,95.50928810707615
fuerza|local,318,comp_1,-0.4784075429449781
fuerza|local,318,comp_2,2.528302008538337
fuerza|local,318,comp_3,0.2592413658478681
fuerza|local,318,comp_4,-10.01207595381048
fuerza|local,318,comp_5,-1.8944938700621412
fuerza|local,318,comp_6,-95.50928810707615
fuerza|local,318,comp_7,0.4784075429449781
fuerza|local,318,comp_8,-2.528302008538337
fuerza|local,318,comp_9,-0.2592413658478681
fuerza|local,318,comp_10,-1.334043986389588e-12
fuerza|local,318,comp_11,2.7977620220553945e-14
fuerza|local,320,comp_0,191.20047446454635
fuerza|local,320,comp_1,0.28247594307548674
fuerza|local,320,comp_2,1.7624089431509664
fuerza|local,320,comp_3,-0.1374119566305627
fuerza|local,320,comp_4,-23.97035478356557
fuerza|local,320,comp_5,0.34271559909569016
fuerza|local,320,comp_6,-191.20047446454635
fuerza|local,320,comp_7,-0.28247594307548674
fuerza|local,320,comp_8,-1.7624089431509664
fuerza|local,320,comp_9,0.1374119566305627
fuerza|local,320,comp_10,10.012075953809916
fuerza|local,320,comp_11,1.8944938700621645
fuerza|local,323,comp_0,33.05015386969866
fuerza|local,323,comp_1,-0.03560439356762038
fuerza|local,323,comp_2,0.06632273407445893
fuerza|local,323,comp_3,-0.0026278302308112397
fuerza|local,323,comp_4,-0.5252760538697214
fuerza|local,323,comp_5,-0.2819867970555532
fuerza|local,323,comp_6,-33.05015386969866
fuerza|local,323,comp_7,0.03560439356762038
fuerza|local,323,comp_8,-0.06632273407445893
fuerza|local,323,comp_9,0.0026278302308112397
fuerza|local,323,comp_10,6.6058269965196814e-15
fuerza|local,323,comp_11,-1.942890293094024e-16
fuerza|local,326,comp_0,33.05015386969866
fuerza|local,326,comp_1,-0.03552188530392539
fuerza|local,326,comp_2,0.0663227340744588
fuerza|local,326,comp_3,-0.0026278302308112397
fuerza|local,326,comp_4,-0.525276053869721
fuerza|local,326,comp_5,-0.2813333316070882
fuerza|local,326,comp_6,-33.05015386969866
fuerza|local,326,comp_7,0.03552188530392539
fuerza|local,326,comp_8,-0.0663227340744588
fuerza|local,326,comp_9,0.0026278302308112397
fuerza|local,326,comp_10,7.382983113757291e-15
fuerza|local,326,comp_11,-9.159339953157541e-16
fuerza|local,329,comp_0,33.05015386969866
fuerza|local,329,comp_1,-0.03560439356762035
fuerza|local,329,comp_2,0.06441100110298997
fuerza|local,329,comp_3,-0.0026278302308112397
fuerza|local,329,comp_4,-0.5101351287356881
fuerza|local,329,comp_5,-0.28198679705555313
fuerza|local,329,comp_6,-33.05015386969866
fuerza|local,329,comp_7,0.03560439356762035
fuerza|local,329,comp_8,-0.06441100110298997
fuerza|local,329,comp_9,0.0026278302308112397
fuerza|local,329,comp_10,7.605027718682322e-15
fuerza|local,329,comp_11,-8.326672684688674e-17
fuerza|local,332,comp_0,33.05015386969866
fuerza|local,332,comp_1,-0.03552188530392536
fuerza|local,332,comp_2,0.06441100110298988
fuerza|local,332,comp_3,-0.0026278302308112397
fuerza|local,332,comp_4,-0.5101351287356879
fuerza|local,332,comp_5,-0.28133333160708807
fuerza|local,332,comp_6,-33.05015386969866
fuerza|local,332,comp_7,0.03552188530392536
fuerza|local,332,comp_8,-0.06441100110298988
fuerza|local,332,comp_9,0.0026278302308112397
fuerza|local,332,comp_10,8.104628079763643e-15
fuerza|local,332,comp_11,-8.049116928532385e-16
fuerza|local,335,comp_0,48.44562545478031
fuerza|local,335,comp_1,-0.24026883384399383
fuerza|local,335,comp_2,0.2399744277566681
fuerza|local,335,comp_3,0.03203097096319801
fuerza|local,335,comp_4,-0.9502987339163327
fuerza|local,335,comp_5,-0.9514645820222288
fuerza|local,335,comp_6,-48.44562545478031
fuerza|local,335,comp_7,0.24026883384399383
fuerza|local,335,comp_8,-0.2399744277566681
fuerza|local,335,comp_9,-0.03203097096319801
fuerza|local,335,comp_10,-7.294165271787278e-14
fuerza|local,335,comp_11,1.3322676295501878e-14
fuerza|local,337,comp_0,84.94240764521012
fuerza|local,337,comp_1,0.14282548570324996
fuerza|local,337,comp_2,0.2803368054071981
fuerza|local,337,comp_3,-0.016978148446466283
fuerza|local,337,comp_4,-3.1705662327412596
fuerza|local,337,comp_5,0.17971326474751853
fuerza|local,337,comp_6,-84.94240764521012
fuerza|local,337,comp_7,-0.14282548570324996
fuerza|local,337,comp_8,-0.2803368054071981
fuerza|local,337,comp_9,0.016978148446466283
fuerza|local,337,comp_10,0.950298733916251
fuerza|local,337,comp_11,0.951464582022221
fuerza|local,340,comp_0,48.44562545478031
fuerza|local,340,comp_1,-0.2402688338439935
fuerza|local,340,comp_2,0.3118706831686398
fuerza|local,340,comp_3,0.03203097096319801
fuerza|local,340,comp_4,-1.2350079053477123
fuerza|local,340,comp_5,-0.9514645820222275
fuerza|local,340,comp_6,-48.44562545478031
fuerza|local,340,comp_7,0.2402688338439935
fuerza|local,340,comp_8,-0.3118706831686398
fuerza|local,340,comp_9,-0.03203097096319801
fuerza|local,340,comp_10,-1.0114131754335176e-13
fuerza|local,340,comp_11,1.3322676295501878e-14
fuerza|local,342,comp_0,84.94240764521012
fuerza|local,342,comp_1,0.14282548570325013
fuerza|local,342,comp_2,0.2131460959609232
fuerza|local,342,comp_3,-0.016978148446466283
fuerza|local,342,comp_4,-2.9231249853581236
fuerza|local,342,comp_5,0.17971326474751897
fuerza|local,342,comp_6,-84.94240764521012
fuerza|local,342,comp_7,-0.14282548570325013
fuerza|local,342,comp_8,-0.2131460959609232
fuerza|local,342,comp_9,0.016978148446466283
fuerza|local,342,comp_10,1.235007905347612
fuerza|local,342,comp_11,0.9514645820222218
fuerza|local,344,comp_0,26.482145316651994
fuerza|local,344,comp_1,-0.034855557382559604
fuerza|local,344,comp_2,0.025694279017940788
fuerza|local,344,comp_3,-6.949265153510749e-05
fuerza|local,344,comp_4,-0.3052480347331369
fuerza|local,344,comp_5,-0.4140840217048079
fuerza|local,344,comp_6,-26.482145316651994
fuerza|local,344,comp_7,0.034855557382559604
fuerza|local,344,comp_8,-0.025694279017940788
fuerza|local,344,comp_9,6.949265153510749e-05
fuerza|local,344,comp_10,3.608224830031759e-16
fuerza|local,344,comp_11,-1.6653345369377348e-16
fuerza|local,347,comp_0,26.482145316651994
fuerza|local,347,comp_1,-0.0348544818029406
fuerza|local,347,comp_2,0.025694279017940788
fuerza|local,347,comp_3,-6.949265153510749e-05
fuerza|local,347,comp_4,-0.3052480347331369
fuerza|local,347,comp_5,-0.41407124381893595
fuerza|local,347,comp_6,-26.482145316651994
fuerza|local,347,comp_7,0.0348544818029406
fuerza|local,347,comp_8,-0.025694279017940788
fuerza|local,347,comp_9,6.949265153510749e-05
fuerza|local,347,comp_10,3.608224830031759e-16
fuerza|local,347,comp_11,1.609823385706477e-15
fuerza|local,349,comp_0,26.482145316651994
fuerza|local,349,comp_1,-0.034855557382559584
fuerza|local,349,comp_2,0.025672326222805675
fuerza|local,349,comp_3,-6.949265153510749e-05
fuerza|local,349,comp_4,-0.3049872355269324
fuerza|local,349,comp_5,-0.41408402170480785
fuerza|local,349,comp_6,-26.482145316651994
fuerza|local,349,comp_7,0.034855557382559584
fuerza|local,349,comp_8,-0.025672326222805675
fuerza|local,349,comp_9,6.949265153510749e-05
fuerza|local,349,comp_10,9.992007221626409e-16
fuerza|local,349,comp_11,0.0
fuerza|local,352,comp_0,26.482145316651994
fuerza|local,352,comp_1,-0.03485448180294065
fuerza|local,352,comp_2,0.025672326222805658
fuerza|local,352,comp_3,-6.949265153510749e-05
fuerza|local,352,comp_4,-0.30498723552693235
fuerza|local,352,comp_5,-0.4140712438189361
fuerza|local,352,comp_6,-26.482145316651994
fuerza|local,352,comp_7,0.03485448180294065
fuerza|local,352,comp_8,-0.025672326222805658
fuerza|local,352,comp_9,6.949265153510749e-05
fuerza|local,352,comp_10,1.1934897514720433e-15
fuerza|local,352,comp_11,1.2212453270876722e-15
fuerza|local,355,comp_0,54.12868026875
fuerza|local,355,comp_1,-0.13663313031194307
fuerza|local,355,comp_2,-21.993637343409603
fuerza|local,355,comp_3,-57.547303360746895
fuerza|local,355,comp_4,348.37921551960807
fuerza|local,355,comp_5,-2.1642687841411625
fuerza|local,355,comp_6,-54.12868026875
fuerza|local,355,comp_7,0.13663313031194307
fuerza|local,355,comp_8,21.993637343409603
fuerza|local,355,comp_9,57.547303360746895
fuerza|local,355,comp_10,0.0
fuerza|local,355,comp_11,-1.554312234475219e-14
fuerza|local,358,comp_0,54.12868026875
fuerza|local,358,comp_1,-0.1366331303119429
fuerza|local,358,comp_2,-44.37496641875162
fuerza|local,358,comp_3,-57.547303360746895
fuerza|local,358,comp_4,702.8994680730248
fuerza|local,358,comp_5,-2.1642687841411616
fuerza|local,358,comp_6,-54.12868026875
fuerza|local,358,comp_7,0.1366331303119429
fuerza|local,358,comp_8,44.37496641875162
fuerza|local,358,comp_9,57.547303360746895
fuerza|local,358,comp_10,7.958078640513122e-13
fuerza|local,358,comp_11,-1.3766765505351941e-14
fuerza|local,361,comp_0,23.30042528125
fuerza|local,361,comp_1,-0.14458531351832343
fuerza|local,361,comp_2,-1.6513275386613029
fuerza|local,361,comp_3,-2.9307252813090203
fuerza|local,361,comp_4,26.157028212395026
fuerza|local,361,comp_5,-2.290231366130235
fuerza|local,361,comp_6,-23.30042528125
fuerza|local,361,comp_7,0.14458531351832343
fuerza|local,361,comp_8,1.6513275386613029
fuerza|local,361,comp_9,2.9307252813090203
fuerza|local,361,comp_10,1.0658141036401503e-14
fuerza|local,361,comp_11,-7.993605777301127e-15
fuerza|local,364,comp_0,23.30042528125
fuerza|local,364,comp_1,-0.11845642706526513
fuerza|local,364,comp_2,-1.6513275386613036
fuerza|local,364,comp_3,-2.9307252813090203
fuerza|local,364,comp_4,26.15702821239503
fuerza|local,364,comp_5,-1.8763498047137903
fuerza|local,364,comp_6,-23.30042528125
fuerza|local,364,comp_7,0.11845642706526513
fuerza|local,364,comp_8,1.6513275386613036
fuerza|local,364,comp_9,2.9307252813090203
fuerza|local,364,comp_10,1.7763568394002505e-14
fuerza|local,364,comp_11,-9.325873406851315e-15
fuerza|local,367,comp_0,28.318978418749996
fuerza|local,367,comp_1,-0.14458531351832316
fuerza|local,367,comp_2,-2.103865335980247
fuerza|local,367,comp_3,-2.9307252813090203
fuerza|local,367,comp_4,33.32522692192708
fuerza|local,367,comp_5,-2.290231366130233
fuerza|local,367,comp_6,-28.318978418749996
fuerza|local,367,comp_7,0.14458531351832316
fuerza|local,367,comp_8,2.103865335980247
fuerza|local,367,comp_9,2.9307252813090203
fuerza|local,367,comp_10,2.4868995751603507e-14
fuerza|local,367,comp_11,-5.10702591327572e-15
fuerza|local,370,comp_0,28.318978418749996
fuerza|local,370,comp_1,-0.11845642706526499
fuerza|local,370,comp_2,-2.103865335980248
fuerza|local,370,comp_3,-2.9307252813090203
fuerza|local,370,comp_4,33.32522692192709
fuerza|local,370,comp_5,-1.8763498047137896
fuerza|local,370,comp_6,-28.318978418749996
fuerza|local,370,comp_7,0.11845642706526499
fuerza|local,370,comp_8,2.103865335980248
fuerza|local,370,comp_9,2.9307252813090203
fuerza|local,370,comp_10,3.907985046680551e-14
fuerza|local,370,comp_11,-7.771561172376096e-15
fuerza|local,373,comp_0,29.012717921835826
fuerza|local,373,comp_1,-0.018738200751218164
fuerza|local,373,comp_2,-0.5299346815539595
fuerza|local,373,comp_3,-0.9857776626564223
fuerza|local,373,comp_4,8.394165355814707
fuerza|local,373,comp_5,-0.29681309989928556
fuerza|local,373,comp_6,-29.012717921835826
fuerza|local,373,comp_7,0.018738200751218164
fuerza|local,373,comp_8,0.5299346815539595
fuerza|local,373,comp_9,0.9857776626564223
fuerza|local,373,comp_10,1.0658141036401503e-14
fuerza|local,373,comp_11,-1.0130785099704553e-14
fuerza|local,376,comp_0,17.456794157254137
fuerza|local,376,comp_1,-0.010592766520680632
fuerza|local,376,comp_2,-0.5299346815539588
fuerza|local,376,comp_3,-0.9857776626564223
fuerza|local,376,comp_4,8.394165355814703
fuerza|local,376,comp_5,-0.1677894216875745
fuerza|local,376,comp_6,-17.456794157254137
fuerza|local,376,comp_7,0.010592766520680632
fuerza|local,376,comp_8,0.5299346815539588
fuerza|local,376,comp_9,0.9857776626564223
fuerza|local,376,comp_10,2.6645352591003757e-15
fuerza|local,376,comp_11,-6.7307270867900115e-15
fuerza|local,379,comp_0,29.012717921835826
fuerza|local,379,comp_1,-0.018738200751218164
fuerza|local,379,comp_2,-0.7073129155318303
fuerza|local,379,comp_3,-0.9857776626564223
fuerza|local,379,comp_4,11.203836582024175
fuerza|local,379,comp_5,-0.29681309989928556
fuerza|local,379,comp_6,-29.012717921835826
fuerza|local,379,comp_7,0.018738200751218164
fuerza|local,379,comp_8,0.7073129155318303
fuerza|local,379,comp_9,0.9857776626564223
fuerza|local,379,comp_10,1.687538997430238e-14
fuerza|local,379,comp_11,-1.0130785099704553e-14
fuerza|local,382,comp_0,17.456794157254137
fuerza|local,382,comp_1,-0.010592766520680632
fuerza|local,382,comp_2,-0.7073129155318314
fuerza|local,382,comp_3,-0.9857776626564223
fuerza|local,382,comp_4,11.20383658202418
fuerza|local,382,comp_5,-0.1677894216875745
fuerza|local,382,comp_6,-17.456794157254137
fuerza|local,382,comp_7,0.010592766520680632
fuerza|local,382,comp_8,0.7073129155318314
fuerza|local,382,comp_9,0.9857776626564223
fuerza|local,382,comp_10,2.930988785010413e-14
fuerza|local,382,comp_11,-6.7307270867900115e-15
fuerza|local,383,comp_0,30.532795864398878
fuerza|local,383,comp_1,-0.01185745423455658
fuerza|local,383,comp_2,-4.430457944375605
fuerza|local,383,comp_3,-7.590222478518262
fuerza|local,383,comp_4,70.17845383890956
fuerza|local,383,comp_5,-0.1878220750753687
fuerza|local,383,comp_6,-30.532795864398878
fuerza|local,383,comp_7,0.01185745423455658
fuerza|local,383,comp_8,4.430457944375605
fuerza|local,383,comp_9,7.590222478518262
fuerza|local,383,comp_10,2.1316282072803006e-14
fuerza|local,383,comp_11,-7.549516567451064e-15
fuerza|local,384,comp_0,30.532795864398878
fuerza|local,384,comp_1,-0.01185745423455658
fuerza|local,384,comp_2,-5.913408264936127
fuerza|local,384,comp_3,-7.590222478518262
fuerza|local,384,comp_4,93.668386916588
fuerza|local,384,comp_5,-0.1878220750753687
fuerza|local,384,comp_6,-30.532795864398878
fuerza|local,384,comp_7,0.01185745423455658
fuerza|local,384,comp_8,5.913408264936127
fuerza|local,384,comp_9,7.590222478518262
fuerza|local,384,comp_10,2.4158453015843406e-13
fuerza|local,384,comp_11,-7.549516567451064e-15
fuerza|local,673,comp_0,361.5886288356726
fuerza|local,673,comp_1,9.62711654467568
fuerza|local,673,comp_2,-4.73650084431565e-10
fuerza|local,673,comp_3,-0.0003324904037888218
fuerza|local,673,comp_4,0.009628655496438862
fuerza|local,673,comp_5,-26.693351399819484
fuerza|local,673,comp_6,-361.5886288356726
fuerza|local,673,comp_7,-9.62711654467568
fuerza|local,673,comp_8,4.73650084431565e-10
fuerza|local,673,comp_9,0.0003324904037888218
fuerza|local,673,comp_10,-0.009628654075488609
fuerza|local,673,comp_11,55.57470103384652
fuerza|local,675,comp_0,368.8014380279027
fuerza|local,675,comp_1,-9.599177535002113
fuerza|local,675,comp_2,-0.004245703135358816
fuerza|local,675,comp_3,9.789201983428561e-07
fuerza|local,675,comp_4,0.012737106027726035
fuerza|local,675,comp_5,-28.71191393167897
fuerza|local,675,comp_6,-368.8014380279027
fuerza|local,675,comp_7,9.599177535002113
fuerza|local,675,comp_8,0.004245703135358816
fuerza|local,675,comp_9,-9.789201983428561e-07
fuerza|local,675,comp_10,3.41574369483455e-09
fuerza|local,675,comp_11,-0.0856187578704315
fuerza|global,3,comp_0,18.343450263127053
fuerza|global,3,comp_1,0.6739194099129066
fuerza|global,3,comp_2,291.76906429818723
fuerza|global,3,comp_3,-0.9223986558180526
fuerza|global,3,comp_4,19.35848657770051
fuerza|global,3,comp_5,-0.0007673618288427359
fuerza|global,3,comp_6,-18.343450263127053
fuerza|global,3,comp_7,-0.6739194099129066
fuerza|global,3,comp_8,-291.76906429818723
fuerza|global,3,comp_9,-1.746322207437057
fuerza|global,3,comp_10,53.28157646428261
fuerza|global,3,comp_11,0.0007673618288427359
fuerza|global,6,comp_0,22.8150539729629
fuerza|global,6,comp_1,3.936475994835408
fuerza|global,6,comp_2,533.1644517791802
fuerza|global,6,comp_3,-8.323232248533465
fuerza|global,6,comp_4,54.89667236614675
fuerza|global,6,comp_5,-0.034496394010911195
fuerza|global,6,comp_6,-22.8150539729629
fuerza|global,6,comp_7,-3.936475994835408
fuerza|global,6,comp_8,-533.1644517791802
fuerza|global,6,comp_9,-7.265212691014749
fuerza|global,6,comp_10,35.45094136678633
fuerza|global,6,comp_11,0.034496394010911195
fuerza|global,8,comp_0,-28.455225439144385
fuerza|global,8,comp_1,5.776868683490074
fuerza|global,8,comp_2,250.8258506323168
fuerza|global,8,comp_3,-9.40843702044323
fuerza|global,8,comp_4,-60.72621282128566
fuerza|global,8,comp_5,0.03326429683772602
fuerza|global,8,comp_6,28.455225439144385
fuerza|global,8,comp_7,-5.776868683490074
fuerza|global,8,comp_8,-250.8258506323168
fuerza|global,8,comp_9,-13.46796296617746
fuerza|global,8,comp_10,-51.9564799177261
fuerza|global,8,comp_11,-0.03326429683772602
fuerza|global,11,comp_0,-1.1265529187882928
fuerza|global,11,comp_1,-1.2340416152618763
fuerza|global,11,comp_2,1117.508996610252
fuerza|global,11,comp_3,1.5961098974126604
fuerza|global,11,comp_4,-6.338238419585073
fuerza|global,11,comp_5,-0.0007673618288427359
fuerza|global,11,comp_6,1.1265529187882928
fuerza|global,11,comp_7,1.2340416152618763
fuerza|global,11,comp_8,-1117.508996610252
fuerza|global,11,comp_9,3.290694899024369
fuerza|global,11,comp_10,1.8770888611834335
fuerza|global,11,comp_11,0.0007673618288427359
fuerza|global,13,comp_0,7.408055787759188
fuerza|global,13,comp_1,0.3149769896906768
fuerza|global,13,comp_2,658.1943428789432
fuerza|global,13,comp_3,-1.024345008511707
fuerza|global,13,comp_4,9.01706900795698
fuerza|global,13,comp_5,-0.034496394010911195
fuerza|global,13,comp_6,-7.408055787759188
fuerza|global,13,comp_7,-0.3149769896906768
fuerza|global,13,comp_8,-658.1943428789432
fuerza|global,13,comp_9,-0.22296387066337298
fuerza|global,13,comp_10,20.3188319115694
fuerza|global,13,comp_11,0.034496394010911195
fuerza|global,15,comp_0,-32.38554565842846
fuerza|global,15,comp_1,-1.0934893398801773
fuerza|global,15,comp_2,312.14316107879677
fuerza|global,15,comp_3,1.9223057039658318
fuerza|global,15,comp_4,-61.033993636803345
fuerza|global,15,comp_5,0.03326429683772602
fuerza|global,15,comp_6,32.38554565842846
fuerza|global,15,comp_7,1.0934893398801773
fuerza|global,15,comp_8,-312.14316107879677
fuerza|global,15,comp_9,2.4079120819596698
fuerza|global,15,comp_10,-67.21276717057337
fuerza|global,15,comp_11,-0.03326429683772602
fuerza|global,18,comp_0,14.302093176841689
fuerza|global,18,comp_1,-1.858158176364508
fuerza|global,18,comp_2,236.19289150086422
fuerza|global,18,comp_3,2.4199437580681344
fuerza|global,18,comp_4,14.030571530085755
fuerza|global,18,comp_5,-0.0007673618288427359
fuerza|global,18,comp_6,-14.302093176841689
fuerza|global,18,comp_7,1.858158176364508
fuerza|global,18,comp_8,-236.19289150086422
fuerza|global,18,comp_9,4.938362620335317
fuerza|global,18,comp_10,42.60571745020734
fuerza|global,18,comp_11,0.0007673618288427359
fuerza|global,20,comp_0,19.364949784019505
fuerza|global,20,comp_1,-2.1846823127598882
fuerza|global,20,comp_2,413.84567176850146
fuerza|global,20,comp_3,3.099039131378513
fuerza|global,20,comp_4,45.294721113123366
fuerza|global,20,comp_5,-0.034496394010911195
fuerza|global,20,comp_6,-19.364949784019505
fuerza|global,20,comp_7,2.1846823127598882
fuerza|global,20,comp_8,-413.84567176850146
fuerza|global,20,comp_9,5.552302827150644
fuerza|global,20,comp_10,31.390480031593867
fuerza|global,20,comp_11,0.034496394010911195
fuerza|global,22,comp_0,-30.58064757428119
fuerza|global,22,comp_1,-7.105168662363712
fuerza|global,22,comp_2,192.17616483578064
fuerza|global,22,comp_3,12.333438828223368
fuerza|global,22,comp_4,-63.62763467088399
fuerza|global,22,comp_5,0.03326429683772602
fuerza|global,22,comp_6,30.58064757428119
fuerza|global,22,comp_7,7.105168662363712
fuerza|global,22,comp_8,-192.17616483578064
fuerza|global,22,comp_9,15.803029074736928
fuerza|global,22,comp_10,-57.47172972326952
fuerza|global,22,comp_11,-0.03326429683772602
fuerza|global,25,comp_0,-11.683315058596206
fuerza|global,25,comp_1,-1.0776470746427096
fuerza|global,25,comp_2,2153.435376599589
fuerza|global,25,comp_3,1.393803039573638
fuerza|global,25,comp_4,-20.273164444131517
fuerza|global,25,comp_5,-0.0007673618288427359
fuerza|global,25,comp_6,11.683315058596206
fuerza|global,25,comp_7,1.0776470746427096
fuerza|global,25,comp_8,-2153.435376599589
fuerza|global,25,comp_9,2.873679376011492
fuerza|global,25,comp_10,-25.992763187909453
fuerza|global,25,comp_11,0.0007673618288427359
fuerza|global,27,comp_0,45.18071402425227
fuerza|global,27,comp_1,0.6243942965508392
fuerza|global,27,comp_2,1418.0716734843543
fuerza|global,27,comp_3,-1.4616453590862353
fuerza|global,27,comp_4,44.9420518555814
fuerza|global,27,comp_5,-0.034496394010911195
fuerza|global,27,comp_6,-45.18071402425227
fuerza|global,27,comp_7,-0.6243942965508392
fuerza|global,27,comp_8,-1418.0716734843543
fuerza|global,27,comp_9,-1.0109560552550878
fuerza|global,27,comp_10,133.97357568045757
fuerza|global,27,comp_11,0.034496394010911195
fuerza|global,29,comp_0,129.6199900388159
fuerza|global,29,comp_1,-1.6338976281217554
fuerza|global,29,comp_2,717.0739585831924
fuerza|global,29,comp_3,1.8910425461278773
fuerza|global,29,comp_4,216.60814838027653
fuerza|global,29,comp_5,0.03326429683772602
fuerza|global,29,comp_6,-129.6199900388159
fuerza|global,29,comp_7,1.6338976281217554
fuerza|global,29,comp_8,-717.0739585831924
fuerza|global,29,comp_9,4.579192061234274
fuerza|global,29,comp_10,296.6870121734345
fuerza|global,29,comp_11,-0.03326429683772602
fuerza|global,32,comp_0,-12.58676119720043
fuerza|global,32,comp_1,-2.2504370616673572
fuerza|global,32,comp_2,1479.8916110730192
fuerza|global,32,comp_3,2.9418858224461726
fuerza|global,32,comp_4,-21.462716243649844
fuerza|global,32,comp_5,-0.0007673618288427359
fuerza|global,32,comp_6,12.58676119720043
fuerza|global,32,comp_7,2.2504370616673572
fuerza|global,32,comp_8,-1479.8916110730192
fuerza|global,32,comp_9,5.969844941756561
fuerza|global,32,comp_10,-28.380858097263854
fuerza|global,32,comp_11,0.0007673618288427359
fuerza|global,34,comp_0,42.79670622701386
fuerza|global,34,comp_1,-2.8047450492547576
fuerza|global,34,comp_2,1036.362541987541
fuerza|global,34,comp_3,4.612901360249687
fuerza|global,34,comp_4,40.731351844140306
fuerza|global,34,comp_5,-0.034496394010911195
fuerza|global,34,comp_6,-42.79670622701386
fuerza|global,34,comp_7,2.8047450492547576
fuerza|global,34,comp_8,-1036.362541987541
fuerza|global,34,comp_9,6.493889034799153
fuerza|global,34,comp_10,128.74360481483455
fuerza|global,34,comp_11,0.034496394010911195
fuerza|global,36,comp_0,97.2910556435591
fuerza|global,36,comp_1,-9.245923777406583
fuerza|global,36,comp_2,493.244995726571
fuerza|global,36,comp_3,14.917298216774702
fuerza|global,36,comp_4,171.58621985515333
fuerza|global,36,comp_5,0.03326429683772602
fuerza|global,36,comp_6,-97.2910556435591
fuerza|global,36,comp_7,9.245923777406583
fuerza|global,36,comp_8,-493.244995726571
fuerza|global,36,comp_9,21.69655994175536
fuerza|global,36,comp_10,213.68636049334071
fuerza|global,36,comp_11,-0.03326429683772602
fuerza|global,39,comp_0,-10.505403722541525
fuerza|global,39,comp_1,0.4133903078514177
fuerza|global,39,comp_2,1586.058837911205
fuerza|global,39,comp_3,-0.5743663053186101
fuerza|global,39,comp_4,-18.722000683382003
fuerza|global,39,comp_5,-0.0007673618288427359
fuerza|global,39,comp_6,10.505403722541525
fuerza|global,39,comp_7,-0.4133903078514177
fuerza|global,39,comp_8,-1586.058837911205
fuerza|global,39,comp_9,-1.062659313773004
fuerza|global,39,comp_10,-22.879398057882426
fuerza|global,39,comp_11,0.0007673618288427359
fuerza|global,41,comp_0,32.9462331950079
fuerza|global,41,comp_1,4.192527581415857
fuerza|global,41,comp_2,1038.0128297667643
fuerza|global,41,comp_3,-8.139750640000306
fuerza|global,41,comp_4,30.189341678163625
fuerza|global,41,comp_5,-0.034496394010911195
fuerza|global,41,comp_6,-32.9462331950079
fuerza|global,41,comp_7,-4.192527581415857
fuerza|global,41,comp_8,-1038.0128297667643
fuerza|global,41,comp_9,-8.462658582406485
fuerza|global,41,comp_10,100.27774177406764
fuerza|global,41,comp_11,0.034496394010911195
fuerza|global,43,comp_0,72.11167928961993
fuerza|global,43,comp_1,9.276844890482105
fuerza|global,43,comp_2,504.86309143918317
fuerza|global,43,comp_3,-15.252904169558793
fuerza|global,43,comp_4,123.47574525486515
fuerza|global,43,comp_5,0.03326429683772602
fuerza|global,43,comp_6,-72.11167928961993
fuerza|global,43,comp_7,-9.276844890482105
fuerza|global,43,comp_8,-504.86309143918317
fuerza|global,43,comp_9,-21.48340159675034
fuerza|global,43,comp_10,162.08650473202977
fuerza|global,43,comp_11,-0.03326429683772602
fuerza|global,46,comp_0,-4.419508534328083
fuerza|global,46,comp_1,0.37568342244023056
fuerza|global,46,comp_2,1756.366297547998
fuerza|global,46,comp_3,-0.5204592807975656
fuerza|global,46,comp_4,-10.688619034940263
fuerza|global,46,comp_5,-0.0007673618288427359
fuerza|global,46,comp_6,4.419508534328083
fuerza|global,46,comp_7,-0.37568342244023056
fuerza|global,46,comp_8,-1756.366297547998
fuerza|global,46,comp_9,-0.9672470720657473
fuerza|global,46,comp_10,-6.812634760998945
fuerza|global,46,comp_11,0.0007673618288427359
fuerza|global,48,comp_0,1.6584241499880996
fuerza|global,48,comp_1,5.051702618453648
fuerza|global,48,comp_2,1212.8975674316318
fuerza|global,48,comp_3,-9.04651731204924
fuerza|global,48,comp_4,-3.077184612820762
fuerza|global,48,comp_5,-0.034496394010911195
fuerza|global,48,comp_6,-1.6584241499880996
fuerza|global,48,comp_7,-5.051702618453648
fuerza|global,48,comp_8,-1212.8975674316318
fuerza|global,48,comp_9,-10.958225057027208
fuerza|global,48,comp_10,9.644544246773636
fuerza|global,48,comp_11,0.034496394010911195
fuerza|global,50,comp_0,-37.90643854891272
fuerza|global,50,comp_1,12.175112752075817
fuerza|global,50,comp_2,598.9441415372497
fuerza|global,50,comp_3,-20.805113931373867
fuerza|global,50,comp_4,-71.08145987986582
fuerza|global,50,comp_5,0.03326429683772602
fuerza|global,50,comp_6,37.90643854891272
fuerza|global,50,comp_7,-12.175112752075817
fuerza|global,50,comp_8,-598.9441415372497
fuerza|global,50,comp_9,-27.40833256684637
fuerza|global,50,comp_10,-79.02803677382855
fuerza|global,50,comp_11,-0.03326429683772602
fuerza|global,53,comp_0,-23.853512815872755
fuerza|global,53,comp_1,-3.8283162302109845
fuerza|global,53,comp_2,1316.4796180053677
fuerza|global,53,comp_3,5.961678018207531
fuerza|global,53,comp_4,-28.639636586675458
fuerza|global,53,comp_5,-0.034496394010911195
fuerza|global,53,comp_6,23.853512815872755
fuerza|global,53,comp_7,3.8283162302109845
fuerza|global,53,comp_8,-1316.4796180053677
fuerza|global,53,comp_9,9.198454253427967
fuerza|global,53,comp_10,-65.82027416418065
fuerza|global,53,comp_11,0.034496394010911195
fuerza|global,55,comp_0,-40.89977669747808
fuerza|global,55,comp_1,-10.499883025114888
fuerza|global,55,comp_2,621.6439498966251
fuerza|global,55,comp_3,17.560934924735722
fuerza|global,55,comp_4,-117.41126867742061
fuerza|global,55,comp_5,0.03326429683772602
fuerza|global,55,comp_6,40.89977669747808
fuerza|global,55,comp_7,10.499883025114888
fuerza|global,55,comp_8,-621.6439498966251
fuerza|global,55,comp_9,24.018601854719236
fuerza|global,55,comp_10,-44.55184704459256
fuerza|global,55,comp_11,-0.03326429683772602
fuerza|global,57,comp_0,1.5096787314318096
fuerza|global,57,comp_1,-2.114142676059356
fuerza|global,57,comp_2,1734.092299950629
fuerza|global,57,comp_3,2.7661111692218885
fuerza|global,57,comp_4,-2.855415537855288
fuerza|global,57,comp_5,-0.0007673618288427359
fuerza|global,57,comp_6,-1.5096787314318096
fuerza|global,57,comp_7,2.114142676059356
fuerza|global,57,comp_8,-1734.092299950629
fuerza|global,57,comp_9,5.605893827973161
fuerza|global,57,comp_10,8.833743314325254
fuerza|global,57,comp_11,0.0007673618288427359
fuerza|global,60,comp_0,-14.079412444925296
fuerza|global,60,comp_1,0.09509945546469661
fuerza|global,60,comp_2,1713.4719669788872
fuerza|global,60,comp_3,-0.9315115566721454
fuerza|global,60,comp_4,-18.256614873294506
fuerza|global,60,comp_5,-0.034496394010911195
fuerza|global,60,comp_6,14.079412444925296
fuerza|global,60,comp_7,-0.09509945546469661
fuerza|global,60,comp_8,-1713.4719669788872
fuerza|global,60,comp_9,0.5549177130319468
fuerza|global,60,comp_10,-37.49785840860966
fuerza|global,60,comp_11,0.034496394010911195
fuerza|global,62,comp_0,-55.27735302318381
fuerza|global,62,comp_1,-0.06349418081380265
fuerza|global,62,comp_2,825.3748113024894
fuerza|global,62,comp_3,0.32027381495416846
fuerza|global,62,comp_4,-120.70441161131593
fuerza|global,62,comp_5,0.03326429683772602
fuerza|global,62,comp_6,55.27735302318381
fuerza|global,62,comp_7,0.06349418081380265
fuerza|global,62,comp_8,-825.3748113024894
fuerza|global,62,comp_9,-0.06883685893151001
fuerza|global,62,comp_10,-98.19390636049194
fuerza|global,62,comp_11,-0.03326429683772602
fuerza|global,64,comp_0,-0.3009664143246344
fuerza|global,64,comp_1,-0.815445047432252
fuerza|global,64,comp_2,2424.6584102402667
fuerza|global,64,comp_3,1.0518302994341113
fuerza|global,64,comp_4,-5.248464233693044
fuerza|global,64,comp_5,-0.0007673618288427359
fuerza|global,64,comp_6,0.3009664143246344
fuerza|global,64,comp_7,0.815445047432252
fuerza|global,64,comp_8,-2424.6584102402667
fuerza|global,64,comp_9,2.1773320883976064
fuerza|global,64,comp_10,4.056637232967492
fuerza|global,64,comp_11,0.0007673618288427359
fuerza|global,67,comp_0,-3.0625279548786075
fuerza|global,67,comp_1,-5.115671847481317
fuerza|global,67,comp_2,1196.9293387285625
fuerza|global,67,comp_3,7.835805964790994
fuerza|global,67,comp_4,-10.82542081667566
fuerza|global,67,comp_5,-0.034496394010911195
fuerza|global,67,comp_6,3.0625279548786075
fuerza|global,67,comp_7,5.115671847481317
fuerza|global,67,comp_8,-1196.9293387285625
fuerza|global,67,comp_9,12.42225455123502
fuerza|global,67,comp_10,-1.3021898846436253
fuerza|global,67,comp_11,0.034496394010911195
fuerza|global,69,comp_0,-51.96374455668158
fuerza|global,69,comp_1,-11.865733148663406
fuerza|global,69,comp_2,621.4273821142754
fuerza|global,69,comp_3,20.523307212049442
fuerza|global,69,comp_4,-94.94172198854449
fuerza|global,69,comp_5,0.03326429683772602
fuerza|global,69,comp_6,51.96374455668158
fuerza|global,69,comp_7,11.865733148663406
fuerza|global,69,comp_8,-621.4273821142754
fuerza|global,69,comp_9,26.46499605665764
fuerza|global,69,comp_10,-110.83470645591454
fuerza|global,69,comp_11,-0.03326429683772602
fuerza|global,71,comp_0,-5.785688121986732
fuerza|global,71,comp_1,-2.112057254611203
fuerza|global,71,comp_2,1616.323233270039
fuerza|global,71,comp_3,2.767492348688604
fuerza|global,71,comp_4,-12.485299784367763
fuerza|global,71,comp_5,-0.0007673618288427359
fuerza|global,71,comp_6,5.785688121986732
fuerza|global,71,comp_7,2.112057254611203
fuerza|global,71,comp_8,-1616.323233270039
fuerza|global,71,comp_9,5.59625437957176
fuerza|global,71,comp_10,-10.426025178699696
fuerza|global,71,comp_11,0.0007673618288427359
fuerza|global,74,comp_0,0.6246893680694086
fuerza|global,74,comp_1,-0.3634398487473153
fuerza|global,74,comp_2,1665.8138396591119
fuerza|global,74,comp_3,-0.5543909383097747
fuerza|global,74,comp_4,-6.680065994115408
fuerza|global,74,comp_5,-0.034496394010911195
fuerza|global,74,comp_6,-0.6246893680694086
fuerza|global,74,comp_7,0.3634398487473153
fuerza|global,74,comp_8,-1665.8138396591119
fuerza|global,74,comp_9,1.9936127393491432
fuerza|global,74,comp_10,9.153835891670266
fuerza|global,74,comp_11,0.034496394010911195
fuerza|global,76,comp_0,-20.41741105268943
fuerza|global,76,comp_1,-1.0490967720138467
fuerza|global,76,comp_2,831.6816431772306
fuerza|global,76,comp_3,2.0896516213150305
fuerza|global,76,comp_4,-47.44700830313644
fuerza|global,76,comp_5,0.03326429683772602
fuerza|global,76,comp_6,20.41741105268943
fuerza|global,76,comp_7,1.0490967720138467
fuerza|global,76,comp_8,-831.6816431772306
fuerza|global,76,comp_9,2.064771595859802
fuerza|global,76,comp_10,-33.4059394655137
fuerza|global,76,comp_11,-0.03326429683772602
fuerza|global,78,comp_0,-6.234955440062445
fuerza|global,78,comp_1,-0.5080794782688649
fuerza|global,78,comp_2,2374.0288553226446
fuerza|global,78,comp_3,0.6502416839167177
fuerza|global,78,comp_4,-13.081329747666953
fuerza|global,78,comp_5,-0.0007673618288427359
fuerza|global,78,comp_6,6.234955440062445
fuerza|global,78,comp_7,0.5080794782688649
fuerza|global,78,comp_8,-2374.0288553226446
fuerza|global,78,comp_9,1.3617530500279873
fuerza|global,78,comp_10,-11.609093794980328
fuerza|global,78,comp_11,0.0007673618288427359
fuerza|global,81,comp_0,6.41047855121005
fuerza|global,81,comp_1,0.12283679015663633
fuerza|global,81,comp_2,1225.3522697471092
fuerza|global,81,comp_3,4.8584343711697136
fuerza|global,81,comp_4,12.929761104931892
fuerza|global,81,comp_5,-0.034496394010911195
fuerza|global,81,comp_6,-6.41047855121005
fuerza|global,81,comp_7,-0.12283679015663633
fuerza|global,81,comp_8,-1225.3522697471092
fuerza|global,81,comp_9,-5.344868060189993
fuerza|global,81,comp_10,12.455733957859904
fuerza|global,81,comp_11,0.034496394010911195
fuerza|global,83,comp_0,-20.88137780287347
fuerza|global,83,comp_1,12.330361085463746
fuerza|global,83,comp_2,607.011060941624
fuerza|global,83,comp_3,-22.26782838674131
fuerza|global,83,comp_4,-52.0699017936207
fuerza|global,83,comp_5,0.03326429683772602
fuerza|global,83,comp_6,20.88137780287347
fuerza|global,83,comp_7,-12.330361085463746
fuerza|global,83,comp_8,-607.011060941624
fuerza|global,83,comp_9,-26.56040151169512
fuerza|global,83,comp_10,-30.62035430575822
fuerza|global,83,comp_11,-0.03326429683772602
fuerza|global,85,comp_0,2.9549110930504625
fuerza|global,85,comp_1,-5.094981351626974
fuerza|global,85,comp_2,1767.4712118729085
fuerza|global,85,comp_3,6.704952156749422
fuerza|global,85,comp_4,-0.9543851268005827
fuerza|global,85,comp_5,-0.0007673618288427359
fuerza|global,85,comp_6,-2.9549110930504625
fuerza|global,85,comp_7,5.094981351626974
fuerza|global,85,comp_8,-1767.4712118729085
fuerza|global,85,comp_9,13.471173995693395
fuerza|global,85,comp_10,12.655833055280414
fuerza|global,85,comp_11,0.0007673618288427359
fuerza|global,88,comp_0,-16.76065262042051
fuerza|global,88,comp_1,-4.2234285589707
fuerza|global,88,comp_2,675.2352128721379
fuerza|global,88,comp_3,6.69680232964975
fuerza|global,88,comp_4,-26.975145389280243
fuerza|global,88,comp_5,-0.034496394010911195
fuerza|global,88,comp_6,16.76065262042051
fuerza|global,88,comp_7,4.2234285589707
fuerza|global,88,comp_8,-675.2352128721379
fuerza|global,88,comp_9,10.027974763874223
fuerza|global,88,comp_10,-39.397038987584985
fuerza|global,88,comp_11,0.034496394010911195
fuerza|global,90,comp_0,-137.0045680649905
fuerza|global,90,comp_1,-10.133109846539218
fuerza|global,90,comp_2,249.75748642466021
fuerza|global,90,comp_3,16.654685047938198
fuerza|global,90,comp_4,-227.2089335639383
fuerza|global,90,comp_5,0.03326429683772602
fuerza|global,90,comp_6,137.0045680649905
fuerza|global,90,comp_7,10.133109846539218
fuerza|global,90,comp_8,-249.75748642466021
fuerza|global,90,comp_9,23.47242994435711
fuerza|global,90,comp_10,-315.329155973424
fuerza|global,90,comp_11,-0.03326429683772602
fuerza|global,92,comp_0,-4.322203284175571
fuerza|global,92,comp_1,-2.0068952982434642
fuerza|global,92,comp_2,1003.7111093845423
fuerza|global,92,comp_3,2.6328125020614657
fuerza|global,92,comp_4,-10.55349979845703
fuerza|global,92,comp_5,-0.0007673618288427359
fuerza|global,92,comp_6,4.322203284175571
fuerza|global,92,comp_7,2.0068952982434642
fuerza|global,92,comp_8,-1003.7111093845423
fuerza|global,92,comp_9,5.3144928789826515
fuerza|global,92,comp_10,-6.56242520687823
fuerza|global,92,comp_11,0.0007673618288427359
fuerza|global,95,comp_0,-31.154231995636575
fuerza|global,95,comp_1,-0.46242394938194414
fuerza|global,95,comp_2,1141.461826968173
fuerza|global,95,comp_3,-0.019403814942639208
fuerza|global,95,comp_4,-44.6071323944695
fuerza|global,95,comp_5,-0.034496394010911195
fuerza|global,95,comp_6,31.154231995636575
fuerza|global,95,comp_7,0.46242394938194414
fuerza|global,95,comp_8,-1141.461826968173
fuerza|global,95,comp_9,1.850602654495138
fuerza|global,95,comp_10,-78.76362630825133
fuerza|global,95,comp_11,0.034496394010911195
fuerza|global,97,comp_0,-188.81877886210913
fuerza|global,97,comp_1,-0.8734922053481252
fuerza|global,97,comp_2,468.9760695722571
fuerza|global,97,comp_3,1.2191437368440257
fuerza|global,97,comp_4,-315.7060998114001
fuerza|global,97,comp_5,0.03326429683772602
fuerza|global,97,comp_6,188.81877886210913
fuerza|global,97,comp_7,0.8734922053481252
fuerza|global,97,comp_8,-468.9760695722571
fuerza|global,97,comp_9,2.23988539633455
fuerza|global,97,comp_10,-432.0162644825519
fuerza|global,97,comp_11,-0.03326429683772602
fuerza|global,99,comp_0,-3.188660137230777
fuerza|global,99,comp_1,-0.6798649498076828
fuerza|global,99,comp_2,1699.718763821919
fuerza|global,99,comp_3,0.8811324421262346
fuerza|global,99,comp_4,-9.060219947929152
fuerza|global,99,comp_5,-0.0007673618288427359
fuerza|global,99,comp_6,3.188660137230777
fuerza|global,99,comp_7,0.6798649498076828
fuerza|global,99,comp_8,-1699.718763821919
fuerza|global,99,comp_9,1.811132759112189
fuerza|global,99,comp_10,-3.566874195504724
fuerza|global,99,comp_11,0.0007673618288427359
fuerza|global,102,comp_0,-14.076137422986367
fuerza|global,102,comp_1,3.9353159547195298
fuerza|global,102,comp_2,832.5991734897458
fuerza|global,102,comp_3,-7.8892333333909725
fuerza|global,102,comp_4,-13.884727331187582
fuerza|global,102,comp_5,-0.034496394010911195
fuerza|global,102,comp_6,14.076137422986367
fuerza|global,102,comp_7,-3.9353159547195298
fuerza|global,102,comp_8,-832.5991734897458
fuerza|global,102,comp_9,-7.694617847298364
fuerza|global,102,comp_10,-41.85677686383843
fuerza|global,102,comp_11,0.034496394010911195
fuerza|global,104,comp_0,-154.16241293138074
fuerza|global,104,comp_1,9.452289243440376
fuerza|global,104,comp_2,323.39437896259955
fuerza|global,104,comp_3,-16.15109160393635
fuerza|global,104,comp_4,-255.27104589900938
fuerza|global,104,comp_5,0.03326429683772602
fuerza|global,104,comp_6,154.16241293138074
fuerza|global,104,comp_7,-9.452289243440376
fuerza|global,104,comp_8,-323.39437896259955
fuerza|global,104,comp_9,-21.27997380008753
fuerza|global,104,comp_10,-355.2121093092583
fuerza|global,104,comp_11,-0.03326429683772602
fuerza|global,106,comp_0,3.127520676247276
fuerza|global,106,comp_1,0.8843872055213989
fuerza|global,106,comp_2,999.6984113747941
fuerza|global,106,comp_3,-1.1836804029081531
fuerza|global,106,comp_4,-0.726540476980789
fuerza|global,106,comp_5,-0.0007673618288427359
fuerza|global,106,comp_6,-3.127520676247276
fuerza|global,106,comp_7,-0.8843872055213989
fuerza|global,106,comp_8,-999.6984113747941
fuerza|global,106,comp_9,-2.3184929309565865
fuerza|global,106,comp_10,13.111522354920002
fuerza|global,106,comp_11,0.0007673618288427359
fuerza|global,109,comp_0,-25.73903580826368
fuerza|global,109,comp_1,-1.6590946834176352
fuerza|global,109,comp_2,756.3327767506074
fuerza|global,109,comp_3,3.162797125026217
fuerza|global,109,comp_4,-32.356172937237396
fuerza|global,109,comp_5,-0.034496394010911195
fuerza|global,109,comp_6,25.73903580826368
fuerza|global,109,comp_7,1.6590946834176352
fuerza|global,109,comp_8,-756.3327767506074
fuerza|global,109,comp_9,3.4072178213076185
fuerza|global,109,comp_10,-69.57040886348676
fuerza|global,109,comp_11,0.034496394010911195
fuerza|global,111,comp_0,149.74199237941124
fuerza|global,111,comp_1,-8.774812014844581
fuerza|global,111,comp_2,583.78921177676
fuerza|global,111,comp_3,11.443375303874447
fuerza|global,111,comp_4,132.97462215472316
fuerza|global,111,comp_5,0.03326429683772602
fuerza|global,111,comp_6,-149.74199237941124
fuerza|global,111,comp_7,8.774812014844581
fuerza|global,111,comp_8,-583.78921177676
fuerza|global,111,comp_9,23.304880274910094
fuerza|global,111,comp_10,460.0036676677453
fuerza|global,111,comp_11,-0.03326429683772602
fuerza|global,113,comp_0,0.5796438824879303
fuerza|global,113,comp_1,-1.826690652074843
fuerza|global,113,comp_2,956.856068423456
fuerza|global,113,comp_3,2.3970093370080243
fuerza|global,113,comp_4,-4.083061538461209
fuerza|global,113,comp_5,-0.0007673618288427359
fuerza|global,113,comp_6,-0.5796438824879303
fuerza|global,113,comp_7,1.826690652074843
fuerza|global,113,comp_8,-956.856068423456
fuerza|global,113,comp_9,4.836685645208353
fuerza|global,113,comp_10,6.378451313113413
fuerza|global,113,comp_11,0.0007673618288427359
fuerza|global,116,comp_0,-32.90428219516299
fuerza|global,116,comp_1,-0.19841308029664406
fuerza|global,116,comp_2,1104.0905451990361
fuerza|global,116,comp_3,-0.7011917203095097
fuerza|global,116,comp_4,-41.832664301606094
fuerza|global,116,comp_5,-0.034496394010911195
fuerza|global,116,comp_6,32.90428219516299
fuerza|global,116,comp_7,0.19841308029664406
fuerza|global,116,comp_8,-1104.0905451990361
fuerza|global,116,comp_9,1.4869075182842202
fuerza|global,116,comp_10,-88.46829319123934
fuerza|global,116,comp_11,0.034496394010911195
fuerza|global,118,comp_0,190.7838961912522
fuerza|global,118,comp_1,-0.8676169995512577
fuerza|global,118,comp_2,828.9251423415441
fuerza|global,118,comp_3,1.01366729678357
fuerza|global,118,comp_4,177.97483063942366
fuerza|global,118,comp_5,0.03326429683772602
fuerza|global,118,comp_6,-190.7838961912522
fuerza|global,118,comp_7,0.8676169995512577
fuerza|global,118,comp_8,-828.9251423415441
fuerza|global,118,comp_9,2.42209602143941
fuerza|global,118,comp_10,577.529398277935
fuerza|global,118,comp_11,-0.03326429683772602
fuerza|global,120,comp_0,0.6632598296164031
fuerza|global,120,comp_1,-0.36010797842634407
fuerza|global,120,comp_2,1453.1882373031879
fuerza|global,120,comp_3,0.4611202077920063
fuerza|global,120,comp_4,-3.9756855916908744
fuerza|global,120,comp_5,-0.0007673618288427359
fuerza|global,120,comp_6,-0.6632598296164031
fuerza|global,120,comp_7,0.36010797842634407
fuerza|global,120,comp_8,-1453.1882373031879
fuerza|global,120,comp_9,0.9649073867763163
fuerza|global,120,comp_10,6.602194516971831
fuerza|global,120,comp_11,0.0007673618288427359
fuerza|global,123,comp_0,-16.57629001729419
fuerza|global,123,comp_1,-3.5443368995346476
fuerza|global,123,comp_2,843.1723678984795
fuerza|global,123,comp_3,10.430776587599828
fuerza|global,123,comp_4,-3.1163423472194864
fuerza|global,123,comp_5,-0.034496394010911195
fuerza|global,123,comp_6,16.57629001729419
fuerza|global,123,comp_7,3.5443368995346476
fuerza|global,123,comp_8,-843.1723678984795
fuerza|global,123,comp_9,3.6047975345573757
fuerza|global,123,comp_10,-62.52576612126551
fuerza|global,123,comp_11,0.034496394010911195
fuerza|global,125,comp_0,165.45908674261338
fuerza|global,125,comp_1,9.014498615624442
fuerza|global,125,comp_2,648.0320754634789
fuerza|global,125,comp_3,-14.32945474036936
fuerza|global,125,comp_4,149.26054583772208
fuerza|global,125,comp_5,0.03326429683772602
fuerza|global,125,comp_6,-165.45908674261338
fuerza|global,125,comp_7,-9.014498615624442
fuerza|global,125,comp_8,-648.0320754634789
fuerza|global,125,comp_9,-21.367959777503422
fuerza|global,125,comp_10,505.9574376630268
fuerza|global,125,comp_11,-0.03326429683772602
fuerza|global,127,comp_0,13.785540682652144
fuerza|global,127,comp_1,-5.447493483362082
fuerza|global,127,comp_2,1170.1481009916884
fuerza|global,127,comp_3,7.17646907430718
fuerza|global,127,comp_4,13.342045931473633
fuerza|global,127,comp_5,-0.0007673618288427359
fuerza|global,127,comp_6,-13.785540682652144
fuerza|global,127,comp_7,5.447493483362082
fuerza|global,127,comp_8,-1170.1481009916884
fuerza|global,127,comp_9,14.395605119806662
fuerza|global,127,comp_10,41.24869517182885
fuerza|global,127,comp_11,0.0007673618288427359
fuerza|global,130,comp_0,-0.14741255145464086
fuerza|global,130,comp_1,0.021234560824980857
fuerza|global,130,comp_2,0.0
fuerza|global,130,comp_3,-0.16817772173384907
fuerza|global,130,comp_4,-1.1675074075207563
fuerza|global,130,comp_5,-0.0037075935458448146
fuerza|global,130,comp_6,0.14741255145464086
fuerza|global,130,comp_7,-0.021234560824980857
fuerza|global,130,comp_8,0.0
fuerza|global,130,comp_9,6.800116025829084e-16
fuerza|global,130,comp_10,7.771561172376096e-16
fuerza|global,130,comp_11,0.0037075935458448146
fuerza|global,133,comp_0,-0.16443987459058595
fuerza|global,133,comp_1,0.013702864471424998
fuerza|global,133,comp_2,0.0
fuerza|global,133,comp_3,-0.16279002992052938
fuerza|global,133,comp_4,-1.9535457101361646
fuerza|global,133,comp_5,-0.00014014731962163615
fuerza|global,133,comp_6,0.16443987459058595
fuerza|global,133,comp_7,-0.013702864471424998
fuerza|global,133,comp_8,0.0
fuerza|global,133,comp_9,4.163336342344337e-16
fuerza|global,133,comp_10,3.552713678800501e-15
fuerza|global,133,comp_11,0.00014014731962163615
fuerza|global,136,comp_0,-0.16440979285149734
fuerza|global,136,comp_1,0.013702830170696253
fuerza|global,136,comp_2,0.0
fuerza|global,136,comp_3,-0.16278962242787207
fuerza|global,136,comp_4,-1.9531883390757954
fuerza|global,136,comp_5,-0.00014014731962163615
fuerza|global,136,comp_6,0.16440979285149734
fuerza|global,136,comp_7,-0.013702830170696253
fuerza|global,136,comp_8,0.0
fuerza|global,136,comp_9,5.689893001203927e-16
fuerza|global,136,comp_10,7.105427357601002e-15
fuerza|global,136,comp_11,0.00014014731962163615
fuerza|global,139,comp_0,-0.16438478762026001
fuerza|global,139,comp_1,0.013702898772153724
fuerza|global,139,comp_2,0.0
fuerza|global,139,comp_3,-0.1627904374131866
fuerza|global,139,comp_4,-1.9528912769286941
fuerza|global,139,comp_5,-0.00014014731962163615
fuerza|global,139,comp_6,0.16438478762026001
fuerza|global,139,comp_7,-0.013702898772153724
fuerza|global,139,comp_8,0.0
fuerza|global,139,comp_9,3.608224830031759e-16
fuerza|global,139,comp_10,5.329070518200751e-15
fuerza|global,139,comp_11,0.00014014731962163615
fuerza|global,142,comp_0,-0.16443987459058593
fuerza|global,142,comp_1,0.013694872401633083
fuerza|global,142,comp_2,0.0
fuerza|global,142,comp_3,-0.162695084131401
fuerza|global,142,comp_4,-1.9535457101361646
fuerza|global,142,comp_5,-0.00014014731962163615
fuerza|global,142,comp_6,0.16443987459058593
fuerza|global,142,comp_7,-0.013694872401633083
fuerza|global,142,comp_8,0.0
fuerza|global,142,comp_9,-2.7755575615628914e-17
fuerza|global,142,comp_10,3.9968028886505635e-15
fuerza|global,142,comp_11,0.00014014731962163615
fuerza|global,145,comp_0,-0.16440979285149757
fuerza|global,145,comp_1,0.013694803800175593
fuerza|global,145,comp_2,0.0
fuerza|global,145,comp_3,-0.1626942691460864
fuerza|global,145,comp_4,-1.9531883390757963
fuerza|global,145,comp_5,-0.00014014731962163615
fuerza|global,145,comp_6,0.16440979285149757
fuerza|global,145,comp_7,-0.013694803800175593
fuerza|global,145,comp_8,0.0
fuerza|global,145,comp_9,3.7470027081099033e-16
fuerza|global,145,comp_10,5.329070518200751e-15
fuerza|global,145,comp_11,0.00014014731962163615
fuerza|global,148,comp_0,-0.16438478762025993
fuerza|global,148,comp_1,0.013694117785601246
fuerza|global,148,comp_2,0.0
fuerza|global,148,comp_3,-0.16268611929294258
fuerza|global,148,comp_4,-1.952891276928694
fuerza|global,148,comp_5,-0.00014014731962163615
fuerza|global,148,comp_6,0.16438478762025993
fuerza|global,148,comp_7,-0.013694117785601246
fuerza|global,148,comp_8,0.0
fuerza|global,148,comp_9,-2.0816681711721685e-16
fuerza|global,148,comp_10,5.995204332975845e-15
fuerza|global,148,comp_11,0.00014014731962163615
fuerza|global,151,comp_0,-0.16437905939856384
fuerza|global,151,comp_1,0.013791943463913171
fuerza|global,151,comp_2,0.0
fuerza|global,151,comp_3,-0.16384828835128884
fuerza|global,151,comp_4,-1.9528232256549418
fuerza|global,151,comp_5,-0.00014014731962163615
fuerza|global,151,comp_6,0.16437905939856384
fuerza|global,151,comp_7,-0.013791943463913171
fuerza|global,151,comp_8,0.0
fuerza|global,151,comp_9,4.0245584642661925e-16
fuerza|global,151,comp_10,3.552713678800501e-15
fuerza|global,151,comp_11,0.00014014731962163615
fuerza|global,154,comp_0,-0.16437875069200614
fuerza|global,154,comp_1,0.013757574133734908
fuerza|global,154,comp_2,0.0
fuerza|global,154,comp_3,-0.16343998070877047
fuerza|global,154,comp_4,-1.9528195582210301
fuerza|global,154,comp_5,-0.00014014731962163615
fuerza|global,154,comp_6,0.16437875069200614
fuerza|global,154,comp_7,-0.013757574133734908
fuerza|global,154,comp_8,0.0
fuerza|global,154,comp_9,-2.3592239273284576e-16
fuerza|global,154,comp_10,-2.6645352591003757e-15
fuerza|global,154,comp_11,0.00014014731962163615
fuerza|global,157,comp_0,-0.16444381917438855
fuerza|global,157,comp_1,0.013697959467217927
fuerza|global,157,comp_2,0.0
fuerza|global,157,comp_3,-0.16273175847054921
fuerza|global,157,comp_4,-1.953592571791742
fuerza|global,157,comp_5,-0.00014014731962163615
fuerza|global,157,comp_6,0.16444381917438855
fuerza|global,157,comp_7,-0.013697959467217927
fuerza|global,157,comp_8,0.0
fuerza|global,157,comp_9,2.498001805406602e-16
fuerza|global,157,comp_10,6.217248937900877e-15
fuerza|global,157,comp_11,0.00014014731962163615
fuerza|global,160,comp_0,-0.16441329152582662
fuerza|global,160,comp_1,0.013697582159201898
fuerza|global,160,comp_2,0.0
fuerza|global,160,comp_3,-0.1627272760513196
fuerza|global,160,comp_4,-1.953229903326829
fuerza|global,160,comp_5,-0.00014014731962163615
fuerza|global,160,comp_6,0.16441329152582662
fuerza|global,160,comp_7,-0.013697582159201898
fuerza|global,160,comp_8,0.0
fuerza|global,160,comp_9,1.0547118733938987e-15
fuerza|global,160,comp_10,8.881784197001252e-15
fuerza|global,160,comp_11,0.00014014731962163615
fuerza|global,163,comp_0,-0.16438856070042016
fuerza|global,163,comp_1,0.013697822264303
fuerza|global,163,comp_2,0.0
fuerza|global,163,comp_3,-0.16273012849992022
fuerza|global,163,comp_4,-1.9529361011209898
fuerza|global,163,comp_5,-0.00014014731962163615
fuerza|global,163,comp_6,0.16438856070042016
fuerza|global,163,comp_7,-0.013697822264303
fuerza|global,163,comp_8,0.0
fuerza|global,163,comp_9,5.967448757360216e-16
fuerza|global,163,comp_10,-1.5543122344752192e-15
fuerza|global,163,comp_11,0.00014014731962163615
fuerza|global,166,comp_0,-0.16444381917438894
fuerza|global,166,comp_1,0.01368835526317607
fuerza|global,166,comp_2,0.0
fuerza|global,166,comp_3,-0.162617660526532
fuerza|global,166,comp_4,-1.9535925717917437
fuerza|global,166,comp_5,-0.00014014731962163615
fuerza|global,166,comp_6,0.16444381917438894
fuerza|global,166,comp_7,-0.01368835526317607
fuerza|global,166,comp_8,0.0
fuerza|global,166,comp_9,3.0531133177191805e-16
fuerza|global,166,comp_10,3.1086244689504383e-15
fuerza|global,166,comp_11,0.00014014731962163615
fuerza|global,169,comp_0,-0.16441222820323728
fuerza|global,169,comp_1,0.013687532045686674
fuerza|global,169,comp_2,0.0
fuerza|global,169,comp_3,-0.16260788070275872
fuerza|global,169,comp_4,-1.9532172710544595
fuerza|global,169,comp_5,-0.00014014731962163615
fuerza|global,169,comp_6,0.16441222820323728
fuerza|global,169,comp_7,-0.013687532045686674
fuerza|global,169,comp_8,0.0
fuerza|global,169,comp_9,1.0408340855860843e-15
fuerza|global,169,comp_10,8.881784197001252e-16
fuerza|global,169,comp_11,0.00014014731962163615
fuerza|global,172,comp_0,-0.16438739447564354
fuerza|global,172,comp_1,0.013687909353702727
fuerza|global,172,comp_2,0.0
fuerza|global,172,comp_3,-0.16261236312198846
fuerza|global,172,comp_4,-1.9529222463706446
fuerza|global,172,comp_5,-0.00014014731962163615
fuerza|global,172,comp_6,0.16438739447564354
fuerza|global,172,comp_7,-0.013687909353702727
fuerza|global,172,comp_8,0.0
fuerza|global,172,comp_9,8.326672684688674e-17
fuerza|global,172,comp_10,-4.440892098500626e-16
fuerza|global,172,comp_11,0.00014014731962163615
fuerza|global,175,comp_0,-0.16437069002075486
fuerza|global,175,comp_1,0.013791531855168486
fuerza|global,175,comp_2,0.0
fuerza|global,175,comp_3,-0.16384339843940227
fuerza|global,175,comp_4,-1.9527237974465796
fuerza|global,175,comp_5,-0.00014014731962163615
fuerza|global,175,comp_6,0.16437069002075486
fuerza|global,175,comp_7,-0.013791531855168486
fuerza|global,175,comp_8,0.0
fuerza|global,175,comp_9,6.522560269672795e-16
fuerza|global,175,comp_10,1.2212453270876722e-14
fuerza|global,175,comp_11,0.00014014731962163615
fuerza|global,178,comp_0,-0.16437089582512876
fuerza|global,178,comp_1,0.013757196825718824
fuerza|global,178,comp_2,0.0
fuerza|global,178,comp_3,-0.16343549828954063
fuerza|global,178,comp_4,-1.9527262424025293
fuerza|global,178,comp_5,-0.00014014731962163615
fuerza|global,178,comp_6,0.16437089582512876
fuerza|global,178,comp_7,-0.013757196825718824
fuerza|global,178,comp_8,0.0
fuerza|global,178,comp_9,9.992007221626409e-16
fuerza|global,178,comp_10,-2.220446049250313e-16
fuerza|global,178,comp_11,0.00014014731962163615
fuerza|global,181,comp_0,-6.047284180817804
fuerza|global,181,comp_1,-18.44511049647974
fuerza|global,181,comp_2,93.07762178786322
fuerza|global,181,comp_3,104.85566973396067
fuerza|global,181,comp_4,-48.80624920804755
fuerza|global,181,comp_5,-7.882477676992771
fuerza|global,181,comp_6,6.047284180817804
fuerza|global,181,comp_7,18.44511049647974
fuerza|global,181,comp_8,-93.07762178786322
fuerza|global,181,comp_9,187.3148805302784
fuerza|global,181,comp_10,-46.98273221610645
fuerza|global,181,comp_11,7.882477676992771
fuerza|global,184,comp_0,-1.3287841807990006
fuerza|global,184,comp_1,-27.032718822411958
fuerza|global,184,comp_2,234.8171517152958
fuerza|global,184,comp_3,160.8143732463882
fuerza|global,184,comp_4,-23.89256920794827
fuerza|global,184,comp_5,-7.882477676992771
fuerza|global,184,comp_6,1.3287841807990006
fuerza|global,184,comp_7,27.032718822411958
fuerza|global,184,comp_8,-234.8171517152958
fuerza|global,184,comp_9,267.3838929006172
fuerza|global,184,comp_10,2.8446277840921006
fuerza|global,184,comp_11,7.882477676992771
fuerza|global,187,comp_0,-3.2124694648882914
fuerza|global,187,comp_1,-35.70240658572091
fuerza|global,187,comp_2,205.00674080002764
fuerza|global,187,comp_3,227.8225877396703
fuerza|global,187,comp_4,-33.83842750793973
fuerza|global,187,comp_5,-7.882477676992771
fuerza|global,187,comp_6,3.2124694648882914
fuerza|global,187,comp_7,35.70240658572091
fuerza|global,187,comp_8,-205.00674080002764
fuerza|global,187,comp_9,337.7035325781489
fuerza|global,187,comp_10,-17.04708881589081
fuerza|global,187,comp_11,7.882477676992771
fuerza|global,190,comp_0,-7.278828981231361
fuerza|global,190,comp_1,-33.19337046815382
fuerza|global,190,comp_2,196.36656959282212
fuerza|global,190,comp_3,203.95874548741068
fuerza|global,190,comp_4,-55.30880575423113
fuerza|global,190,comp_5,-7.882477676992771
fuerza|global,190,comp_6,7.278828981231361
fuerza|global,190,comp_7,33.19337046815382
fuerza|global,190,comp_8,-196.36656959282212
fuerza|global,190,comp_9,321.8242427281459
fuerza|global,190,comp_10,-59.987845308473624
fuerza|global,190,comp_11,7.882477676992771
fuerza|global,193,comp_0,-12.40770755098408
fuerza|global,193,comp_1,-34.979447720136754
fuerza|global,193,comp_2,33.96668061255114
fuerza|global,193,comp_3,234.62149648089135
fuerza|global,193,comp_4,-82.38928460252549
fuerza|global,193,comp_5,-7.882477676992771
fuerza|global,193,comp_6,12.40770755098408
fuerza|global,193,comp_7,34.979447720136754
fuerza|global,193,comp_8,-33.96668061255114
fuerza|global,193,comp_9,319.45295540607475
fuerza|global,193,comp_10,-114.14880300506232
fuerza|global,193,comp_11,7.882477676992771
fuerza|global,196,comp_0,9.729111915182504
fuerza|global,196,comp_1,-34.35927330333471
fuerza|global,196,comp_2,249.04403880162087
fuerza|global,196,comp_3,236.6550413359293
fuerza|global,196,comp_4,34.49312217883407
fuerza|global,196,comp_5,-7.882477676992771
fuerza|global,196,comp_6,-9.729111915182504
fuerza|global,196,comp_7,34.35927330333471
fuerza|global,196,comp_8,-249.04403880162087
fuerza|global,196,comp_9,307.5958477888925
fuerza|global,196,comp_10,119.61601055765678
fuerza|global,196,comp_11,7.882477676992771
fuerza|global,199,comp_0,-4.782664434699503
fuerza|global,199,comp_1,43.91784010687033
fuerza|global,199,comp_2,561.5808768805304
fuerza|global,199,comp_3,-224.42070945172767
fuerza|global,199,comp_4,-32.6806998677031
fuerza|global,199,comp_5,-7.882477676992771
fuerza|global,199,comp_6,4.782664434699503
fuerza|global,199,comp_7,-43.91784010687033
fuerza|global,199,comp_8,-561.5808768805304
fuerza|global,199,comp_9,-471.2378778410983
fuerza|global,199,comp_10,-43.07670477793702
fuerza|global,199,comp_11,7.882477676992771
fuerza|global,202,comp_0,14.981662770160678
fuerza|global,202,comp_1,56.59017536285565
fuerza|global,202,comp_2,1248.875277998406
fuerza|global,202,comp_3,-280.7145080518248
fuerza|global,202,comp_4,71.67494777395866
fuerza|global,202,comp_5,-7.882477676992771
fuerza|global,202,comp_6,-14.981662770160678
fuerza|global,202,comp_7,-56.59017536285565
fuerza|global,202,comp_8,-1248.875277998406
fuerza|global,202,comp_9,-615.6738696958088
fuerza|global,202,comp_10,165.63459050538648
fuerza|global,202,comp_11,7.882477676992771
fuerza|global,205,comp_0,-5.105508595836445
fuerza|global,205,comp_1,62.32774051198935
fuerza|global,205,comp_2,1701.9167277147553
fuerza|global,205,comp_3,-300.39272048774524
fuerza|global,205,comp_4,-34.38531703850615
fuerza|global,205,comp_5,-7.882477676992771
fuerza|global,205,comp_6,5.105508595836445
fuerza|global,205,comp_7,-62.32774051198935
fuerza|global,205,comp_8,-1701.9167277147553
fuerza|global,205,comp_9,-686.8786892221659
fuerza|global,205,comp_10,-46.48593911954313
fuerza|global,205,comp_11,7.882477676992771
fuerza|global,208,comp_0,-0.5162364620871753
fuerza|global,208,comp_1,55.907860764945994
fuerza|global,208,comp_2,1653.1157183043456
fuerza|global,208,comp_3,-255.87962387185095
fuerza|global,208,comp_4,-10.15396017231001
fuerza|global,208,comp_5,-7.882477676992771
fuerza|global,208,comp_6,0.5162364620871753
fuerza|global,208,comp_7,-55.907860764945994
fuerza|global,208,comp_8,-1653.1157183043456
fuerza|global,208,comp_9,-629.7008906448935
fuerza|global,208,comp_10,1.9767746128491526
fuerza|global,208,comp_11,7.882477676992771
fuerza|global,211,comp_0,-23.070528623578877
fuerza|global,211,comp_1,41.7165802580583
fuerza|global,211,comp_2,811.9484765292059
fuerza|global,211,comp_3,-170.3335312439785
fuerza|global,211,comp_4,-129.2406227849862
fuerza|global,211,comp_5,-7.882477676992771
fuerza|global,211,comp_6,23.070528623578877
fuerza|global,211,comp_7,-41.7165802580583
fuerza|global,211,comp_8,-811.9484765292059
fuerza|global,211,comp_9,-490.457100043665
fuerza|global,211,comp_10,-236.19655061250322
fuerza|global,211,comp_11,7.882477676992771
fuerza|global,214,comp_0,40.634751604520766
fuerza|global,214,comp_1,38.09987478494445
fuerza|global,214,comp_2,1731.7976443388375
fuerza|global,214,comp_3,-145.92926057018465
fuerza|global,214,comp_4,207.12325681937992
fuerza|global,214,comp_5,-7.882477676992771
fuerza|global,214,comp_6,-40.634751604520766
fuerza|global,214,comp_7,-38.09987478494445
fuerza|global,214,comp_8,-1731.7976443388375
fuerza|global,214,comp_9,-457.5727560233354
fuerza|global,214,comp_10,436.531208596229
fuerza|global,214,comp_11,7.882477676992771
fuerza|global,217,comp_0,0.025422700980261982
fuerza|global,217,comp_1,-0.706958931112466
fuerza|global,217,comp_2,0.0
fuerza|global,217,comp_3,11.198229468821463
fuerza|global,217,comp_4,0.40269558352748436
fuerza|global,217,comp_5,-7.882477676992771
fuerza|global,217,comp_6,-0.025422700980261982
fuerza|global,217,comp_7,0.706958931112466
fuerza|global,217,comp_8,0.0
fuerza|global,217,comp_9,-1.7763568394002505e-15
fuerza|global,217,comp_10,-1.3455903058456897e-13
fuerza|global,217,comp_11,7.882477676992771
fuerza|global,220,comp_0,0.02542270098026186
fuerza|global,220,comp_1,-1.7122744189444221
fuerza|global,220,comp_2,0.0
fuerza|global,220,comp_3,27.12242679607961
fuerza|global,220,comp_4,0.4026955835274837
fuerza|global,220,comp_5,-7.882477676992771
fuerza|global,220,comp_6,-0.02542270098026186
fuerza|global,220,comp_7,1.7122744189444221
fuerza|global,220,comp_8,0.0
fuerza|global,220,comp_9,3.552713678800501e-14
fuerza|global,220,comp_10,-1.358357870628879e-13
fuerza|global,220,comp_11,7.882477676992771
fuerza|global,223,comp_0,0.025422700980261368
fuerza|global,223,comp_1,-2.7175899067763716
fuerza|global,223,comp_2,0.0
fuerza|global,223,comp_3,43.04662412333772
fuerza|global,223,comp_4,0.4026955835274811
fuerza|global,223,comp_5,-7.882477676992771
fuerza|global,223,comp_6,-0.025422700980261368
fuerza|global,223,comp_7,2.7175899067763716
fuerza|global,223,comp_8,0.0
fuerza|global,223,comp_9,3.552713678800501e-15
fuerza|global,223,comp_10,-1.4105383527862614e-13
fuerza|global,223,comp_11,7.882477676992771
fuerza|global,226,comp_0,0.02542270098026172
fuerza|global,226,comp_1,-3.7229053946083246
fuerza|global,226,comp_2,0.0
fuerza|global,226,comp_3,58.97082145059585
fuerza|global,226,comp_4,0.4026955835274829
fuerza|global,226,comp_5,-7.882477676992771
fuerza|global,226,comp_6,-0.02542270098026172
fuerza|global,226,comp_7,3.7229053946083246
fuerza|global,226,comp_8,0.0
fuerza|global,226,comp_9,7.105427357601002e-15
fuerza|global,226,comp_10,-1.3733458814613186e-13
fuerza|global,226,comp_11,7.882477676992771
fuerza|global,229,comp_0,0.02542270098026226
fuerza|global,229,comp_1,-4.728220882440277
fuerza|global,229,comp_2,0.0
fuerza|global,229,comp_3,74.89501877785398
fuerza|global,229,comp_4,0.4026955835274858
fuerza|global,229,comp_5,-7.882477676992771
fuerza|global,229,comp_6,-0.02542270098026226
fuerza|global,229,comp_7,4.728220882440277
fuerza|global,229,comp_8,0.0
fuerza|global,229,comp_9,7.105427357601002e-15
fuerza|global,229,comp_10,-1.316169395693123e-13
fuerza|global,229,comp_11,7.882477676992771
fuerza|global,232,comp_0,0.025422700980261767
fuerza|global,232,comp_1,-5.230878626356244
fuerza|global,232,comp_2,0.0
fuerza|global,232,comp_3,82.85711744148298
fuerza|global,232,comp_4,0.4026955835274832
fuerza|global,232,comp_5,-7.882477676992771
fuerza|global,232,comp_6,-0.025422700980261767
fuerza|global,232,comp_7,5.230878626356244
fuerza|global,232,comp_8,0.0
fuerza|global,232,comp_9,-8.526512829121202e-14
fuerza|global,232,comp_10,-1.3683498778505054e-13
fuerza|global,232,comp_11,7.882477676992771
fuerza|global,235,comp_0,-0.33585330831750787
fuerza|global,235,comp_1,-1.2094595556345134
fuerza|global,235,comp_2,0.0
fuerza|global,235,comp_3,19.157839361250687
fuerza|global,235,comp_4,-5.319916403749296
fuerza|global,235,comp_5,-1.6575105325302841
fuerza|global,235,comp_6,0.33585330831750787
fuerza|global,235,comp_7,1.2094595556345134
fuerza|global,235,comp_8,0.0
fuerza|global,235,comp_9,3.552713678800501e-15
fuerza|global,235,comp_10,-2.886579864025407e-14
fuerza|global,235,comp_11,1.6575105325302841
fuerza|global,238,comp_0,-0.19665716285370025
fuerza|global,238,comp_1,-1.2733528683064237
fuerza|global,238,comp_2,0.0
fuerza|global,238,comp_3,20.169909433973764
fuerza|global,238,comp_4,-3.1150494596025777
fuerza|global,238,comp_5,-1.6575105325302841
fuerza|global,238,comp_6,0.19665716285370025
fuerza|global,238,comp_7,1.2733528683064237
fuerza|global,238,comp_8,0.0
fuerza|global,238,comp_9,-1.5987211554602254e-14
fuerza|global,238,comp_10,-3.375077994860476e-14
fuerza|global,238,comp_11,1.6575105325302841
fuerza|global,241,comp_0,-0.18159659629532052
fuerza|global,241,comp_1,-1.3463737970743226
fuerza|global,241,comp_2,0.0
fuerza|global,241,comp_3,21.326560945657288
fuerza|global,241,comp_4,-2.8764900853178483
fuerza|global,241,comp_5,-1.6575105325302841
fuerza|global,241,comp_6,0.18159659629532052
fuerza|global,241,comp_7,1.3463737970743226
fuerza|global,241,comp_8,0.0
fuerza|global,241,comp_9,-2.1316282072803006e-14
fuerza|global,241,comp_10,-2.842170943040401e-14
fuerza|global,241,comp_11,1.6575105325302841
fuerza|global,244,comp_0,-0.019353220189143573
fuerza|global,244,comp_1,-1.3495684627079194
fuerza|global,244,comp_2,0.0
fuerza|global,244,comp_3,21.377164449293446
fuerza|global,244,comp_4,-0.30655500779601136
fuerza|global,244,comp_5,-1.6575105325302841
fuerza|global,244,comp_6,0.019353220189143573
fuerza|global,244,comp_7,1.3495684627079194
fuerza|global,244,comp_8,0.0
fuerza|global,244,comp_9,-3.552713678800501e-15
fuerza|global,244,comp_10,-2.2842838731662596e-14
fuerza|global,244,comp_11,1.6575105325302841
fuerza|global,247,comp_0,0.027882193107590852
fuerza|global,247,comp_1,-1.2724401066968272
fuerza|global,247,comp_2,0.0
fuerza|global,247,comp_3,20.155451290077732
fuerza|global,247,comp_4,0.4416539388242664
fuerza|global,247,comp_5,-1.6575105325302841
fuerza|global,247,comp_6,-0.027882193107590852
fuerza|global,247,comp_7,1.2724401066968272
fuerza|global,247,comp_8,0.0
fuerza|global,247,comp_9,1.2434497875801753e-14
fuerza|global,247,comp_10,-2.731148640577885e-14
fuerza|global,247,comp_11,1.6575105325302841
fuerza|global,250,comp_0,0.11299721320267138
fuerza|global,250,comp_1,-0.6510776409624823
fuerza|global,250,comp_2,0.0
fuerza|global,250,comp_3,10.313069832845724
fuerza|global,250,comp_4,1.7898758571303641
fuerza|global,250,comp_5,-1.6575105325302841
fuerza|global,250,comp_6,-0.11299721320267138
fuerza|global,250,comp_7,0.6510776409624823
fuerza|global,250,comp_8,0.0
fuerza|global,250,comp_9,-4.440892098500626e-15
fuerza|global,250,comp_10,-4.951594689828198e-14
fuerza|global,250,comp_11,1.6575105325302841
fuerza|global,253,comp_0,0.1129972132026713
fuerza|global,253,comp_1,-0.8804089953741648
fuerza|global,253,comp_2,0.0
fuerza|global,253,comp_3,13.945678486726788
fuerza|global,253,comp_4,1.7898758571303637
fuerza|global,253,comp_5,-1.6575105325302841
fuerza|global,253,comp_6,-0.1129972132026713
fuerza|global,253,comp_7,0.8804089953741648
fuerza|global,253,comp_8,0.0
fuerza|global,253,comp_9,-1.7763568394002505e-14
fuerza|global,253,comp_10,-5.040412531798211e-14
fuerza|global,253,comp_11,1.6575105325302841
fuerza|global,256,comp_0,-0.3867397680526375
fuerza|global,256,comp_1,-1.3488838915007204
fuerza|global,256,comp_2,0.0
fuerza|global,256,comp_3,21.366320841371415
fuerza|global,256,comp_4,-6.125957925953751
fuerza|global,256,comp_5,-1.6575105325302841
fuerza|global,256,comp_6,0.3867397680526375
fuerza|global,256,comp_7,1.3488838915007204
fuerza|global,256,comp_8,0.0
fuerza|global,256,comp_9,-5.329070518200751e-15
fuerza|global,256,comp_10,-2.6645352591003757e-14
fuerza|global,256,comp_11,1.6575105325302841
fuerza|global,386,comp_0,0.0
fuerza|global,386,comp_1,0.0
fuerza|global,386,comp_2,-65.19476380254152
fuerza|global,386,comp_3,-2.030734666187616e-18
fuerza|global,386,comp_4,5.684341882847137e-14
fuerza|global,386,comp_5,0.0
fuerza|global,386,comp_6,0.0
fuerza|global,386,comp_7,0.0
fuerza|global,386,comp_8,65.19476380254152
fuerza|global,386,comp_9,-0.030345782941398756
fuerza|global,386,comp_10,638.92350200977
fuerza|global,386,comp_11,0.0
fuerza|global,389,comp_0,0.0
fuerza|global,389,comp_1,0.0
fuerza|global,389,comp_2,-1.837698187505192
fuerza|global,389,comp_3,6.855972389520882e-19
fuerza|global,389,comp_4,1.3877631710463066e-16
fuerza|global,389,comp_5,0.0
fuerza|global,389,comp_6,0.0
fuerza|global,389,comp_7,0.0
fuerza|global,389,comp_8,1.837698187505192
fuerza|global,389,comp_9,0.000982316757202133
fuerza|global,389,comp_10,0.2760723798448929
fuerza|global,389,comp_11,0.0
fuerza|global,391,comp_0,0.0
fuerza|global,391,comp_1,0.0
fuerza|global,391,comp_2,118.13616015337794
fuerza|global,391,comp_3,0.06314808957161812
fuerza|global,391,comp_4,-1139.9870968002042
fuerza|global,391,comp_5,0.0
fuerza|global,391,comp_6,0.0
fuerza|global,391,comp_7,0.0
fuerza|global,391,comp_8,-118.13616015337794
fuerza|global,391,comp_9,-2.0876443031878464e-18
fuerza|global,391,comp_10,4.54747351468509e-13
fuerza|global,391,comp_11,0.0
fuerza|global,393,comp_0,0.0
fuerza|global,393,comp_1,0.0
fuerza|global,393,comp_2,-190.77250752539157
fuerza|global,393,comp_3,2.122111329129388e-17
fuerza|global,393,comp_4,4.547473524072722e-13
fuerza|global,393,comp_5,0.0
fuerza|global,393,comp_6,0.0
fuerza|global,393,comp_7,0.0
fuerza|global,393,comp_8,190.77250752539157
fuerza|global,393,comp_9,-0.08879763905697652
fuerza|global,393,comp_10,1869.6139304144042
fuerza|global,393,comp_11,0.0
fuerza|global,395,comp_0,0.0
fuerza|global,395,comp_1,0.0
fuerza|global,395,comp_2,225.8094357106725
fuerza|global,395,comp_3,-0.1051060502794252
fuerza|global,395,comp_4,-2619.338134772706
fuerza|global,395,comp_5,0.0
fuerza|global,395,comp_6,0.0
fuerza|global,395,comp_7,0.0
fuerza|global,395,comp_8,-225.8094357106725
fuerza|global,395,comp_9,-1.3486546128882709e-17
fuerza|global,395,comp_10,2.273736761674614e-13
fuerza|global,395,comp_11,0.0
fuerza|global,398,comp_0,9.627116544675662
fuerza|global,398,comp_1,-4.736500932813782e-10
fuerza|global,398,comp_2,-0.00966490542095236
fuerza|global,398,comp_3,3.4152332992848894e-09
fuerza|global,398,comp_4,0.12121021813234344
fuerza|global,398,comp_5,-3.3986440906074632e-09
fuerza|global,398,comp_6,-9.627116544675662
fuerza|global,398,comp_7,4.736500932813782e-10
fuerza|global,398,comp_8,0.00966490542095236
fuerza|global,398,comp_9,-3.4152332992848894e-09
fuerza|global,398,comp_10,0.08561875787603707
fuerza|global,398,comp_11,-6.737467905614032e-09
fuerza|global,401,comp_0,0.0
fuerza|global,401,comp_1,0.0
fuerza|global,401,comp_2,0.0
fuerza|global,401,comp_3,0.0
fuerza|global,401,comp_4,0.0
fuerza|global,401,comp_5,0.0
fuerza|global,401,comp_6,0.0
fuerza|global,401,comp_7,0.0
fuerza|global,401,comp_8,0.0
fuerza|global,401,comp_9,0.0
fuerza|global,401,comp_10,0.0
fuerza|global,401,comp_11,0.0
fuerza|global,404,comp_0,0.0
fuerza|global,404,comp_1,0.0
fuerza|global,404,comp_2,0.0
fuerza|global,404,comp_3,0.0
fuerza|global,404,comp_4,0.0
fuerza|global,404,comp_5,0.0
fuerza|global,404,comp_6,0.0
fuerza|global,404,comp_7,0.0
fuerza|global,404,comp_8,0.0
fuerza|global,404,comp_9,0.0
fuerza|global,404,comp_10,0.0
fuerza|global,404,comp_11,0.0
fuerza|global,407,comp_0,0.0
fuerza|global,407,comp_1,0.0
fuerza|global,407,comp_2,0.0
fuerza|global,407,comp_3,0.0
fuerza|global,407,comp_4,0.0
fuerza|global,407,comp_5,0.0
fuerza|global,407,comp_6,0.0
fuerza|global,407,comp_7,0.0
fuerza|global,407,comp_8,0.0
fuerza|global,407,comp_9,0.0
fuerza|global,407,comp_10,0.0
fuerza|global,407,comp_11,0.0
fuerza|global,408,comp_0,0.0
fuerza|global,408,comp_1,5.642479808727694e-15
fuerza|global,408,comp_2,455.95192259381747
fuerza|global,408,comp_3,-8.113881561952297
fuerza|global,408,comp_4,-13.759146953518226
fuerza|global,408,comp_5,7.053099760909617e-16
fuerza|global,408,comp_6,0.0
fuerza|global,408,comp_7,-5.642479808727694e-15
fuerza|global,408,comp_8,-455.95192259381747
fuerza|global,408,comp_9,8.113881561952297
fuerza|global,408,comp_10,-100.22883369493614
fuerza|global,408,comp_11,7.053099760909617e-16
fuerza|global,409,comp_0,0.0
fuerza|global,409,comp_1,-4.248855277656396e-20
fuerza|global,409,comp_2,-0.20417615878391776
fuerza|global,409,comp_3,-0.042019563054791674
fuerza|global,409,comp_4,10.012553117160456
fuerza|global,409,comp_5,-2.124427638828198e-19
fuerza|global,409,comp_6,0.0
fuerza|global,409,comp_7,4.248855277656396e-20
fuerza|global,409,comp_8,0.20417615878391776
fuerza|global,409,comp_9,0.042019563054791674
fuerza|global,409,comp_10,-7.9707915293212785
fuerza|global,409,comp_11,-2.124427638828198e-19
fuerza|global,410,comp_0,0.0
fuerza|global,410,comp_1,-4.248855277656396e-20
fuerza|global,410,comp_2,-0.09409941940501582
fuerza|global,410,comp_3,0.015518092124408571
fuerza|global,410,comp_4,-4.243373081277201
fuerza|global,410,comp_5,-2.124427638828198e-19
fuerza|global,410,comp_6,0.0
fuerza|global,410,comp_7,4.248855277656396e-20
fuerza|global,410,comp_8,0.09409941940501582
fuerza|global,410,comp_9,-0.015518092124408571
fuerza|global,410,comp_10,5.184367275327359
fuerza|global,410,comp_11,-2.124427638828198e-19
fuerza|global,411,comp_0,0.0
fuerza|global,411,comp_1,-4.248855277656396e-20
fuerza|global,411,comp_2,-2.382153665450402
fuerza|global,411,comp_3,0.0009088231228184569
fuerza|global,411,comp_4,14.350349698450133
fuerza|global,411,comp_5,-2.124427638828198e-19
fuerza|global,411,comp_6,0.0
fuerza|global,411,comp_7,4.248855277656396e-20
fuerza|global,411,comp_8,2.382153665450402
fuerza|global,411,comp_9,-0.0009088231228184569
fuerza|global,411,comp_10,9.471186956053886
fuerza|global,411,comp_11,-2.124427638828198e-19
fuerza|global,412,comp_0,0.0
fuerza|global,412,comp_1,-4.248855277656396e-20
fuerza|global,412,comp_2,-2.4405754773211594
fuerza|global,412,comp_3,0.012129182625768491
fuerza|global,412,comp_4,11.713485911291293
fuerza|global,412,comp_5,-2.124427638828198e-19
fuerza|global,412,comp_6,0.0
fuerza|global,412,comp_7,4.248855277656396e-20
fuerza|global,412,comp_8,2.4405754773211594
fuerza|global,412,comp_9,-0.012129182625768491
fuerza|global,412,comp_10,12.692268861920299
fuerza|global,412,comp_11,-2.124427638828198e-19
fuerza|global,413,comp_0,0.0
fuerza|global,413,comp_1,1.0197252666375351e-18
fuerza|global,413,comp_2,-9.717819356388567
fuerza|global,413,comp_3,0.03991404048873782
fuerza|global,413,comp_4,21.016178633143827
fuerza|global,413,comp_5,2.5493131665938375e-18
fuerza|global,413,comp_6,0.0
fuerza|global,413,comp_7,-1.0197252666375351e-18
fuerza|global,413,comp_8,9.717819356388567
fuerza|global,413,comp_9,-0.03991404048873782
fuerza|global,413,comp_10,27.572918148799
fuerza|global,413,comp_11,2.5493131665938375e-18
fuerza|global,415,comp_0,0.0
fuerza|global,415,comp_1,-1.2833277165166154e-15
fuerza|global,415,comp_2,4.519886424217054
fuerza|global,415,comp_3,-1.318868657614679e-14
fuerza|global,415,comp_4,-1.58196024847515
fuerza|global,415,comp_5,-2.245823503904086e-16
fuerza|global,415,comp_6,0.0
fuerza|global,415,comp_7,1.2833277165166154e-15
fuerza|global,415,comp_8,-4.519886424217054
fuerza|global,415,comp_9,1.318868657614679e-14
fuerza|global,415,comp_10,-8.251177519014163e-13
fuerza|global,415,comp_11,-2.245823503904086e-16
fuerza|global,417,comp_0,-4.0092230397645023e-29
fuerza|global,417,comp_1,5.642479808727694e-15
fuerza|global,417,comp_2,-4.944446684969093
fuerza|global,417,comp_3,5.035680329136683e-15
fuerza|global,417,comp_4,-8.786749106093339e-12
fuerza|global,417,comp_5,7.053099760909617e-16
fuerza|global,417,comp_6,4.0092230397645023e-29
fuerza|global,417,comp_7,-5.642479808727694e-15
fuerza|global,417,comp_8,4.944446684969093
fuerza|global,417,comp_9,-1.3818782015031427e-14
fuerza|global,417,comp_10,1.23611167125106
fuerza|global,417,comp_11,7.053099760909617e-16
fuerza|global,418,comp_0,0.0
fuerza|global,418,comp_1,-4.248855277656396e-20
fuerza|global,418,comp_2,2.192518767360742
fuerza|global,418,comp_3,0.017706087340451142
fuerza|global,418,comp_4,-7.432397100449472
fuerza|global,418,comp_5,-2.124427638828198e-19
fuerza|global,418,comp_6,0.0
fuerza|global,418,comp_7,4.248855277656396e-20
fuerza|global,418,comp_8,-2.192518767360742
fuerza|global,418,comp_9,-0.017706087340451142
fuerza|global,418,comp_10,-14.492790573157945
fuerza|global,418,comp_11,-2.124427638828198e-19
fuerza|global,419,comp_0,0.0
fuerza|global,419,comp_1,-4.248855277656396e-20
fuerza|global,419,comp_2,0.1283605337216181
fuerza|global,419,comp_3,0.02922372361512831
fuerza|global,419,comp_4,-4.4480767424108665
fuerza|global,419,comp_5,-2.124427638828198e-19
fuerza|global,419,comp_6,0.0
fuerza|global,419,comp_7,4.248855277656396e-20
fuerza|global,419,comp_8,-0.1283605337216181
fuerza|global,419,comp_9,-0.02922372361512831
fuerza|global,419,comp_10,3.1644714051946856
fuerza|global,419,comp_11,-2.124427638828198e-19
fuerza|global,420,comp_0,0.0
fuerza|global,420,comp_1,-4.248855277656396e-20
fuerza|global,420,comp_2,-1.7638593290520603
fuerza|global,420,comp_3,0.03413998489160378
fuerza|global,420,comp_4,10.803631275026115
fuerza|global,420,comp_5,-2.124427638828198e-19
fuerza|global,420,comp_6,0.0
fuerza|global,420,comp_7,4.248855277656396e-20
fuerza|global,420,comp_8,1.7638593290520603
fuerza|global,420,comp_9,-0.03413998489160378
fuerza|global,420,comp_10,6.834962015494489
fuerza|global,420,comp_11,-2.124427638828198e-19
fuerza|global,421,comp_0,0.0
fuerza|global,421,comp_1,-4.248855277656396e-20
fuerza|global,421,comp_2,-2.732867587559308
fuerza|global,421,comp_3,-0.018017831017570863
fuerza|global,421,comp_4,12.645652322490701
fuerza|global,421,comp_5,-2.124427638828198e-19
fuerza|global,421,comp_6,0.0
fuerza|global,421,comp_7,4.248855277656396e-20
fuerza|global,421,comp_8,2.732867587559308
fuerza|global,421,comp_9,0.018017831017570863
fuerza|global,421,comp_10,14.683023553102379
fuerza|global,421,comp_11,-2.124427638828198e-19
fuerza|global,422,comp_0,0.0
fuerza|global,422,comp_1,1.0197252666375351e-18
fuerza|global,422,comp_2,-14.667794592928159
fuerza|global,422,comp_3,0.0702958778211792
fuerza|global,422,comp_4,34.09331111423371
fuerza|global,422,comp_5,2.5493131665938375e-18
fuerza|global,422,comp_6,0.0
fuerza|global,422,comp_7,-1.0197252666375351e-18
fuerza|global,422,comp_8,14.667794592928159
fuerza|global,422,comp_9,-0.0702958778211792
fuerza|global,422,comp_10,39.24566185040709
fuerza|global,422,comp_11,2.5493131665938375e-18
fuerza|global,424,comp_0,-6.513279904074818e-30
fuerza|global,424,comp_1,-1.2833277165166154e-15
fuerza|global,424,comp_2,6.9222253591385705
fuerza|global,424,comp_3,-7.050842017714479e-15
fuerza|global,424,comp_4,-2.4227788756836293
fuerza|global,424,comp_5,-2.245823503904086e-16
fuerza|global,424,comp_6,6.513279904074818e-30
fuerza|global,424,comp_7,1.2833277165166154e-15
fuerza|global,424,comp_8,-6.9222253591385705
fuerza|global,424,comp_9,-5.245500342861178e-15
fuerza|global,424,comp_10,-1.4880319199050973e-11
fuerza|global,424,comp_11,-2.245823503904086e-16
fuerza|global,425,comp_0,0.0
fuerza|global,425,comp_1,5.642479808727694e-15
fuerza|global,425,comp_2,576.0256697958248
fuerza|global,425,comp_3,2.8699506565322035
fuerza|global,425,comp_4,-17.24353446667795
fuerza|global,425,comp_5,7.053099760909617e-16
fuerza|global,425,comp_6,0.0
fuerza|global,425,comp_7,-5.642479808727694e-15
fuerza|global,425,comp_8,-576.0256697958248
fuerza|global,425,comp_9,-2.8699506565322035
fuerza|global,425,comp_10,-126.76288298227826
fuerza|global,425,comp_11,7.053099760909617e-16
fuerza|global,426,comp_0,0.0
fuerza|global,426,comp_1,-4.248855277656396e-20
fuerza|global,426,comp_2,-1.3111009319022933
fuerza|global,426,comp_3,-0.027677987316365216
fuerza|global,426,comp_4,16.20260372634904
fuerza|global,426,comp_5,-2.124427638828198e-19
fuerza|global,426,comp_6,0.0
fuerza|global,426,comp_7,4.248855277656396e-20
fuerza|global,426,comp_8,1.3111009319022933
fuerza|global,426,comp_9,0.027677987316365216
fuerza|global,426,comp_10,-3.0915944073261077
fuerza|global,426,comp_11,-2.124427638828198e-19
fuerza|global,427,comp_0,0.0
fuerza|global,427,comp_1,-4.248855277656396e-20
fuerza|global,427,comp_2,0.46559348562716024
fuerza|global,427,comp_3,-0.0034227542702499054
fuerza|global,427,comp_4,-4.363099701336376
fuerza|global,427,comp_5,-2.124427638828198e-19
fuerza|global,427,comp_6,0.0
fuerza|global,427,comp_7,4.248855277656396e-20
fuerza|global,427,comp_8,-0.46559348562716024
fuerza|global,427,comp_9,0.0034227542702499054
fuerza|global,427,comp_10,-0.2928351549352266
fuerza|global,427,comp_11,-2.124427638828198e-19
fuerza|global,428,comp_0,0.0
fuerza|global,428,comp_1,-4.248855277656396e-20
fuerza|global,428,comp_2,-2.6303445044279816
fuerza|global,428,comp_3,-0.5948254505547718
fuerza|global,428,comp_4,10.68570578743378
fuerza|global,428,comp_5,-2.124427638828198e-19
fuerza|global,428,comp_6,0.0
fuerza|global,428,comp_7,4.248855277656396e-20
fuerza|global,428,comp_8,2.6303445044279816
fuerza|global,428,comp_9,0.5948254505547718
fuerza|global,428,comp_10,15.617739256846034
fuerza|global,428,comp_11,-2.124427638828198e-19
fuerza|global,431,comp_0,1.2891341642430072e-14
fuerza|global,431,comp_1,-2.7533337551262807e-15
fuerza|global,431,comp_2,-3.198137112401966
fuerza|global,431,comp_3,-0.024942087229981168
fuerza|global,431,comp_4,21.571674075972936
fuerza|global,431,comp_5,-2.185592271025216e-14
fuerza|global,431,comp_6,-1.2891341642430072e-14
fuerza|global,431,comp_7,2.7533337551262807e-15
fuerza|global,431,comp_8,3.198137112401966
fuerza|global,431,comp_9,0.024942087229981168
fuerza|global,431,comp_10,26.400382610056557
fuerza|global,431,comp_11,-1.944408361664205e-14
fuerza|global,432,comp_0,2.3037788425818278e-17
fuerza|global,432,comp_1,0.0
fuerza|global,432,comp_2,4.523347143768133
fuerza|global,432,comp_3,-16.109263750611298
fuerza|global,432,comp_4,2.3158420144433562
fuerza|global,432,comp_5,8.351198304359124e-17
fuerza|global,432,comp_6,-2.3037788425818278e-17
fuerza|global,432,comp_7,-0.0
fuerza|global,432,comp_8,-4.523347143768133
fuerza|global,432,comp_9,-16.68500304170766
fuerza|global,432,comp_10,-2.3158420144433562
fuerza|global,432,comp_11,8.351198304359124e-17
fuerza|global,433,comp_0,-3.7011868975923655e-18
fuerza|global,433,comp_1,-0.0
fuerza|global,433,comp_2,-3.0750708049071536
fuerza|global,433,comp_3,14.40094706385458
fuerza|global,433,comp_4,-2.382030425502057
fuerza|global,433,comp_5,-1.647028169428603e-17
fuerza|global,433,comp_6,3.7011868975923655e-18
fuerza|global,433,comp_7,0.0
fuerza|global,433,comp_8,3.0750708049071536
fuerza|global,433,comp_9,12.967183099819088
fuerza|global,433,comp_10,2.382030425502057
fuerza|global,433,comp_11,-1.647028169428603e-17
fuerza|global,434,comp_0,2.3037788425818278e-17
fuerza|global,434,comp_1,0.0
fuerza|global,434,comp_2,3.0844760275847003
fuerza|global,434,comp_3,-10.64028395718541
fuerza|global,434,comp_4,-0.13632913627801246
fuerza|global,434,comp_5,8.351198304359124e-17
fuerza|global,434,comp_6,-2.3037788425818278e-17
fuerza|global,434,comp_7,-0.0
fuerza|global,434,comp_8,-3.0844760275847003
fuerza|global,434,comp_9,-11.722167242803662
fuerza|global,434,comp_10,0.13632913627801246
fuerza|global,434,comp_11,8.351198304359124e-17
fuerza|global,435,comp_0,-3.7011868975923655e-18
fuerza|global,435,comp_1,-0.0
fuerza|global,435,comp_2,-2.1884011584641554
fuerza|global,435,comp_3,10.298615589603756
fuerza|global,435,comp_4,-0.14475048838122126
fuerza|global,435,comp_5,-1.647028169428603e-17
fuerza|global,435,comp_6,3.7011868975923655e-18
fuerza|global,435,comp_7,0.0
fuerza|global,435,comp_8,2.1884011584641554
fuerza|global,435,comp_9,9.17815472072723
fuerza|global,435,comp_10,0.14475048838122126
fuerza|global,435,comp_11,-1.647028169428603e-17
fuerza|global,436,comp_0,2.3037788425818278e-17
fuerza|global,436,comp_1,0.0
fuerza|global,436,comp_2,3.352269872791786
fuerza|global,436,comp_3,-11.552962577179038
fuerza|global,436,comp_4,0.2711762985726989
fuerza|global,436,comp_5,8.351198304359124e-17
fuerza|global,436,comp_6,-2.3037788425818278e-17
fuerza|global,436,comp_7,-0.0
fuerza|global,436,comp_8,-3.352269872791786
fuerza|global,436,comp_9,-12.750994000561406
fuerza|global,436,comp_10,-0.2711762985726989
fuerza|global,436,comp_11,8.351198304359124e-17
fuerza|global,437,comp_0,-3.7011868975923655e-18
fuerza|global,437,comp_1,-0.0
fuerza|global,437,comp_2,-2.4837555379729235
fuerza|global,437,comp_3,11.500257207559477
fuerza|global,437,comp_4,0.5030512586789238
fuerza|global,437,comp_5,-1.647028169428603e-17
fuerza|global,437,comp_6,3.7011868975923655e-18
fuerza|global,437,comp_7,0.0
fuerza|global,437,comp_8,2.4837555379729235
fuerza|global,437,comp_9,10.60516708039954
fuerza|global,437,comp_10,-0.5030512586789238
fuerza|global,437,comp_11,-1.647028169428603e-17
fuerza|global,438,comp_0,2.3037788425818278e-17
fuerza|global,438,comp_1,0.0
fuerza|global,438,comp_2,3.9125806535961765
fuerza|global,438,comp_3,-13.443280703865701
fuerza|global,438,comp_4,0.06677312803017427
fuerza|global,438,comp_5,8.351198304359124e-17
fuerza|global,438,comp_6,-2.3037788425818278e-17
fuerza|global,438,comp_7,-0.0
fuerza|global,438,comp_8,-3.9125806535961765
fuerza|global,438,comp_9,-14.922929034706574
fuerza|global,438,comp_10,-0.06677312803017427
fuerza|global,438,comp_11,8.351198304359124e-17
fuerza|global,439,comp_0,-3.7011868975923655e-18
fuerza|global,439,comp_1,-0.0
fuerza|global,439,comp_2,-3.5710495464521848
fuerza|global,439,comp_3,14.16772473889751
fuerza|global,439,comp_4,-1.1246814208593263
fuerza|global,439,comp_5,-1.647028169428603e-17
fuerza|global,439,comp_6,3.7011868975923655e-18
fuerza|global,439,comp_7,0.0
fuerza|global,439,comp_8,3.5710495464521848
fuerza|global,439,comp_9,17.614616224526934
fuerza|global,439,comp_10,1.1246814208593263
fuerza|global,439,comp_11,-1.647028169428603e-17
fuerza|global,440,comp_0,2.3037788425818278e-17
fuerza|global,440,comp_1,0.0
fuerza|global,440,comp_2,3.4899762919292736
fuerza|global,440,comp_3,-12.03908006649537
fuerza|global,440,comp_4,-0.1708768989055908
fuerza|global,440,comp_5,8.351198304359124e-17
fuerza|global,440,comp_6,-2.3037788425818278e-17
fuerza|global,440,comp_7,-0.0
fuerza|global,440,comp_8,-3.4899762919292736
fuerza|global,440,comp_9,-13.263248049991859
fuerza|global,440,comp_10,0.1708768989055908
fuerza|global,440,comp_11,8.351198304359124e-17
fuerza|global,441,comp_0,-3.7011868975923655e-18
fuerza|global,441,comp_1,-0.0
fuerza|global,441,comp_2,-2.425947377677658
fuerza|global,441,comp_3,11.383205396983561
fuerza|global,441,comp_4,-0.773204976267529
fuerza|global,441,comp_5,-1.647028169428603e-17
fuerza|global,441,comp_6,3.7011868975923655e-18
fuerza|global,441,comp_7,0.0
fuerza|global,441,comp_8,2.425947377677658
fuerza|global,441,comp_9,10.207726264347592
fuerza|global,441,comp_10,0.773204976267529
fuerza|global,441,comp_11,-1.647028169428603e-17
fuerza|global,442,comp_0,2.3037788425818278e-17
fuerza|global,442,comp_1,0.0
fuerza|global,442,comp_2,2.3823504305258907
fuerza|global,442,comp_3,-7.959568729745859
fuerza|global,442,comp_4,-0.013236276208729488
fuerza|global,442,comp_5,8.351198304359124e-17
fuerza|global,442,comp_6,-2.3037788425818278e-17
fuerza|global,442,comp_7,-0.0
fuerza|global,442,comp_8,-2.3823504305258907
fuerza|global,442,comp_9,-9.312471891566846
fuerza|global,442,comp_10,0.013236276208729488
fuerza|global,442,comp_11,8.351198304359124e-17
fuerza|global,443,comp_0,-3.7011868975923655e-18
fuerza|global,443,comp_1,-0.0
fuerza|global,443,comp_2,-2.4787742817425737
fuerza|global,443,comp_3,9.11905210292121
fuerza|global,443,comp_4,-1.6056494663155882
fuerza|global,443,comp_5,-1.647028169428603e-17
fuerza|global,443,comp_6,3.7011868975923655e-18
fuerza|global,443,comp_7,0.0
fuerza|global,443,comp_8,2.4787742817425737
fuerza|global,443,comp_9,12.9420390045877
fuerza|global,443,comp_10,1.6056494663155882
fuerza|global,443,comp_11,-1.647028169428603e-17
fuerza|global,444,comp_0,0.0
fuerza|global,444,comp_1,-5.438534755400187e-18
fuerza|global,444,comp_2,-7.755444647595926
fuerza|global,444,comp_3,0.0862010818153004
fuerza|global,444,comp_4,25.74224298641605
fuerza|global,444,comp_5,-2.7192673777000934e-17
fuerza|global,444,comp_6,0.0
fuerza|global,444,comp_7,5.438534755400187e-18
fuerza|global,444,comp_8,7.755444647595926
fuerza|global,444,comp_9,-0.0862010818153004
fuerza|global,444,comp_10,51.81220348954321
fuerza|global,444,comp_11,-2.7192673777000934e-17
fuerza|global,446,comp_0,0.0
fuerza|global,446,comp_1,4.3508278043201496e-17
fuerza|global,446,comp_2,126.13818243085183
fuerza|global,446,comp_3,8.778604275934134
fuerza|global,446,comp_4,-273.9552086372281
fuerza|global,446,comp_5,1.0877069510800374e-16
fuerza|global,446,comp_6,0.0
fuerza|global,446,comp_7,-4.3508278043201496e-17
fuerza|global,446,comp_8,-126.13818243085183
fuerza|global,446,comp_9,-8.778604275934134
fuerza|global,446,comp_10,-356.73570351703097
fuerza|global,446,comp_11,1.0877069510800374e-16
fuerza|global,447,comp_0,0.0
fuerza|global,447,comp_1,-8.701655608640299e-17
fuerza|global,447,comp_2,-150.29571124236972
fuerza|global,447,comp_3,-8.523407001543175
fuerza|global,447,comp_4,359.3446736410818
fuerza|global,447,comp_5,-2.1754139021600747e-16
fuerza|global,447,comp_6,0.0
fuerza|global,447,comp_7,8.701655608640299e-17
fuerza|global,447,comp_8,150.29571124236972
fuerza|global,447,comp_9,8.523407001543175
fuerza|global,447,comp_10,392.1338825707669
fuerza|global,447,comp_11,-2.1754139021600747e-16
fuerza|global,449,comp_0,0.0
fuerza|global,449,comp_1,4.3508278043201496e-17
fuerza|global,449,comp_2,138.05547436383173
fuerza|global,449,comp_3,6.120442831605621
fuerza|global,449,comp_4,-333.15554146890184
fuerza|global,449,comp_5,1.0877069510800374e-16
fuerza|global,449,comp_6,0.0
fuerza|global,449,comp_7,-4.3508278043201496e-17
fuerza|global,449,comp_8,-138.05547436383173
fuerza|global,449,comp_9,-6.120442831605621
fuerza|global,449,comp_10,-357.1218303502568
fuerza|global,449,comp_11,1.0877069510800374e-16
fuerza|global,450,comp_0,0.0
fuerza|global,450,comp_1,4.3508278043201496e-17
fuerza|global,450,comp_2,-147.08920090196602
fuerza|global,450,comp_3,-5.942550419176151
fuerza|global,450,comp_4,357.4937033665587
fuerza|global,450,comp_5,1.0877069510800374e-16
fuerza|global,450,comp_6,0.0
fuerza|global,450,comp_7,-4.3508278043201496e-17
fuerza|global,450,comp_8,147.08920090196602
fuerza|global,450,comp_9,5.942550419176151
fuerza|global,450,comp_10,377.9523011432714
fuerza|global,450,comp_11,1.0877069510800374e-16
fuerza|global,452,comp_0,0.0
fuerza|global,452,comp_1,4.3508278043201496e-17
fuerza|global,452,comp_2,140.664562719829
fuerza|global,452,comp_3,7.31957930221212
fuerza|global,452,comp_4,-337.95175428608877
fuerza|global,452,comp_5,1.0877069510800374e-16
fuerza|global,452,comp_6,0.0
fuerza|global,452,comp_7,-4.3508278043201496e-17
fuerza|global,452,comp_8,-140.664562719829
fuerza|global,452,comp_9,-7.31957930221212
fuerza|global,452,comp_10,-365.3710593130562
fuerza|global,452,comp_11,1.0877069510800374e-16
fuerza|global,453,comp_0,0.0
fuerza|global,453,comp_1,-8.701655608640299e-17
fuerza|global,453,comp_2,-146.17810532211567
fuerza|global,453,comp_3,-7.731393498789432
fuerza|global,453,comp_4,365.5525614197454
fuerza|global,453,comp_5,-2.1754139021600747e-16
fuerza|global,453,comp_6,0.0
fuerza|global,453,comp_7,8.701655608640299e-17
fuerza|global,453,comp_8,146.17810532211567
fuerza|global,453,comp_9,7.731393498789432
fuerza|global,453,comp_10,365.33796519083296
fuerza|global,453,comp_11,-2.1754139021600747e-16
fuerza|global,454,comp_0,0.0
fuerza|global,454,comp_1,4.3508278043201496e-17
fuerza|global,454,comp_2,31.342644081014797
fuerza|global,454,comp_3,-0.2199117857673849
fuerza|global,454,comp_4,-69.55638578594954
fuerza|global,454,comp_5,1.0877069510800374e-16
fuerza|global,454,comp_6,0.0
fuerza|global,454,comp_7,-4.3508278043201496e-17
fuerza|global,454,comp_8,-31.342644081014797
fuerza|global,454,comp_9,0.2199117857673849
fuerza|global,454,comp_10,-87.15683461912441
fuerza|global,454,comp_11,1.0877069510800374e-16
fuerza|global,455,comp_0,0.0
fuerza|global,455,comp_1,-5.438534755400187e-18
fuerza|global,455,comp_2,-11.171677286145231
fuerza|global,455,comp_3,0.04662611363591259
fuerza|global,455,comp_4,39.69695740326355
fuerza|global,455,comp_5,-2.7192673777000934e-17
fuerza|global,455,comp_6,0.0
fuerza|global,455,comp_7,5.438534755400187e-18
fuerza|global,455,comp_8,11.171677286145231
fuerza|global,455,comp_9,-0.04662611363591259
fuerza|global,455,comp_10,72.01981545818875
fuerza|global,455,comp_11,-2.7192673777000934e-17
fuerza|global,457,comp_0,0.0
fuerza|global,457,comp_1,4.3508278043201496e-17
fuerza|global,457,comp_2,184.15785687718562
fuerza|global,457,comp_3,1.3748260227639453
fuerza|global,457,comp_4,-424.46428822283025
fuerza|global,457,comp_5,1.0877069510800374e-16
fuerza|global,457,comp_6,0.0
fuerza|global,457,comp_7,-4.3508278043201496e-17
fuerza|global,457,comp_8,-184.15785687718562
fuerza|global,457,comp_9,-1.3748260227639453
fuerza|global,457,comp_10,-496.32499616309786
fuerza|global,457,comp_11,1.0877069510800374e-16
fuerza|global,459,comp_0,0.0
fuerza|global,459,comp_1,-2.8091605141529906e-16
fuerza|global,459,comp_2,-149.04616292491525
fuerza|global,459,comp_3,-5.998362810631538
fuerza|global,459,comp_4,494.47142972270194
fuerza|global,459,comp_5,-3.0900765655682887e-16
fuerza|global,459,comp_6,0.0
fuerza|global,459,comp_7,2.8091605141529906e-16
fuerza|global,459,comp_8,149.04616292491525
fuerza|global,459,comp_9,5.998362810631538
fuerza|global,459,comp_10,-166.56987128788847
fuerza|global,459,comp_11,-3.0900765655682887e-16
fuerza|global,460,comp_0,0.0
fuerza|global,460,comp_1,-3.46845328788277e-16
fuerza|global,460,comp_2,-292.42684904555125
fuerza|global,460,comp_3,2.0572770432866565
fuerza|global,460,comp_4,169.9091141906171
fuerza|global,460,comp_5,-4.85583460303588e-16
fuerza|global,460,comp_6,0.0
fuerza|global,460,comp_7,3.46845328788277e-16
fuerza|global,460,comp_8,292.42684904555125
fuerza|global,460,comp_9,-2.0572770432866565
fuerza|global,460,comp_10,648.8860631369267
fuerza|global,460,comp_11,-4.85583460303588e-16
fuerza|global,462,comp_0,0.0
fuerza|global,462,comp_1,4.3508278043201496e-17
fuerza|global,462,comp_2,194.6001503071859
fuerza|global,462,comp_3,-0.9801107211321456
fuerza|global,462,comp_4,-489.99457138878495
fuerza|global,462,comp_5,1.0877069510800374e-16
fuerza|global,462,comp_6,0.0
fuerza|global,462,comp_7,-4.3508278043201496e-17
fuerza|global,462,comp_8,-194.6001503071859
fuerza|global,462,comp_9,0.9801107211321456
fuerza|global,462,comp_10,-483.00618014714456
fuerza|global,462,comp_11,1.0877069510800374e-16
fuerza|global,463,comp_0,0.0
fuerza|global,463,comp_1,4.3508278043201496e-17
fuerza|global,463,comp_2,-197.33692812203037
fuerza|global,463,comp_3,0.8733038664463357
fuerza|global,463,comp_4,483.03370025976585
fuerza|global,463,comp_5,1.0877069510800374e-16
fuerza|global,463,comp_6,0.0
fuerza|global,463,comp_7,-4.3508278043201496e-17
fuerza|global,463,comp_8,197.33692812203037
fuerza|global,463,comp_9,-0.8733038664463357
fuerza|global,463,comp_10,503.650940350386
fuerza|global,463,comp_11,1.0877069510800374e-16
fuerza|global,465,comp_0,0.0
fuerza|global,465,comp_1,4.3508278043201496e-17
fuerza|global,465,comp_2,192.4900551361197
fuerza|global,465,comp_3,-2.1431490655923033
fuerza|global,465,comp_4,-466.395185576753
fuerza|global,465,comp_5,1.0877069510800374e-16
fuerza|global,465,comp_6,0.0
fuerza|global,465,comp_7,-4.3508278043201496e-17
fuerza|global,465,comp_8,-192.4900551361197
fuerza|global,465,comp_9,2.1431490655923033
fuerza|global,465,comp_10,-496.0550901038455
fuerza|global,465,comp_11,1.0877069510800374e-16
fuerza|global,466,comp_0,0.0
fuerza|global,466,comp_1,-8.701655608640299e-17
fuerza|global,466,comp_2,-194.84456500577363
fuerza|global,466,comp_3,2.2189363500192907
fuerza|global,466,comp_4,495.5726672688907
fuerza|global,466,comp_5,-2.1754139021600747e-16
fuerza|global,466,comp_6,0.0
fuerza|global,466,comp_7,8.701655608640299e-17
fuerza|global,466,comp_8,194.84456500577363
fuerza|global,466,comp_9,-2.2189363500192907
fuerza|global,466,comp_10,478.65015775997745
fuerza|global,466,comp_11,-2.1754139021600747e-16
fuerza|global,467,comp_0,0.0
fuerza|global,467,comp_1,4.3508278043201496e-17
fuerza|global,467,comp_2,33.71178468906864
fuerza|global,467,comp_3,0.017832430680089113
fuerza|global,467,comp_4,-80.5328476497991
fuerza|global,467,comp_5,1.0877069510800374e-16
fuerza|global,467,comp_6,0.0
fuerza|global,467,comp_7,-4.3508278043201496e-17
fuerza|global,467,comp_8,-33.71178468906864
fuerza|global,467,comp_9,-0.017832430680089113
fuerza|global,467,comp_10,-88.02607579554406
fuerza|global,467,comp_11,1.0877069510800374e-16
fuerza|global,468,comp_0,0.0
fuerza|global,468,comp_1,-5.438534755400187e-18
fuerza|global,468,comp_2,-9.923134691876943
fuerza|global,468,comp_3,0.00517354490109658
fuerza|global,468,comp_4,32.78838742934386
fuerza|global,468,comp_5,-2.7192673777000934e-17
fuerza|global,468,comp_6,0.0
fuerza|global,468,comp_7,5.438534755400187e-18
fuerza|global,468,comp_8,9.923134691876943
fuerza|global,468,comp_9,-0.00517354490109658
fuerza|global,468,comp_10,66.44295948942556
fuerza|global,468,comp_11,-2.7192673777000934e-17
fuerza|global,470,comp_0,0.0
fuerza|global,470,comp_1,4.3508278043201496e-17
fuerza|global,470,comp_2,159.18492152142937
fuerza|global,470,comp_3,-4.695157524968286
fuerza|global,470,comp_4,-366.52051733675427
fuerza|global,470,comp_5,1.0877069510800374e-16
fuerza|global,470,comp_6,0.0
fuerza|global,470,comp_7,-4.3508278043201496e-17
fuerza|global,470,comp_8,-159.18492152142937
fuerza|global,470,comp_9,4.695157524968286
fuerza|global,470,comp_10,-429.4040902703925
fuerza|global,470,comp_11,1.0877069510800374e-16
fuerza|global,472,comp_0,0.0
fuerza|global,472,comp_1,-2.8091605141529906e-16
fuerza|global,472,comp_2,-112.98716796138771
fuerza|global,472,comp_3,4.548602934178453
fuerza|global,472,comp_4,428.64868658674334
fuerza|global,472,comp_5,-3.0900765655682887e-16
fuerza|global,472,comp_6,0.0
fuerza|global,472,comp_7,2.8091605141529906e-16
fuerza|global,472,comp_8,112.98716796138771
fuerza|global,472,comp_9,-4.548602934178453
fuerza|global,472,comp_10,-180.07691707169045
fuerza|global,472,comp_11,-3.0900765655682887e-16
fuerza|global,473,comp_0,0.0
fuerza|global,473,comp_1,-3.46845328788277e-16
fuerza|global,473,comp_2,-268.2792277141846
fuerza|global,473,comp_3,4.466422280910541
fuerza|global,473,comp_4,176.73767416895564
fuerza|global,473,comp_5,-4.85583460303588e-16
fuerza|global,473,comp_6,0.0
fuerza|global,473,comp_7,3.46845328788277e-16
fuerza|global,473,comp_8,268.2792277141846
fuerza|global,473,comp_9,-4.466422280910541
fuerza|global,473,comp_10,574.4441634307614
fuerza|global,473,comp_11,-4.85583460303588e-16
fuerza|global,475,comp_0,0.0
fuerza|global,475,comp_1,4.3508278043201496e-17
fuerza|global,475,comp_2,150.515444114448
fuerza|global,475,comp_3,-6.927323190631248
fuerza|global,475,comp_4,-389.44326778614936
fuerza|global,475,comp_5,1.0877069510800374e-16
fuerza|global,475,comp_6,0.0
fuerza|global,475,comp_7,-4.3508278043201496e-17
fuerza|global,475,comp_8,-150.515444114448
fuerza|global,475,comp_9,6.927323190631248
fuerza|global,475,comp_10,-363.1339527860906
fuerza|global,475,comp_11,1.0877069510800374e-16
fuerza|global,476,comp_0,0.0
fuerza|global,476,comp_1,4.3508278043201496e-17
fuerza|global,476,comp_2,-147.34565461442193
fuerza|global,476,comp_3,6.706537650252753
fuerza|global,476,comp_4,362.7345596571668
fuerza|global,476,comp_5,1.0877069510800374e-16
fuerza|global,476,comp_6,0.0
fuerza|global,476,comp_7,-4.3508278043201496e-17
fuerza|global,476,comp_8,147.34565461442193
fuerza|global,476,comp_9,-6.706537650252753
fuerza|global,476,comp_10,373.99371341494293
fuerza|global,476,comp_11,1.0877069510800374e-16
fuerza|global,478,comp_0,0.0
fuerza|global,478,comp_1,4.3508278043201496e-17
fuerza|global,478,comp_2,116.1476600271726
fuerza|global,478,comp_3,-9.913558072664143
fuerza|global,478,comp_4,-277.09876292534335
fuerza|global,478,comp_5,1.0877069510800374e-16
fuerza|global,478,comp_6,0.0
fuerza|global,478,comp_7,-4.3508278043201496e-17
fuerza|global,478,comp_8,-116.1476600271726
fuerza|global,478,comp_9,9.913558072664143
fuerza|global,478,comp_10,-303.6395372105196
fuerza|global,478,comp_11,1.0877069510800374e-16
fuerza|global,479,comp_0,0.0
fuerza|global,479,comp_1,-8.701655608640299e-17
fuerza|global,479,comp_2,-122.8282864759997
fuerza|global,479,comp_3,10.144850738739898
fuerza|global,479,comp_4,303.940457938785
fuerza|global,479,comp_5,-2.1754139021600747e-16
fuerza|global,479,comp_6,0.0
fuerza|global,479,comp_7,8.701655608640299e-17
fuerza|global,479,comp_8,122.8282864759997
fuerza|global,479,comp_9,-10.144850738739898
fuerza|global,479,comp_10,310.2009744412135
fuerza|global,479,comp_11,-2.1754139021600747e-16
fuerza|global,480,comp_0,0.0
fuerza|global,480,comp_1,4.3508278043201496e-17
fuerza|global,480,comp_2,22.071792512692284
fuerza|global,480,comp_3,0.5490159514531096
fuerza|global,480,comp_4,-45.89634252225192
fuerza|global,480,comp_5,1.0877069510800374e-16
fuerza|global,480,comp_6,0.0
fuerza|global,480,comp_7,-4.3508278043201496e-17
fuerza|global,480,comp_8,-22.071792512692284
fuerza|global,480,comp_9,-0.5490159514531096
fuerza|global,480,comp_10,-64.46262004120948
fuerza|global,480,comp_11,1.0877069510800374e-16
fuerza|global,481,comp_0,-8.239163876379527e-17
fuerza|global,481,comp_1,0.0
fuerza|global,481,comp_2,3.8721976753001517
fuerza|global,481,comp_3,16.587448629642683
fuerza|global,481,comp_4,-0.46697153191672575
fuerza|global,481,comp_5,3.6664279249888896e-16
fuerza|global,481,comp_6,8.239163876379527e-17
fuerza|global,481,comp_7,0.0
fuerza|global,481,comp_8,-3.8721976753001517
fuerza|global,481,comp_9,17.875110680528667
fuerza|global,481,comp_10,0.46697153191672575
fuerza|global,481,comp_11,3.6664279249888896e-16
fuerza|global,482,comp_0,2.2762951651615536e-16
fuerza|global,482,comp_1,0.0
fuerza|global,482,comp_2,-5.1740681141713205
fuerza|global,482,comp_3,-19.621078627467007
fuerza|global,482,comp_4,0.551232790053679
fuerza|global,482,comp_5,-8.25156997371063e-16
fuerza|global,482,comp_6,-2.2762951651615536e-16
fuerza|global,482,comp_7,0.0
fuerza|global,482,comp_8,5.1740681141713205
fuerza|global,482,comp_9,-17.89091520027506
fuerza|global,482,comp_10,-0.551232790053679
fuerza|global,482,comp_11,-8.25156997371063e-16
fuerza|global,483,comp_0,-8.239163876379527e-17
fuerza|global,483,comp_1,0.0
fuerza|global,483,comp_2,3.5513687467174946
fuerza|global,483,comp_3,15.0231595578464
fuerza|global,483,comp_4,-1.6104818812477675
fuerza|global,483,comp_5,3.6664279249888896e-16
fuerza|global,483,comp_6,8.239163876379527e-17
fuerza|global,483,comp_7,0.0
fuerza|global,483,comp_8,-3.5513687467174946
fuerza|global,483,comp_9,16.5840222879393
fuerza|global,483,comp_10,1.6104818812477675
fuerza|global,483,comp_11,3.6664279249888896e-16
fuerza|global,484,comp_0,2.2762951651615536e-16
fuerza|global,484,comp_1,0.0
fuerza|global,484,comp_2,-4.896988257882005
fuerza|global,484,comp_3,-18.792308687940107
fuerza|global,484,comp_4,0.25226682266042344
fuerza|global,484,comp_5,-8.25156997371063e-16
fuerza|global,484,comp_6,-2.2762951651615536e-16
fuerza|global,484,comp_7,0.0
fuerza|global,484,comp_8,4.896988257882005
fuerza|global,484,comp_9,-16.710856181704422
fuerza|global,484,comp_10,-0.25226682266042344
fuerza|global,484,comp_11,-8.25156997371063e-16
fuerza|global,485,comp_0,-8.239163876379527e-17
fuerza|global,485,comp_1,0.0
fuerza|global,485,comp_2,6.934876240049367
fuerza|global,485,comp_3,17.30201127747727
fuerza|global,485,comp_4,-2.608970124051126
fuerza|global,485,comp_5,3.6664279249888896e-16
fuerza|global,485,comp_6,8.239163876379527e-17
fuerza|global,485,comp_7,0.0
fuerza|global,485,comp_8,-6.934876240049367
fuerza|global,485,comp_9,44.4183872589621
fuerza|global,485,comp_10,2.608970124051126
fuerza|global,485,comp_11,3.6664279249888896e-16
fuerza|global,486,comp_0,2.2762951651615536e-16
fuerza|global,486,comp_1,0.0
fuerza|global,486,comp_2,-6.384683984098393
fuerza|global,486,comp_3,-37.045198425566525
fuerza|global,486,comp_4,-0.7554036836512491
fuerza|global,486,comp_5,-8.25156997371063e-16
fuerza|global,486,comp_6,-2.2762951651615536e-16
fuerza|global,486,comp_7,0.0
fuerza|global,486,comp_8,6.384683984098393
fuerza|global,486,comp_9,-9.24376045914681
fuerza|global,486,comp_10,0.7554036836512491
fuerza|global,486,comp_11,-8.25156997371063e-16
fuerza|global,487,comp_0,-8.239163876379527e-17
fuerza|global,487,comp_1,0.0
fuerza|global,487,comp_2,4.1650108839663496
fuerza|global,487,comp_3,17.119489155252282
fuerza|global,487,comp_4,2.4585745312270104
fuerza|global,487,comp_5,3.6664279249888896e-16
fuerza|global,487,comp_6,8.239163876379527e-17
fuerza|global,487,comp_7,0.0
fuerza|global,487,comp_8,-4.1650108839663496
fuerza|global,487,comp_9,19.94910771204823
fuerza|global,487,comp_10,-2.4585745312270104
fuerza|global,487,comp_11,3.6664279249888896e-16
fuerza|global,488,comp_0,2.2762951651615536e-16
fuerza|global,488,comp_1,0.0
fuerza|global,488,comp_2,-4.572766232032763
fuerza|global,488,comp_3,-17.786911475615593
fuerza|global,488,comp_4,1.769352803010623
fuerza|global,488,comp_5,-8.25156997371063e-16
fuerza|global,488,comp_6,-2.2762951651615536e-16
fuerza|global,488,comp_7,0.0
fuerza|global,488,comp_8,4.572766232032763
fuerza|global,488,comp_9,-15.365643706621933
fuerza|global,488,comp_10,-1.769352803010623
fuerza|global,488,comp_11,-8.25156997371063e-16
fuerza|global,489,comp_0,-8.239163876379527e-17
fuerza|global,489,comp_1,0.0
fuerza|global,489,comp_2,5.78252607195424
fuerza|global,489,comp_3,12.062993250781307
fuerza|global,489,comp_4,-0.37187301630225916
fuerza|global,489,comp_5,3.6664279249888896e-16
fuerza|global,489,comp_6,8.239163876379527e-17
fuerza|global,489,comp_7,0.0
fuerza|global,489,comp_8,-5.78252607195424
fuerza|global,489,comp_9,39.401488789611435
fuerza|global,489,comp_10,0.37187301630225916
fuerza|global,489,comp_11,3.6664279249888896e-16
fuerza|global,490,comp_0,2.2762951651615536e-16
fuerza|global,490,comp_1,0.0
fuerza|global,490,comp_2,-7.5708640300792505
fuerza|global,490,comp_3,-41.25490337719014
fuerza|global,490,comp_4,-0.3993931289239139
fuerza|global,490,comp_5,-8.25156997371063e-16
fuerza|global,490,comp_6,-2.2762951651615536e-16
fuerza|global,490,comp_7,0.0
fuerza|global,490,comp_8,7.5708640300792505
fuerza|global,490,comp_9,-13.633860840884415
fuerza|global,490,comp_10,0.3993931289239139
fuerza|global,490,comp_11,-8.25156997371063e-16
fuerza|global,491,comp_0,-8.239163876379527e-17
fuerza|global,491,comp_1,0.0
fuerza|global,491,comp_2,3.6531959898488964
fuerza|global,491,comp_3,14.350566725543018
fuerza|global,491,comp_4,-0.3863790214216602
fuerza|global,491,comp_5,3.6664279249888896e-16
fuerza|global,491,comp_6,8.239163876379527e-17
fuerza|global,491,comp_7,0.0
fuerza|global,491,comp_8,-3.6531959898488964
fuerza|global,491,comp_9,18.16287758411216
fuerza|global,491,comp_10,0.3863790214216602
fuerza|global,491,comp_11,3.6664279249888896e-16
fuerza|global,492,comp_0,2.2762951651615536e-16
fuerza|global,492,comp_1,0.0
fuerza|global,492,comp_2,-4.904159317669705
fuerza|global,492,comp_3,-19.229689012737737
fuerza|global,492,comp_4,0.6510386164114927
fuerza|global,492,comp_5,-8.25156997371063e-16
fuerza|global,492,comp_6,-2.2762951651615536e-16
fuerza|global,492,comp_7,0.0
fuerza|global,492,comp_8,4.904159317669705
fuerza|global,492,comp_9,-16.32546604036762
fuerza|global,492,comp_10,-0.6510386164114927
fuerza|global,492,comp_11,-8.25156997371063e-16
fuerza|global,493,comp_0,-8.239163876379527e-17
fuerza|global,493,comp_1,0.0
fuerza|global,493,comp_2,7.480518848100567
fuerza|global,493,comp_3,15.05097280100161
fuerza|global,493,comp_4,-0.18150210668936592
fuerza|global,493,comp_5,3.6664279249888896e-16
fuerza|global,493,comp_6,8.239163876379527e-17
fuerza|global,493,comp_7,0.0
fuerza|global,493,comp_8,-7.480518848100567
fuerza|global,493,comp_9,51.52564494709343
fuerza|global,493,comp_10,0.18150210668936592
fuerza|global,493,comp_11,3.6664279249888896e-16
fuerza|global,494,comp_0,2.2762951651615536e-16
fuerza|global,494,comp_1,0.0
fuerza|global,494,comp_2,-10.475329541256409
fuerza|global,494,comp_3,-55.88773036270484
fuerza|global,494,comp_4,0.30092072826537
fuerza|global,494,comp_5,-8.25156997371063e-16
fuerza|global,494,comp_6,-2.2762951651615536e-16
fuerza|global,494,comp_7,0.0
fuerza|global,494,comp_8,10.475329541256409
fuerza|global,494,comp_9,-20.058408811404107
fuerza|global,494,comp_10,-0.30092072826537
fuerza|global,494,comp_11,-8.25156997371063e-16
fuerza|global,495,comp_0,-8.239163876379527e-17
fuerza|global,495,comp_1,0.0
fuerza|global,495,comp_2,3.9098561152000966
fuerza|global,495,comp_3,16.334227738212714
fuerza|global,495,comp_4,1.346243357964264
fuerza|global,495,comp_5,3.6664279249888896e-16
fuerza|global,495,comp_6,8.239163876379527e-17
fuerza|global,495,comp_7,0.0
fuerza|global,495,comp_8,-3.9098561152000966
fuerza|global,495,comp_9,18.463491687068142
fuerza|global,495,comp_10,-1.346243357964264
fuerza|global,495,comp_11,3.6664279249888896e-16
fuerza|global,496,comp_0,2.2762951651615536e-16
fuerza|global,496,comp_1,0.0
fuerza|global,496,comp_2,-5.023304714978454
fuerza|global,496,comp_3,-19.33213415906815
fuerza|global,496,comp_4,-2.3013406325623116
fuerza|global,496,comp_5,-8.25156997371063e-16
fuerza|global,496,comp_6,-2.2762951651615536e-16
fuerza|global,496,comp_7,0.0
fuerza|global,496,comp_8,5.023304714978454
fuerza|global,496,comp_9,-17.086825024525634
fuerza|global,496,comp_10,2.3013406325623116
fuerza|global,496,comp_11,-8.25156997371063e-16
fuerza|global,497,comp_0,-8.239163876379527e-17
fuerza|global,497,comp_1,0.0
fuerza|global,497,comp_2,2.5076557921012577
fuerza|global,497,comp_3,10.504745420044593
fuerza|global,497,comp_4,0.4220549026676093
fuerza|global,497,comp_5,3.6664279249888896e-16
fuerza|global,497,comp_6,8.239163876379527e-17
fuerza|global,497,comp_7,0.0
fuerza|global,497,comp_8,-2.5076557921012577
fuerza|global,497,comp_9,11.813391129656603
fuerza|global,497,comp_10,-0.4220549026676093
fuerza|global,497,comp_11,3.6664279249888896e-16
fuerza|global,498,comp_0,2.2762951651615536e-16
fuerza|global,498,comp_1,0.0
fuerza|global,498,comp_2,-3.944511819003222
fuerza|global,498,comp_3,-14.296133514044335
fuerza|global,498,comp_4,-1.0584067499728957
fuerza|global,498,comp_5,-8.25156997371063e-16
fuerza|global,498,comp_6,-2.2762951651615536e-16
fuerza|global,498,comp_7,0.0
fuerza|global,498,comp_8,3.944511819003222
fuerza|global,498,comp_9,-14.301577173729019
fuerza|global,498,comp_10,1.0584067499728957
fuerza|global,498,comp_11,-8.25156997371063e-16
fuerza|global,499,comp_0,2.2762951651615536e-16
fuerza|global,499,comp_1,0.0
fuerza|global,499,comp_2,-1.0997874759517867
fuerza|global,499,comp_3,-8.055639853918002
fuerza|global,499,comp_4,-3.339242902732259
fuerza|global,499,comp_5,-8.25156997371063e-16
fuerza|global,499,comp_6,-2.2762951651615536e-16
fuerza|global,499,comp_7,0.0
fuerza|global,499,comp_8,1.0997874759517867
fuerza|global,499,comp_9,0.08218065326754953
fuerza|global,499,comp_10,3.339242902732259
fuerza|global,499,comp_11,-8.25156997371063e-16
fuerza|global,500,comp_0,0.0
fuerza|global,500,comp_1,-1.1386932144119141e-17
fuerza|global,500,comp_2,-14.326618508430784
fuerza|global,500,comp_3,0.26523163297254687
fuerza|global,500,comp_4,51.03835241572373
fuerza|global,500,comp_5,-5.69346607205957e-17
fuerza|global,500,comp_6,0.0
fuerza|global,500,comp_7,1.1386932144119141e-17
fuerza|global,500,comp_8,14.326618508430784
fuerza|global,500,comp_9,-0.26523163297254687
fuerza|global,500,comp_10,92.22783266858411
fuerza|global,500,comp_11,-5.69346607205957e-17
fuerza|global,502,comp_0,0.0
fuerza|global,502,comp_1,9.347481610844071e-17
fuerza|global,502,comp_2,125.51425203384166
fuerza|global,502,comp_3,8.963404824195974
fuerza|global,502,comp_4,-248.86150300961333
fuerza|global,502,comp_5,2.3368704027110176e-16
fuerza|global,502,comp_6,0.0
fuerza|global,502,comp_7,-9.347481610844071e-17
fuerza|global,502,comp_8,-125.51425203384166
fuerza|global,502,comp_9,-8.963404824195974
fuerza|global,502,comp_10,-378.7097571595949
fuerza|global,502,comp_11,2.3368704027110176e-16
fuerza|global,503,comp_0,0.0
fuerza|global,503,comp_1,9.347481610844071e-17
fuerza|global,503,comp_2,-156.91668054290597
fuerza|global,503,comp_3,-8.646734164349267
fuerza|global,503,comp_4,375.95237110302764
fuerza|global,503,comp_5,2.3368704027110176e-16
fuerza|global,503,comp_6,0.0
fuerza|global,503,comp_7,-9.347481610844071e-17
fuerza|global,503,comp_8,156.91668054290597
fuerza|global,503,comp_9,8.646734164349267
fuerza|global,503,comp_10,408.6310316115021
fuerza|global,503,comp_11,2.3368704027110176e-16
fuerza|global,505,comp_0,0.0
fuerza|global,505,comp_1,-1.8491018168360637e-16
fuerza|global,505,comp_2,135.56891028763764
fuerza|global,505,comp_3,5.833424646292657
fuerza|global,505,comp_4,-329.2394763904752
fuerza|global,505,comp_5,-4.622754542090159e-16
fuerza|global,505,comp_6,0.0
fuerza|global,505,comp_7,1.8491018168360637e-16
fuerza|global,505,comp_8,-135.56891028763764
fuerza|global,505,comp_9,-5.833424646292657
fuerza|global,505,comp_10,-348.60507504771294
fuerza|global,505,comp_11,-4.622754542090159e-16
fuerza|global,506,comp_0,0.0
fuerza|global,506,comp_1,9.347481610844071e-17
fuerza|global,506,comp_2,-148.51000686388866
fuerza|global,506,comp_3,-6.0366299523827225
fuerza|global,506,comp_4,348.45196173245216
fuerza|global,506,comp_5,2.3368704027110176e-16
fuerza|global,506,comp_6,0.0
fuerza|global,506,comp_7,-9.347481610844071e-17
fuerza|global,506,comp_8,148.51000686388866
fuerza|global,506,comp_9,6.0366299523827225
fuerza|global,506,comp_10,394.09807258699107
fuerza|global,506,comp_11,2.3368704027110176e-16
fuerza|global,508,comp_0,0.0
fuerza|global,508,comp_1,9.347481610844071e-17
fuerza|global,508,comp_2,152.04721922473843
fuerza|global,508,comp_3,7.553891382952747
fuerza|global,508,comp_4,-363.77779423538175
fuerza|global,508,comp_5,2.3368704027110176e-16
fuerza|global,508,comp_6,0.0
fuerza|global,508,comp_7,-9.347481610844071e-17
fuerza|global,508,comp_8,-152.04721922473843
fuerza|global,508,comp_9,-7.553891382952747
fuerza|global,508,comp_10,-396.4583018883103
fuerza|global,508,comp_11,2.3368704027110176e-16
fuerza|global,509,comp_0,0.0
fuerza|global,509,comp_1,-1.8491018168360637e-16
fuerza|global,509,comp_2,-135.24006202226337
fuerza|global,509,comp_3,-7.827772055084343
fuerza|global,509,comp_4,397.08169769007173
fuerza|global,509,comp_5,-4.622754542090159e-16
fuerza|global,509,comp_6,0.0
fuerza|global,509,comp_7,1.8491018168360637e-16
fuerza|global,509,comp_8,135.24006202226337
fuerza|global,509,comp_9,7.827772055084343
fuerza|global,509,comp_10,279.1186124212451
fuerza|global,509,comp_11,-4.622754542090159e-16
fuerza|global,510,comp_0,0.0
fuerza|global,510,comp_1,9.347481610844071e-17
fuerza|global,510,comp_2,-118.3178182218411
fuerza|global,510,comp_3,0.09504475110442732
fuerza|global,510,comp_4,73.23052499013477
fuerza|global,510,comp_5,2.3368704027110176e-16
fuerza|global,510,comp_6,0.0
fuerza|global,510,comp_7,-9.347481610844071e-17
fuerza|global,510,comp_8,118.3178182218411
fuerza|global,510,comp_9,-0.09504475110442732
fuerza|global,510,comp_10,518.3585661190707
fuerza|global,510,comp_11,2.3368704027110176e-16
fuerza|global,512,comp_0,0.0
fuerza|global,512,comp_1,-7.396407267344255e-16
fuerza|global,512,comp_2,284.96646416348324
fuerza|global,512,comp_3,15.335502992443095
fuerza|global,512,comp_4,-1020.766951229064
fuerza|global,512,comp_5,-9.245509084180318e-16
fuerza|global,512,comp_6,0.0
fuerza|global,512,comp_7,7.396407267344255e-16
fuerza|global,512,comp_8,-284.96646416348324
fuerza|global,512,comp_9,-15.335502992443095
fuerza|global,512,comp_10,308.350790820356
fuerza|global,512,comp_11,-9.245509084180318e-16
fuerza|global,514,comp_0,0.0
fuerza|global,514,comp_1,9.736960011295919e-17
fuerza|global,514,comp_2,121.15054472619934
fuerza|global,514,comp_3,13.255838639362581
fuerza|global,514,comp_4,-299.02743310290055
fuerza|global,514,comp_5,1.1684352013555095e-16
fuerza|global,514,comp_6,0.0
fuerza|global,514,comp_7,-9.736960011295919e-17
fuerza|global,514,comp_8,-121.15054472619934
fuerza|global,514,comp_9,-13.255838639362581
fuerza|global,514,comp_10,8.266125760022334
fuerza|global,514,comp_11,1.1684352013555095e-16
fuerza|global,515,comp_0,0.0
fuerza|global,515,comp_1,-1.1386932144119141e-17
fuerza|global,515,comp_2,-21.399227651098826
fuerza|global,515,comp_3,-0.13500801428923803
fuerza|global,515,comp_4,68.98267863664131
fuerza|global,515,comp_5,-5.69346607205957e-17
fuerza|global,515,comp_6,0.0
fuerza|global,515,comp_7,1.1386932144119141e-17
fuerza|global,515,comp_8,21.399227651098826
fuerza|global,515,comp_9,0.13500801428923803
fuerza|global,515,comp_10,145.00959787434692
fuerza|global,515,comp_11,-5.69346607205957e-17
fuerza|global,517,comp_0,0.0
fuerza|global,517,comp_1,2.572137595771332e-15
fuerza|global,517,comp_2,271.7319362822063
fuerza|global,517,comp_3,-8.554203027080229
fuerza|global,517,comp_4,-451.721628068913
fuerza|global,517,comp_5,2.829351355348464e-15
fuerza|global,517,comp_6,0.0
fuerza|global,517,comp_7,-2.572137595771332e-15
fuerza|global,517,comp_8,-271.7319362822063
fuerza|global,517,comp_9,8.554203027080229
fuerza|global,517,comp_10,-146.08863175194057
fuerza|global,517,comp_11,2.829351355348464e-15
fuerza|global,519,comp_0,0.0
fuerza|global,519,comp_1,-7.132007073208946e-16
fuerza|global,519,comp_2,129.18746676042656
fuerza|global,519,comp_3,3.5137087035727204
fuerza|global,519,comp_4,135.31287744129094
fuerza|global,519,comp_5,-9.984809902492527e-16
fuerza|global,519,comp_6,0.0
fuerza|global,519,comp_7,7.132007073208946e-16
fuerza|global,519,comp_8,-129.18746676042656
fuerza|global,519,comp_9,-3.5137087035727204
fuerza|global,519,comp_10,-497.03778437048544
fuerza|global,519,comp_11,-9.984809902492527e-16
fuerza|global,520,comp_0,0.0
fuerza|global,520,comp_1,9.347481610844071e-17
fuerza|global,520,comp_2,-213.20707969971272
fuerza|global,520,comp_3,2.1913304459008405
fuerza|global,520,comp_4,499.61276382373495
fuerza|global,520,comp_5,2.3368704027110176e-16
fuerza|global,520,comp_6,0.0
fuerza|global,520,comp_7,-9.347481610844071e-17
fuerza|global,520,comp_8,213.20707969971272
fuerza|global,520,comp_9,-2.1913304459008405
fuerza|global,520,comp_10,566.4226346748287
fuerza|global,520,comp_11,2.3368704027110176e-16
fuerza|global,522,comp_0,0.0
fuerza|global,522,comp_1,-1.8491018168360637e-16
fuerza|global,522,comp_2,190.8569803279387
fuerza|global,522,comp_3,1.593946534369104
fuerza|global,522,comp_4,-464.6346263530182
fuerza|global,522,comp_5,-4.622754542090159e-16
fuerza|global,522,comp_6,0.0
fuerza|global,522,comp_7,1.8491018168360637e-16
fuerza|global,522,comp_8,-190.8569803279387
fuerza|global,522,comp_9,-1.593946534369104
fuerza|global,522,comp_10,-489.6502752866752
fuerza|global,522,comp_11,-4.622754542090159e-16
fuerza|global,523,comp_0,0.0
fuerza|global,523,comp_1,9.347481610844071e-17
fuerza|global,523,comp_2,-204.65999616018993
fuerza|global,523,comp_3,-1.7608264156182036
fuerza|global,523,comp_4,489.630550196669
fuerza|global,523,comp_5,2.3368704027110176e-16
fuerza|global,523,comp_6,0.0
fuerza|global,523,comp_7,-9.347481610844071e-17
fuerza|global,523,comp_8,204.65999616018993
fuerza|global,523,comp_9,1.7608264156182036
fuerza|global,523,comp_10,533.6694306042806
fuerza|global,523,comp_11,2.3368704027110176e-16
fuerza|global,525,comp_0,0.0
fuerza|global,525,comp_1,9.347481610844071e-17
fuerza|global,525,comp_2,206.12395457566754
fuerza|global,525,comp_3,-2.9597989592155045
fuerza|global,525,comp_4,-504.0193239295037
fuerza|global,525,comp_5,2.3368704027110176e-16
fuerza|global,525,comp_6,0.0
fuerza|global,525,comp_7,-9.347481610844071e-17
fuerza|global,525,comp_8,-206.12395457566754
fuerza|global,525,comp_9,2.9597989592155045
fuerza|global,525,comp_10,-526.600448948834
fuerza|global,525,comp_11,2.3368704027110176e-16
fuerza|global,526,comp_0,0.0
fuerza|global,526,comp_1,-1.8491018168360637e-16
fuerza|global,526,comp_2,-179.07097942665928
fuerza|global,526,comp_3,2.863130522177053
fuerza|global,526,comp_4,525.7230076015275
fuerza|global,526,comp_5,-4.622754542090159e-16
fuerza|global,526,comp_6,0.0
fuerza|global,526,comp_7,1.8491018168360637e-16
fuerza|global,526,comp_8,179.07097942665928
fuerza|global,526,comp_9,-2.863130522177053
fuerza|global,526,comp_10,369.6318895317688
fuerza|global,526,comp_11,-4.622754542090159e-16
fuerza|global,527,comp_0,0.0
fuerza|global,527,comp_1,9.347481610844071e-17
fuerza|global,527,comp_2,-131.35246745910968
fuerza|global,527,comp_3,-0.04610929268745153
fuerza|global,527,comp_4,70.75517246179902
fuerza|global,527,comp_5,2.3368704027110176e-16
fuerza|global,527,comp_6,0.0
fuerza|global,527,comp_7,-9.347481610844071e-17
fuerza|global,527,comp_8,131.35246745910968
fuerza|global,527,comp_9,0.04610929268745153
fuerza|global,527,comp_10,586.0071648337494
fuerza|global,527,comp_11,2.3368704027110176e-16
fuerza|global,529,comp_0,0.0
fuerza|global,529,comp_1,-7.396407267344255e-16
fuerza|global,529,comp_2,357.2545246385452
fuerza|global,529,comp_3,-4.885772076878495
fuerza|global,529,comp_4,-1174.2766758787154
fuerza|global,529,comp_5,-9.245509084180318e-16
fuerza|global,529,comp_6,0.0
fuerza|global,529,comp_7,7.396407267344255e-16
fuerza|global,529,comp_8,-357.2545246385452
fuerza|global,529,comp_9,4.885772076878495
fuerza|global,529,comp_10,281.1403642823525
fuerza|global,529,comp_11,-9.245509084180318e-16
fuerza|global,531,comp_0,0.0
fuerza|global,531,comp_1,9.736960011295919e-17
fuerza|global,531,comp_2,139.73621362720127
fuerza|global,531,comp_3,-5.89417418485098
fuerza|global,531,comp_4,-309.28624932492596
fuerza|global,531,comp_5,1.1684352013555095e-16
fuerza|global,531,comp_6,0.0
fuerza|global,531,comp_7,-9.736960011295919e-17
fuerza|global,531,comp_8,-139.73621362720127
fuerza|global,531,comp_9,5.89417418485098
fuerza|global,531,comp_10,-26.080663380356867
fuerza|global,531,comp_11,1.1684352013555095e-16
fuerza|global,532,comp_0,0.0
fuerza|global,532,comp_1,-1.1386932144119141e-17
fuerza|global,532,comp_2,-16.51062895045248
fuerza|global,532,comp_3,-0.2677606294997724
fuerza|global,532,comp_4,56.61994575920402
fuerza|global,532,comp_5,-5.69346607205957e-17
fuerza|global,532,comp_6,0.0
fuerza|global,532,comp_7,1.1386932144119141e-17
fuerza|global,532,comp_8,16.51062895045248
fuerza|global,532,comp_9,0.2677606294997724
fuerza|global,532,comp_10,108.48634374532081
fuerza|global,532,comp_11,-5.69346607205957e-17
fuerza|global,534,comp_0,0.0
fuerza|global,534,comp_1,2.572137595771332e-15
fuerza|global,534,comp_2,206.8970147052458
fuerza|global,534,comp_3,-11.321469133173627
fuerza|global,534,comp_4,-317.60052060853087
fuerza|global,534,comp_5,2.829351355348464e-15
fuerza|global,534,comp_6,0.0
fuerza|global,534,comp_7,-2.572137595771332e-15
fuerza|global,534,comp_8,-206.8970147052458
fuerza|global,534,comp_9,11.321469133173627
fuerza|global,534,comp_10,-137.57291174300974
fuerza|global,534,comp_11,2.829351355348464e-15
fuerza|global,536,comp_0,0.0
fuerza|global,536,comp_1,-7.132007073208946e-16
fuerza|global,536,comp_2,59.68867894093519
fuerza|global,536,comp_3,-9.353351321438591
fuerza|global,536,comp_4,148.34866605366534
fuerza|global,536,comp_5,-9.984809902492527e-16
fuerza|global,536,comp_6,0.0
fuerza|global,536,comp_7,7.132007073208946e-16
fuerza|global,536,comp_8,-59.68867894093519
fuerza|global,536,comp_9,9.353351321438591
fuerza|global,536,comp_10,-315.4769670882839
fuerza|global,536,comp_11,-9.984809902492527e-16
fuerza|global,537,comp_0,0.0
fuerza|global,537,comp_1,9.347481610844071e-17
fuerza|global,537,comp_2,-147.0022581754673
fuerza|global,537,comp_3,10.079788442723029
fuerza|global,537,comp_4,315.65937369159917
fuerza|global,537,comp_5,2.3368704027110176e-16
fuerza|global,537,comp_6,0.0
fuerza|global,537,comp_7,-9.347481610844071e-17
fuerza|global,537,comp_8,147.0022581754673
fuerza|global,537,comp_9,-10.079788442723029
fuerza|global,537,comp_10,419.3519171857373
fuerza|global,537,comp_11,2.3368704027110176e-16
fuerza|global,539,comp_0,0.0
fuerza|global,539,comp_1,-1.8491018168360637e-16
fuerza|global,539,comp_2,163.8656923026437
fuerza|global,539,comp_3,-2.515770056272035
fuerza|global,539,comp_4,-378.7576905496618
fuerza|global,539,comp_5,-4.622754542090159e-16
fuerza|global,539,comp_6,0.0
fuerza|global,539,comp_7,1.8491018168360637e-16
fuerza|global,539,comp_8,-163.8656923026437
fuerza|global,539,comp_9,2.515770056272035
fuerza|global,539,comp_10,-440.5707709635567
fuerza|global,539,comp_11,-4.622754542090159e-16
fuerza|global,540,comp_0,0.0
fuerza|global,540,comp_1,9.347481610844071e-17
fuerza|global,540,comp_2,-178.18652042073182
fuerza|global,540,comp_3,2.380085441261563
fuerza|global,540,comp_4,440.7436093688235
fuerza|global,540,comp_5,2.3368704027110176e-16
fuerza|global,540,comp_6,0.0
fuerza|global,540,comp_7,-9.347481610844071e-17
fuerza|global,540,comp_8,178.18652042073182
fuerza|global,540,comp_9,-2.380085441261563
fuerza|global,540,comp_10,450.1889927348355
fuerza|global,540,comp_11,2.3368704027110176e-16
fuerza|global,542,comp_0,0.0
fuerza|global,542,comp_1,9.347481610844071e-17
fuerza|global,542,comp_2,131.86156824342368
fuerza|global,542,comp_3,-11.081343082173428
fuerza|global,542,comp_4,-335.298377534035
fuerza|global,542,comp_5,2.3368704027110176e-16
fuerza|global,542,comp_6,0.0
fuerza|global,542,comp_7,-9.347481610844071e-17
fuerza|global,542,comp_8,-131.86156824342368
fuerza|global,542,comp_9,11.081343082173428
fuerza|global,542,comp_10,-324.00946368308337
fuerza|global,542,comp_11,2.3368704027110176e-16
fuerza|global,543,comp_0,0.0
fuerza|global,543,comp_1,-1.8491018168360637e-16
fuerza|global,543,comp_2,-108.75345163319335
fuerza|global,543,comp_3,11.168146703469072
fuerza|global,543,comp_4,324.26350922862906
fuerza|global,543,comp_5,-4.622754542090159e-16
fuerza|global,543,comp_6,0.0
fuerza|global,543,comp_7,1.8491018168360637e-16
fuerza|global,543,comp_8,108.75345163319335
fuerza|global,543,comp_9,-11.168146703469072
fuerza|global,543,comp_10,219.5037489373376
fuerza|global,543,comp_11,-4.622754542090159e-16
fuerza|global,544,comp_0,0.0
fuerza|global,544,comp_1,9.347481610844071e-17
fuerza|global,544,comp_2,-116.55106423222695
fuerza|global,544,comp_3,-0.28285784677605585
fuerza|global,544,comp_4,90.31758142295078
fuerza|global,544,comp_5,2.3368704027110176e-16
fuerza|global,544,comp_6,0.0
fuerza|global,544,comp_7,-9.347481610844071e-17
fuerza|global,544,comp_8,116.55106423222695
fuerza|global,544,comp_9,0.28285784677605585
fuerza|global,544,comp_10,492.43773973818395
fuerza|global,544,comp_11,2.3368704027110176e-16
fuerza|global,546,comp_0,0.0
fuerza|global,546,comp_1,-7.396407267344255e-16
fuerza|global,546,comp_2,256.9313930487755
fuerza|global,546,comp_3,-21.060121948250316
fuerza|global,546,comp_4,-945.2503471919392
fuerza|global,546,comp_5,-9.245509084180318e-16
fuerza|global,546,comp_6,0.0
fuerza|global,546,comp_7,7.396407267344255e-16
fuerza|global,546,comp_8,-256.9313930487755
fuerza|global,546,comp_9,21.060121948250316
fuerza|global,546,comp_10,302.9218645700006
fuerza|global,546,comp_11,-9.245509084180318e-16
fuerza|global,548,comp_0,0.0
fuerza|global,548,comp_1,9.736960011295919e-17
fuerza|global,548,comp_2,110.95199984356026
fuerza|global,548,comp_3,-20.53975068741016
fuerza|global,548,comp_4,-284.0993372448815
fuerza|global,548,comp_5,1.1684352013555095e-16
fuerza|global,548,comp_6,0.0
fuerza|global,548,comp_7,-9.736960011295919e-17
fuerza|global,548,comp_8,-110.95199984356026
fuerza|global,548,comp_9,20.53975068741016
fuerza|global,548,comp_10,17.814537620337035
fuerza|global,548,comp_11,1.1684352013555095e-16
fuerza|global,549,comp_0,-2.8536687384335337e-16
fuerza|global,549,comp_1,0.0
fuerza|global,549,comp_2,3.40231765414756
fuerza|global,549,comp_3,13.202731333204905
fuerza|global,549,comp_4,0.9181275020023142
fuerza|global,549,comp_5,1.2698825886029226e-15
fuerza|global,549,comp_6,2.8536687384335337e-16
fuerza|global,549,comp_7,0.0
fuerza|global,549,comp_8,-3.40231765414756
fuerza|global,549,comp_9,17.077895788708382
fuerza|global,549,comp_10,-0.9181275020023142
fuerza|global,549,comp_11,1.2698825886029226e-15
fuerza|global,550,comp_0,3.2560074308489832e-16
fuerza|global,550,comp_1,0.0
fuerza|global,550,comp_2,-4.811871489878082
fuerza|global,550,comp_3,-19.35079985637882
fuerza|global,550,comp_4,-0.8517839640655142
fuerza|global,550,comp_5,-1.1803026936827563e-15
fuerza|global,550,comp_6,-3.2560074308489832e-16
fuerza|global,550,comp_7,0.0
fuerza|global,550,comp_8,4.811871489878082
fuerza|global,550,comp_9,-15.535268445237271
fuerza|global,550,comp_10,0.8517839640655142
fuerza|global,550,comp_11,-1.1803026936827563e-15
fuerza|global,551,comp_0,-2.8536687384335337e-16
fuerza|global,551,comp_1,0.0
fuerza|global,551,comp_2,3.618946511805626
fuerza|global,551,comp_3,12.78522840552689
fuerza|global,551,comp_4,-5.4528343910010415
fuerza|global,551,comp_5,1.2698825886029226e-15
fuerza|global,551,comp_6,2.8536687384335337e-16
fuerza|global,551,comp_7,0.0
fuerza|global,551,comp_8,-3.618946511805626
fuerza|global,551,comp_9,19.423395549543184
fuerza|global,551,comp_10,5.4528343910010415
fuerza|global,551,comp_11,1.2698825886029226e-15
fuerza|global,552,comp_0,3.2560074308489832e-16
fuerza|global,552,comp_1,0.0
fuerza|global,552,comp_2,-3.6174129704921176
fuerza|global,552,comp_3,-15.583392597986437
fuerza|global,552,comp_4,4.572183630130971
fuerza|global,552,comp_5,-1.1803026936827563e-15
fuerza|global,552,comp_6,-3.2560074308489832e-16
fuerza|global,552,comp_7,0.0
fuerza|global,552,comp_8,3.6174129704921176
fuerza|global,552,comp_9,-10.642851438081408
fuerza|global,552,comp_10,-4.572183630130971
fuerza|global,552,comp_11,-1.1803026936827563e-15
fuerza|global,553,comp_0,-2.8536687384335337e-16
fuerza|global,553,comp_1,0.0
fuerza|global,553,comp_2,8.876080995887989
fuerza|global,553,comp_3,17.61013898854531
fuerza|global,553,comp_4,2.7573860565668302
fuerza|global,553,comp_5,1.2698825886029226e-15
fuerza|global,553,comp_6,2.8536687384335337e-16
fuerza|global,553,comp_7,0.0
fuerza|global,553,comp_8,-8.876080995887989
fuerza|global,553,comp_9,61.38698187485779
fuerza|global,553,comp_10,-2.7573860565668302
fuerza|global,553,comp_11,1.2698825886029226e-15
fuerza|global,554,comp_0,3.2560074308489832e-16
fuerza|global,554,comp_1,0.0
fuerza|global,554,comp_2,-10.965205983634045
fuerza|global,554,comp_3,-60.064603617185774
fuerza|global,554,comp_4,0.18240660331874992
fuerza|global,554,comp_5,-1.1803026936827563e-15
fuerza|global,554,comp_6,-3.2560074308489832e-16
fuerza|global,554,comp_7,0.0
fuerza|global,554,comp_8,10.965205983634045
fuerza|global,554,comp_9,-19.43313976416103
fuerza|global,554,comp_10,-0.18240660331874992
fuerza|global,554,comp_11,-1.1803026936827563e-15
fuerza|global,555,comp_0,-2.8536687384335337e-16
fuerza|global,555,comp_1,0.0
fuerza|global,555,comp_2,3.620629336216853
fuerza|global,555,comp_3,12.928173756204442
fuerza|global,555,comp_4,-0.36351844719854054
fuerza|global,555,comp_5,1.2698825886029226e-15
fuerza|global,555,comp_6,2.8536687384335337e-16
fuerza|global,555,comp_7,0.0
fuerza|global,555,comp_8,-3.620629336216853
fuerza|global,555,comp_9,19.29542733612555
fuerza|global,555,comp_10,0.36351844719854054
fuerza|global,555,comp_11,1.2698825886029226e-15
fuerza|global,556,comp_0,3.2560074308489832e-16
fuerza|global,556,comp_1,0.0
fuerza|global,556,comp_2,-4.145137920191234
fuerza|global,556,comp_3,-18.6292065656623
fuerza|global,556,comp_4,-3.957620408517221
fuerza|global,556,comp_5,-1.1803026936827563e-15
fuerza|global,556,comp_6,-3.2560074308489832e-16
fuerza|global,556,comp_7,0.0
fuerza|global,556,comp_8,4.145137920191234
fuerza|global,556,comp_9,-11.42304335572414
fuerza|global,556,comp_10,3.957620408517221
fuerza|global,556,comp_11,-1.1803026936827563e-15
fuerza|global,557,comp_0,-2.8536687384335337e-16
fuerza|global,557,comp_1,0.0
fuerza|global,557,comp_2,5.027045781037868
fuerza|global,557,comp_3,11.870054598675292
fuerza|global,557,comp_4,0.1531133152607926
fuerza|global,557,comp_5,1.2698825886029226e-15
fuerza|global,557,comp_6,2.8536687384335337e-16
fuerza|global,557,comp_7,0.0
fuerza|global,557,comp_8,-5.027045781037868
fuerza|global,557,comp_9,32.87065285256174
fuerza|global,557,comp_10,-0.1531133152607926
fuerza|global,557,comp_11,1.2698825886029226e-15
fuerza|global,558,comp_0,3.2560074308489832e-16
fuerza|global,558,comp_1,0.0
fuerza|global,558,comp_2,-4.746446262083916
fuerza|global,558,comp_3,-29.515879902574707
fuerza|global,558,comp_4,0.17283840526666924
fuerza|global,558,comp_5,-1.1803026936827563e-15
fuerza|global,558,comp_6,-3.2560074308489832e-16
fuerza|global,558,comp_7,0.0
fuerza|global,558,comp_8,4.746446262083916
fuerza|global,558,comp_9,-4.895855497533674
fuerza|global,558,comp_10,-0.17283840526666924
fuerza|global,558,comp_11,-1.1803026936827563e-15
fuerza|global,559,comp_0,-2.8536687384335337e-16
fuerza|global,559,comp_1,0.0
fuerza|global,559,comp_2,3.61591348250708
fuerza|global,559,comp_3,12.969880176359691
fuerza|global,559,comp_4,0.30007595414913113
fuerza|global,559,comp_5,1.2698825886029226e-15
fuerza|global,559,comp_6,2.8536687384335337e-16
fuerza|global,559,comp_7,0.0
fuerza|global,559,comp_8,-3.61591348250708
fuerza|global,559,comp_9,19.211749817953326
fuerza|global,559,comp_10,-0.30007595414913113
fuerza|global,559,comp_11,1.2698825886029226e-15
fuerza|global,560,comp_0,3.2560074308489832e-16
fuerza|global,560,comp_1,0.0
fuerza|global,560,comp_2,-4.562912607370815
fuerza|global,560,comp_3,-20.077548870215825
fuerza|global,560,comp_4,4.055908744885881
fuerza|global,560,comp_5,-1.1803026936827563e-15
fuerza|global,560,comp_6,-3.2560074308489832e-16
fuerza|global,560,comp_7,0.0
fuerza|global,560,comp_8,4.562912607370815
fuerza|global,560,comp_9,-13.00356753322258
fuerza|global,560,comp_10,-4.055908744885881
fuerza|global,560,comp_11,-1.1803026936827563e-15
fuerza|global,561,comp_0,-2.8536687384335337e-16
fuerza|global,561,comp_1,0.0
fuerza|global,561,comp_2,8.235409876513788
fuerza|global,561,comp_3,15.381663438037371
fuerza|global,561,comp_4,-0.623395801761285
fuerza|global,561,comp_5,1.2698825886029226e-15
fuerza|global,561,comp_6,2.8536687384335337e-16
fuerza|global,561,comp_7,0.0
fuerza|global,561,comp_8,-8.235409876513788
fuerza|global,561,comp_9,57.91348446293535
fuerza|global,561,comp_10,0.623395801761285
fuerza|global,561,comp_11,1.2698825886029226e-15
fuerza|global,562,comp_0,3.2560074308489832e-16
fuerza|global,562,comp_1,0.0
fuerza|global,562,comp_2,-11.86012465240961
fuerza|global,562,comp_3,-63.73641394432748
fuerza|global,562,comp_4,0.25404554554566977
fuerza|global,562,comp_5,-1.1803026936827563e-15
fuerza|global,562,comp_6,-3.2560074308489832e-16
fuerza|global,562,comp_7,0.0
fuerza|global,562,comp_8,11.86012465240961
fuerza|global,562,comp_9,-22.249489785642172
fuerza|global,562,comp_10,-0.25404554554566977
fuerza|global,562,comp_11,-1.1803026936827563e-15
fuerza|global,563,comp_0,-2.8536687384335337e-16
fuerza|global,563,comp_1,0.0
fuerza|global,563,comp_2,3.6342137916868977
fuerza|global,563,comp_3,13.35715699389872
fuerza|global,563,comp_4,2.8629718978791656
fuerza|global,563,comp_5,1.2698825886029226e-15
fuerza|global,563,comp_6,2.8536687384335337e-16
fuerza|global,563,comp_7,0.0
fuerza|global,563,comp_8,-3.6342137916868977
fuerza|global,563,comp_9,18.987345752114667
fuerza|global,563,comp_10,-2.8629718978791656
fuerza|global,563,comp_11,1.2698825886029226e-15
fuerza|global,564,comp_0,3.2560074308489832e-16
fuerza|global,564,comp_1,0.0
fuerza|global,564,comp_2,-4.18474713485472
fuerza|global,564,comp_3,-18.317991333584747
fuerza|global,564,comp_4,-5.507825613136433
fuerza|global,564,comp_5,-1.1803026936827563e-15
fuerza|global,564,comp_6,-3.2560074308489832e-16
fuerza|global,564,comp_7,0.0
fuerza|global,564,comp_8,4.18474713485472
fuerza|global,564,comp_9,-12.021425394111969
fuerza|global,564,comp_10,5.507825613136433
fuerza|global,564,comp_11,-1.1803026936827563e-15
fuerza|global,565,comp_0,-2.8536687384335337e-16
fuerza|global,565,comp_1,0.0
fuerza|global,565,comp_2,2.0643158631124745
fuerza|global,565,comp_3,6.127501536164645
fuerza|global,565,comp_4,-3.549052553034332
fuerza|global,565,comp_5,1.2698825886029226e-15
fuerza|global,565,comp_6,2.8536687384335337e-16
fuerza|global,565,comp_7,0.0
fuerza|global,565,comp_8,-2.0643158631124745
fuerza|global,565,comp_9,12.244909645536382
fuerza|global,565,comp_10,3.549052553034332
fuerza|global,565,comp_11,1.2698825886029226e-15
fuerza|global,566,comp_0,3.2560074308489832e-16
fuerza|global,566,comp_1,0.0
fuerza|global,566,comp_2,-1.7041322836166195
fuerza|global,566,comp_3,-9.827342882784698
fuerza|global,566,comp_4,7.191060213991476
fuerza|global,566,comp_5,-1.1803026936827563e-15
fuerza|global,566,comp_6,-3.2560074308489832e-16
fuerza|global,566,comp_7,0.0
fuerza|global,566,comp_8,1.7041322836166195
fuerza|global,566,comp_9,-2.5276161734357907
fuerza|global,566,comp_10,-7.191060213991476
fuerza|global,566,comp_11,-1.1803026936827563e-15
fuerza|global,567,comp_0,-2.8536687384335337e-16
fuerza|global,567,comp_1,0.0
fuerza|global,567,comp_2,5.075896259601178
fuerza|global,567,comp_3,2.079664353079842
fuerza|global,567,comp_4,-9.32335771746112
fuerza|global,567,comp_5,1.2698825886029226e-15
fuerza|global,567,comp_6,2.8536687384335337e-16
fuerza|global,567,comp_7,0.0
fuerza|global,567,comp_8,-5.075896259601178
fuerza|global,567,comp_9,43.09581235737064
fuerza|global,567,comp_10,9.32335771746112
fuerza|global,567,comp_11,1.2698825886029226e-15
fuerza|global,568,comp_0,3.2560074308489832e-16
fuerza|global,568,comp_1,0.0
fuerza|global,568,comp_2,-5.876935380722524
fuerza|global,568,comp_3,-42.08741024939851
fuerza|global,568,comp_4,18.822527325113523
fuerza|global,568,comp_5,-1.1803026936827563e-15
fuerza|global,568,comp_6,-3.2560074308489832e-16
fuerza|global,568,comp_7,0.0
fuerza|global,568,comp_8,5.876935380722524
fuerza|global,568,comp_9,-0.5203712608397808
fuerza|global,568,comp_10,-18.822527325113523
fuerza|global,568,comp_11,-1.1803026936827563e-15
fuerza|global,569,comp_0,-2.8536687384335337e-16
fuerza|global,569,comp_1,0.0
fuerza|global,569,comp_2,11.152330187092089
fuerza|global,569,comp_3,13.25583863936253
fuerza|global,569,comp_4,-8.266125760019332
fuerza|global,569,comp_5,1.2698825886029226e-15
fuerza|global,569,comp_6,2.8536687384335337e-16
fuerza|global,569,comp_7,0.0
fuerza|global,569,comp_8,-11.152330187092089
fuerza|global,569,comp_9,85.99990002575706
fuerza|global,569,comp_10,8.266125760019332
fuerza|global,569,comp_11,1.2698825886029226e-15
fuerza|global,570,comp_0,3.2560074308489832e-16
fuerza|global,570,comp_1,0.0
fuerza|global,570,comp_2,-15.50811377903696
fuerza|global,570,comp_3,-91.8940742106081
fuerza|global,570,comp_4,17.814537620337155
fuerza|global,570,comp_5,-1.1803026936827563e-15
fuerza|global,570,comp_6,-3.2560074308489832e-16
fuerza|global,570,comp_7,0.0
fuerza|global,570,comp_8,15.50811377903696
fuerza|global,570,comp_9,-20.539750687409835
fuerza|global,570,comp_10,-17.814537620337155
fuerza|global,570,comp_11,-1.1803026936827563e-15
fuerza|global,571,comp_0,3.2560074308489832e-16
fuerza|global,571,comp_1,0.0
fuerza|global,571,comp_2,-1.9360040748121663
fuerza|global,571,comp_3,-12.067911730653046
fuerza|global,571,comp_4,10.775754310653438
fuerza|global,571,comp_5,-1.1803026936827563e-15
fuerza|global,571,comp_6,-3.2560074308489832e-16
fuerza|global,571,comp_7,0.0
fuerza|global,571,comp_8,1.9360040748121663
fuerza|global,571,comp_9,-1.9681178117351559
fuerza|global,571,comp_10,-10.775754310653438
fuerza|global,571,comp_11,-1.1803026936827563e-15
fuerza|global,574,comp_0,0.0
fuerza|global,574,comp_1,0.0
fuerza|global,574,comp_2,-13.23023209460689
fuerza|global,574,comp_3,-8.02456418024197
fuerza|global,574,comp_4,40.10121356475405
fuerza|global,574,comp_5,0.0
fuerza|global,574,comp_6,0.0
fuerza|global,574,comp_7,0.0
fuerza|global,574,comp_8,13.23023209460689
fuerza|global,574,comp_9,8.02456418024197
fuerza|global,574,comp_10,92.20110738131484
fuerza|global,574,comp_11,0.0
fuerza|global,576,comp_0,0.0
fuerza|global,576,comp_1,-1.6707178768589375e-14
fuerza|global,576,comp_2,51.034710531835074
fuerza|global,576,comp_3,-15.724621553314092
fuerza|global,576,comp_4,-66.55902255070473
fuerza|global,576,comp_5,-4.1767946921473433e-14
fuerza|global,576,comp_6,0.0
fuerza|global,576,comp_7,1.6707178768589375e-14
fuerza|global,576,comp_8,-51.034710531835074
fuerza|global,576,comp_9,15.724621553314092
fuerza|global,576,comp_10,-188.61453010847063
fuerza|global,576,comp_11,-4.1767946921473433e-14
fuerza|global,578,comp_0,0.0
fuerza|global,578,comp_1,1.6707178768589375e-14
fuerza|global,578,comp_2,-71.58667174534021
fuerza|global,578,comp_3,8.028756214300925
fuerza|global,578,comp_4,184.96295439289128
fuerza|global,578,comp_5,4.1767946921473433e-14
fuerza|global,578,comp_6,0.0
fuerza|global,578,comp_7,-1.6707178768589375e-14
fuerza|global,578,comp_8,71.58667174534021
fuerza|global,578,comp_9,-8.028756214300925
fuerza|global,578,comp_10,172.97040433380977
fuerza|global,578,comp_11,4.1767946921473433e-14
fuerza|global,580,comp_0,0.0
fuerza|global,580,comp_1,-1.6707178768589375e-14
fuerza|global,580,comp_2,42.30955718235219
fuerza|global,580,comp_3,-22.379366261199287
fuerza|global,580,comp_4,-117.17258863852729
fuerza|global,580,comp_5,-4.1767946921473433e-14
fuerza|global,580,comp_6,0.0
fuerza|global,580,comp_7,1.6707178768589375e-14
fuerza|global,580,comp_8,-42.30955718235219
fuerza|global,580,comp_9,22.379366261199287
fuerza|global,580,comp_10,-94.37519727323362
fuerza|global,580,comp_11,-4.1767946921473433e-14
fuerza|global,582,comp_0,0.0
fuerza|global,582,comp_1,1.6707178768589375e-14
fuerza|global,582,comp_2,-52.57746227437447
fuerza|global,582,comp_3,27.600354690677836
fuerza|global,582,comp_4,94.9252566936801
fuerza|global,582,comp_5,4.1767946921473433e-14
fuerza|global,582,comp_6,0.0
fuerza|global,582,comp_7,-1.6707178768589375e-14
fuerza|global,582,comp_8,52.57746227437447
fuerza|global,582,comp_9,-27.600354690677836
fuerza|global,582,comp_10,167.96205467819223
fuerza|global,582,comp_11,4.1767946921473433e-14
fuerza|global,584,comp_0,0.0
fuerza|global,584,comp_1,-1.6707178768589375e-14
fuerza|global,584,comp_2,71.53344785542782
fuerza|global,584,comp_3,-5.847645754657642
fuerza|global,584,comp_4,-151.7627152765328
fuerza|global,584,comp_5,-4.1767946921473433e-14
fuerza|global,584,comp_6,0.0
fuerza|global,584,comp_7,1.6707178768589375e-14
fuerza|global,584,comp_8,-71.53344785542782
fuerza|global,584,comp_9,5.847645754657642
fuerza|global,584,comp_10,-205.90452400060633
fuerza|global,584,comp_11,-4.1767946921473433e-14
fuerza|global,586,comp_0,0.0
fuerza|global,586,comp_1,5.5690595895297907e-14
fuerza|global,586,comp_2,-52.663001767548934
fuerza|global,586,comp_3,22.806341850224708
fuerza|global,586,comp_4,210.14125513852787
fuerza|global,586,comp_5,1.3922648973824476e-13
fuerza|global,586,comp_6,0.0
fuerza|global,586,comp_7,-5.5690595895297907e-14
fuerza|global,586,comp_8,52.663001767548934
fuerza|global,586,comp_9,-22.806341850224708
fuerza|global,586,comp_10,53.17375369921679
fuerza|global,586,comp_11,1.3922648973824476e-13
fuerza|global,588,comp_0,0.0
fuerza|global,588,comp_1,-1.6707178768589375e-14
fuerza|global,588,comp_2,-111.72734859815533
fuerza|global,588,comp_3,9.51949660471851
fuerza|global,588,comp_4,27.390766002924067
fuerza|global,588,comp_5,-4.1767946921473433e-14
fuerza|global,588,comp_6,0.0
fuerza|global,588,comp_7,1.6707178768589375e-14
fuerza|global,588,comp_8,111.72734859815533
fuerza|global,588,comp_9,-9.51949660471851
fuerza|global,588,comp_10,531.2459769878526
fuerza|global,588,comp_11,-4.1767946921473433e-14
fuerza|global,590,comp_0,0.0
fuerza|global,590,comp_1,-6.68287150743575e-14
fuerza|global,590,comp_2,92.04186918561572
fuerza|global,590,comp_3,47.02319375711466
fuerza|global,590,comp_4,-585.9694373560999
fuerza|global,590,comp_5,-8.353589384294687e-14
fuerza|global,590,comp_6,0.0
fuerza|global,590,comp_7,6.68287150743575e-14
fuerza|global,590,comp_8,-92.04186918561572
fuerza|global,590,comp_9,-47.02319375711466
fuerza|global,590,comp_10,355.8647643920606
fuerza|global,590,comp_11,-8.353589384294687e-14
fuerza|global,592,comp_0,0.0
fuerza|global,592,comp_1,4.834253115911283e-14
fuerza|global,592,comp_2,55.87677410951638
fuerza|global,592,comp_3,118.09090031710906
fuerza|global,592,comp_4,-240.6373765423646
fuerza|global,592,comp_5,5.801103739093536e-14
fuerza|global,592,comp_6,0.0
fuerza|global,592,comp_7,-4.834253115911283e-14
fuerza|global,592,comp_8,-55.87677410951638
fuerza|global,592,comp_9,-118.09090031710906
fuerza|global,592,comp_10,106.53311867952536
fuerza|global,592,comp_11,5.801103739093536e-14
fuerza|global,595,comp_0,0.0
fuerza|global,595,comp_1,0.0
fuerza|global,595,comp_2,-47.13158046611814
fuerza|global,595,comp_3,27.090567783954963
fuerza|global,595,comp_4,115.67894234597769
fuerza|global,595,comp_5,0.0
fuerza|global,595,comp_6,0.0
fuerza|global,595,comp_7,0.0
fuerza|global,595,comp_8,47.13158046611814
fuerza|global,595,comp_9,-27.090567783954963
fuerza|global,595,comp_10,355.63686231520364
fuerza|global,595,comp_11,0.0
fuerza|global,597,comp_0,0.0
fuerza|global,597,comp_1,-1.6707178768589375e-14
fuerza|global,597,comp_2,307.0885156111409
fuerza|global,597,comp_3,69.88418637571247
fuerza|global,597,comp_4,-531.2725733480631
fuerza|global,597,comp_5,-4.1767946921473433e-14
fuerza|global,597,comp_6,0.0
fuerza|global,597,comp_7,1.6707178768589375e-14
fuerza|global,597,comp_8,-307.0885156111409
fuerza|global,597,comp_9,-69.88418637571247
fuerza|global,597,comp_10,-1004.1700047076412
fuerza|global,597,comp_11,-4.1767946921473433e-14
fuerza|global,599,comp_0,0.0
fuerza|global,599,comp_1,1.6707178768589375e-14
fuerza|global,599,comp_2,-418.55157491943584
fuerza|global,599,comp_3,-37.762114381823125
fuerza|global,599,comp_4,1048.6485320723823
fuerza|global,599,comp_5,4.1767946921473433e-14
fuerza|global,599,comp_6,0.0
fuerza|global,599,comp_7,-1.6707178768589375e-14
fuerza|global,599,comp_8,418.55157491943584
fuerza|global,599,comp_9,37.762114381823125
fuerza|global,599,comp_10,1044.1093425247968
fuerza|global,599,comp_11,4.1767946921473433e-14
fuerza|global,601,comp_0,0.0
fuerza|global,601,comp_1,-1.6707178768589375e-14
fuerza|global,601,comp_2,377.07491927819785
fuerza|global,601,comp_3,57.71026314644172
fuerza|global,601,comp_4,-973.3345268078048
fuerza|global,601,comp_5,-4.1767946921473433e-14
fuerza|global,601,comp_6,0.0
fuerza|global,601,comp_7,1.6707178768589375e-14
fuerza|global,601,comp_8,-377.07491927819785
fuerza|global,601,comp_9,-57.71026314644172
fuerza|global,601,comp_10,-912.0400695831845
fuerza|global,601,comp_11,-4.1767946921473433e-14
fuerza|global,603,comp_0,0.0
fuerza|global,603,comp_1,1.6707178768589375e-14
fuerza|global,603,comp_2,-372.77223955452723
fuerza|global,603,comp_3,-65.6785121935619
fuerza|global,603,comp_4,901.1598968737967
fuerza|global,603,comp_5,4.1767946921473433e-14
fuerza|global,603,comp_6,0.0
fuerza|global,603,comp_7,-1.6707178768589375e-14
fuerza|global,603,comp_8,372.77223955452723
fuerza|global,603,comp_9,65.6785121935619
fuerza|global,603,comp_10,962.7013008988395
fuerza|global,603,comp_11,4.1767946921473433e-14
fuerza|global,605,comp_0,0.0
fuerza|global,605,comp_1,-1.6707178768589375e-14
fuerza|global,605,comp_2,402.84689101756624
fuerza|global,605,comp_3,24.21342569367675
fuerza|global,605,comp_4,-1005.9533309802418
fuerza|global,605,comp_5,-4.1767946921473433e-14
fuerza|global,605,comp_6,0.0
fuerza|global,605,comp_7,1.6707178768589375e-14
fuerza|global,605,comp_8,-402.84689101756624
fuerza|global,605,comp_9,-24.21342569367675
fuerza|global,605,comp_10,-1008.2811241075891
fuerza|global,605,comp_11,-4.1767946921473433e-14
fuerza|global,607,comp_0,0.0
fuerza|global,607,comp_1,5.5690595895297907e-14
fuerza|global,607,comp_2,-270.7647650175833
fuerza|global,607,comp_3,-57.6012815575363
fuerza|global,607,comp_4,949.5129441419526
fuerza|global,607,comp_5,1.3922648973824476e-13
fuerza|global,607,comp_6,0.0
fuerza|global,607,comp_7,-5.5690595895297907e-14
fuerza|global,607,comp_8,270.7647650175833
fuerza|global,607,comp_9,57.6012815575363
fuerza|global,607,comp_10,404.3108809459636
fuerza|global,607,comp_11,1.3922648973824476e-13
fuerza|global,609,comp_0,0.0
fuerza|global,609,comp_1,-1.6707178768589375e-14
fuerza|global,609,comp_2,-256.4305177868256
fuerza|global,609,comp_3,-5.56211540778633
fuerza|global,609,comp_4,-123.34224949185682
fuerza|global,609,comp_5,-4.1767946921473433e-14
fuerza|global,609,comp_6,0.0
fuerza|global,609,comp_7,1.6707178768589375e-14
fuerza|global,609,comp_8,256.4305177868256
fuerza|global,609,comp_9,5.56211540778633
fuerza|global,609,comp_10,1405.4948384259847
fuerza|global,609,comp_11,-4.1767946921473433e-14
fuerza|global,611,comp_0,0.0
fuerza|global,611,comp_1,-6.68287150743575e-14
fuerza|global,611,comp_2,735.0630763523691
fuerza|global,611,comp_3,77.47305442383394
fuerza|global,611,comp_4,-1966.8279699484283
fuerza|global,611,comp_5,-8.353589384294687e-14
fuerza|global,611,comp_6,0.0
fuerza|global,611,comp_7,6.68287150743575e-14
fuerza|global,611,comp_8,-735.0630763523691
fuerza|global,611,comp_9,-77.47305442383394
fuerza|global,611,comp_10,129.17027906750582
fuerza|global,611,comp_11,-8.353589384294687e-14
fuerza|global,613,comp_0,0.0
fuerza|global,613,comp_1,4.834253115911283e-14
fuerza|global,613,comp_2,260.20179748535986
fuerza|global,613,comp_3,-6.949977676248828
fuerza|global,613,comp_4,-386.7822902067834
fuerza|global,613,comp_5,5.801103739093536e-14
fuerza|global,613,comp_6,0.0
fuerza|global,613,comp_7,-4.834253115911283e-14
fuerza|global,613,comp_8,-260.20179748535986
fuerza|global,613,comp_9,6.949977676248828
fuerza|global,613,comp_10,-237.70202375807997
fuerza|global,613,comp_11,5.801103739093536e-14
fuerza|global,616,comp_0,0.0
fuerza|global,616,comp_1,0.0
fuerza|global,616,comp_2,12.509769860107205
fuerza|global,616,comp_3,72.06975605131045
fuerza|global,616,comp_4,-65.72071891668449
fuerza|global,616,comp_5,0.0
fuerza|global,616,comp_6,0.0
fuerza|global,616,comp_7,0.0
fuerza|global,616,comp_8,-12.509769860107205
fuerza|global,616,comp_9,-72.06975605131045
fuerza|global,616,comp_10,-59.376979684387564
fuerza|global,616,comp_11,0.0
fuerza|global,618,comp_0,0.0
fuerza|global,618,comp_1,-1.6707178768589375e-14
fuerza|global,618,comp_2,31.048139809757238
fuerza|global,618,comp_3,-13.432530708483508
fuerza|global,618,comp_4,40.89138759715439
fuerza|global,618,comp_5,-4.1767946921473433e-14
fuerza|global,618,comp_6,0.0
fuerza|global,618,comp_7,1.6707178768589375e-14
fuerza|global,618,comp_8,-31.048139809757238
fuerza|global,618,comp_9,13.432530708483508
fuerza|global,618,comp_10,-196.13208664594057
fuerza|global,618,comp_11,-4.1767946921473433e-14
fuerza|global,620,comp_0,0.0
fuerza|global,620,comp_1,1.6707178768589375e-14
fuerza|global,620,comp_2,-26.349521897495443
fuerza|global,620,comp_3,95.47440547829825
fuerza|global,620,comp_4,155.30513499677784
fuerza|global,620,comp_5,4.1767946921473433e-14
fuerza|global,620,comp_6,0.0
fuerza|global,620,comp_7,-1.6707178768589375e-14
fuerza|global,620,comp_8,26.349521897495443
fuerza|global,620,comp_9,-95.47440547829825
fuerza|global,620,comp_10,-23.557525509300632
fuerza|global,620,comp_11,4.1767946921473433e-14
fuerza|global,622,comp_0,0.0
fuerza|global,622,comp_1,-1.6707178768589375e-14
fuerza|global,622,comp_2,42.642554977474276
fuerza|global,622,comp_3,-47.480607021589144
fuerza|global,622,comp_4,3.458678525044917
fuerza|global,622,comp_5,-4.1767946921473433e-14
fuerza|global,622,comp_6,0.0
fuerza|global,622,comp_7,1.6707178768589375e-14
fuerza|global,622,comp_8,-42.642554977474276
fuerza|global,622,comp_9,47.480607021589144
fuerza|global,622,comp_10,-216.67145341241627
fuerza|global,622,comp_11,-4.1767946921473433e-14
fuerza|global,624,comp_0,0.0
fuerza|global,624,comp_1,1.6707178768589375e-14
fuerza|global,624,comp_2,-46.37367296398342
fuerza|global,624,comp_3,19.905173986822895
fuerza|global,624,comp_4,227.00156670135783
fuerza|global,624,comp_5,4.1767946921473433e-14
fuerza|global,624,comp_6,0.0
fuerza|global,624,comp_7,-1.6707178768589375e-14
fuerza|global,624,comp_8,46.37367296398342
fuerza|global,624,comp_9,-19.905173986822895
fuerza|global,624,comp_10,4.866798118559245
fuerza|global,624,comp_11,4.1767946921473433e-14
fuerza|global,626,comp_0,0.0
fuerza|global,626,comp_1,-1.6707178768589375e-14
fuerza|global,626,comp_2,7.584013007771805
fuerza|global,626,comp_3,-113.7670531571301
fuerza|global,626,comp_4,37.25620676423482
fuerza|global,626,comp_5,-4.1767946921473433e-14
fuerza|global,626,comp_6,0.0
fuerza|global,626,comp_7,1.6707178768589375e-14
fuerza|global,626,comp_8,-7.584013007771805
fuerza|global,626,comp_9,113.7670531571301
fuerza|global,626,comp_10,-75.17627180309384
fuerza|global,626,comp_11,-4.1767946921473433e-14
fuerza|global,628,comp_0,0.0
fuerza|global,628,comp_1,5.5690595895297907e-14
fuerza|global,628,comp_2,-70.4452272533354
fuerza|global,628,comp_3,12.708612340921945
fuerza|global,628,comp_4,129.70772063081105
fuerza|global,628,comp_5,1.3922648973824476e-13
fuerza|global,628,comp_6,0.0
fuerza|global,628,comp_7,-5.5690595895297907e-14
fuerza|global,628,comp_8,70.4452272533354
fuerza|global,628,comp_9,-12.708612340921945
fuerza|global,628,comp_10,222.518415635866
fuerza|global,628,comp_11,1.3922648973824476e-13
fuerza|global,630,comp_0,0.0
fuerza|global,630,comp_1,-1.6707178768589375e-14
fuerza|global,630,comp_2,-55.682185291033434
fuerza|global,630,comp_3,-24.012925035632424
fuerza|global,630,comp_4,-233.70621317455158
fuerza|global,630,comp_5,-4.1767946921473433e-14
fuerza|global,630,comp_6,0.0
fuerza|global,630,comp_7,1.6707178768589375e-14
fuerza|global,630,comp_8,55.682185291033434
fuerza|global,630,comp_9,24.012925035632424
fuerza|global,630,comp_10,512.1171396297187
fuerza|global,630,comp_11,-4.1767946921473433e-14
fuerza|global,632,comp_0,0.0
fuerza|global,632,comp_1,-6.68287150743575e-14
fuerza|global,632,comp_2,33.49922089461136
fuerza|global,632,comp_3,-187.5869275154698
fuerza|global,632,comp_4,-452.2077668928703
fuerza|global,632,comp_5,-8.353589384294687e-14
fuerza|global,632,comp_6,0.0
fuerza|global,632,comp_7,6.68287150743575e-14
fuerza|global,632,comp_8,-33.49922089461136
fuerza|global,632,comp_9,187.5869275154698
fuerza|global,632,comp_10,368.45971465634193
fuerza|global,632,comp_11,-8.353589384294687e-14
fuerza|global,634,comp_0,0.0
fuerza|global,634,comp_1,4.834253115911283e-14
fuerza|global,634,comp_2,39.544244286740934
fuerza|global,634,comp_3,-170.90828032454286
fuerza|global,634,comp_4,-226.07509136675063
fuerza|global,634,comp_5,5.801103739093536e-14
fuerza|global,634,comp_6,0.0
fuerza|global,634,comp_7,-4.834253115911283e-14
fuerza|global,634,comp_8,-39.544244286740934
fuerza|global,634,comp_9,170.90828032454286
fuerza|global,634,comp_10,131.16890507857244
fuerza|global,634,comp_11,5.801103739093536e-14
fuerza|global,635,comp_0,1.274928937501097e-11
fuerza|global,635,comp_1,0.0
fuerza|global,635,comp_2,-120.14107369052918
fuerza|global,635,comp_3,8.024564180238116
fuerza|global,635,comp_4,-40.101213564753905
fuerza|global,635,comp_5,-1.1538106884384929e-12
fuerza|global,635,comp_6,-1.274928937501097e-11
fuerza|global,635,comp_7,0.0
fuerza|global,635,comp_8,120.14107369052918
fuerza|global,635,comp_9,-29.770098518223897
fuerza|global,635,comp_10,40.101213564753905
fuerza|global,635,comp_11,-1.1538106884384929e-12
fuerza|global,636,comp_0,0.0
fuerza|global,636,comp_1,0.0
fuerza|global,636,comp_2,-119.70138571099892
fuerza|global,636,comp_3,-157.5447820120653
fuerza|global,636,comp_4,6.881518651352355
fuerza|global,636,comp_5,0.0
fuerza|global,636,comp_6,0.0
fuerza|global,636,comp_7,0.0
fuerza|global,636,comp_8,119.70138571099892
fuerza|global,636,comp_9,-886.1316000021345
fuerza|global,636,comp_10,-6.881518651352355
fuerza|global,636,comp_11,0.0
fuerza|global,637,comp_0,1.7849005125015524e-10
fuerza|global,637,comp_1,0.0
fuerza|global,637,comp_2,-300.43512914846514
fuerza|global,637,comp_3,859.0410322181809
fuerza|global,637,comp_4,-108.79742369462551
fuerza|global,637,comp_5,-1.6153349638138973e-11
fuerza|global,637,comp_6,-1.7849005125015524e-10
fuerza|global,637,comp_7,0.0
fuerza|global,637,comp_8,300.43512914846514
fuerza|global,637,comp_9,-913.4197905940529
fuerza|global,637,comp_10,108.79742369462551
fuerza|global,637,comp_11,-1.6153349638138973e-11
fuerza|global,638,comp_0,2.7861590848745495e-15
fuerza|global,638,comp_1,0.0
fuerza|global,638,comp_2,185.6822623261941
fuerza|global,638,comp_3,1384.6576684351753
fuerza|global,638,comp_4,-65.7207189166884
fuerza|global,638,comp_5,-9.847679285489093e-15
fuerza|global,638,comp_6,-2.7861590848745495e-15
fuerza|global,638,comp_7,0.0
fuerza|global,638,comp_8,-185.6822623261941
fuerza|global,638,comp_9,-72.06975605130947
fuerza|global,638,comp_10,65.7207189166884
fuerza|global,638,comp_11,-9.847679285489093e-15
fuerza|global,639,comp_0,1.274928937501097e-11
fuerza|global,639,comp_1,0.0
fuerza|global,639,comp_2,-257.77300185601075
fuerza|global,639,comp_3,7.7000573730733635
fuerza|global,639,comp_4,-25.64208483061001
fuerza|global,639,comp_5,-1.1538106884384929e-12
fuerza|global,639,comp_6,-1.274928937501097e-11
fuerza|global,639,comp_7,0.0
fuerza|global,639,comp_8,257.77300185601075
fuerza|global,639,comp_9,-54.35697070901131
fuerza|global,639,comp_10,25.64208483061001
fuerza|global,639,comp_11,-1.1538106884384929e-12
fuerza|global,640,comp_0,0.0
fuerza|global,640,comp_1,0.0
fuerza|global,640,comp_2,-160.75032457138454
fuerza|global,640,comp_3,-213.02692219161224
fuerza|global,640,comp_4,-28.486712614702633
fuerza|global,640,comp_5,0.0
fuerza|global,640,comp_6,0.0
fuerza|global,640,comp_7,0.0
fuerza|global,640,comp_8,160.75032457138454
fuerza|global,640,comp_9,-1188.55515774629
fuerza|global,640,comp_10,28.486712614702633
fuerza|global,640,comp_11,0.0
fuerza|global,641,comp_0,1.7849005125015524e-10
fuerza|global,641,comp_1,0.0
fuerza|global,641,comp_2,-853.5004629739395
fuerza|global,641,comp_3,1145.7615391545714
fuerza|global,641,comp_4,147.14899841815605
fuerza|global,641,comp_5,-1.6153349638138973e-11
fuerza|global,641,comp_6,-1.7849005125015524e-10
fuerza|global,641,comp_7,0.0
fuerza|global,641,comp_8,853.5004629739395
fuerza|global,641,comp_9,-1300.2451229528538
fuerza|global,641,comp_10,-147.14899841815605
fuerza|global,641,comp_11,-1.6153349638138973e-11
fuerza|global,642,comp_0,2.7861590848745495e-15
fuerza|global,642,comp_1,0.0
fuerza|global,642,comp_2,283.12650720165686
fuerza|global,642,comp_3,1915.9189926487215
fuerza|global,642,comp_4,-18.4855920872313
fuerza|global,642,comp_5,-9.847679285489093e-15
fuerza|global,642,comp_6,-2.7861590848745495e-15
fuerza|global,642,comp_7,0.0
fuerza|global,642,comp_8,-283.12650720165686
fuerza|global,642,comp_9,85.50228675979042
fuerza|global,642,comp_10,18.4855920872313
fuerza|global,642,comp_11,-9.847679285489093e-15
fuerza|global,643,comp_0,1.7576882936276324e-15
fuerza|global,643,comp_1,0.0
fuerza|global,643,comp_2,-146.06205923150276
fuerza|global,643,comp_3,-23.753377767614893
fuerza|global,643,comp_4,3.6515757155793955
fuerza|global,643,comp_5,-7.821712906642964e-15
fuerza|global,643,comp_6,-1.7576882936276324e-15
fuerza|global,643,comp_7,0.0
fuerza|global,643,comp_8,146.06205923150276
fuerza|global,643,comp_9,-1276.1989493927597
fuerza|global,643,comp_10,-3.6515757155793955
fuerza|global,643,comp_11,-7.821712906642964e-15
fuerza|global,644,comp_0,2.6487798285516258e-15
fuerza|global,644,comp_1,0.0
fuerza|global,644,comp_2,175.85356054669154
fuerza|global,644,comp_3,1383.845250150294
fuerza|global,644,comp_4,-40.82695164916183
fuerza|global,644,comp_5,-9.601826878499642e-15
fuerza|global,644,comp_6,-2.6487798285516258e-15
fuerza|global,644,comp_7,0.0
fuerza|global,644,comp_8,-175.85356054669154
fuerza|global,644,comp_9,-108.90693618678085
fuerza|global,644,comp_10,40.82695164916183
fuerza|global,644,comp_11,-9.601826878499642e-15
fuerza|global,645,comp_0,1.274928937501097e-11
fuerza|global,645,comp_1,0.0
fuerza|global,645,comp_2,-235.30261202782387
fuerza|global,645,comp_3,30.408122475516848
fuerza|global,645,comp_4,-55.797815695282424
fuerza|global,645,comp_5,-1.1538106884384929e-12
fuerza|global,645,comp_6,-1.274928937501097e-11
fuerza|global,645,comp_7,0.0
fuerza|global,645,comp_8,235.30261202782387
fuerza|global,645,comp_9,-72.99789525255296
fuerza|global,645,comp_10,55.797815695282424
fuerza|global,645,comp_11,-1.1538106884384929e-12
fuerza|global,646,comp_0,0.0
fuerza|global,646,comp_1,0.0
fuerza|global,646,comp_2,-184.95408655543423
fuerza|global,646,comp_3,-248.8263474755829
fuerza|global,646,comp_4,4.190029613191043
fuerza|global,646,comp_5,0.0
fuerza|global,646,comp_6,0.0
fuerza|global,646,comp_7,0.0
fuerza|global,646,comp_8,184.95408655543423
fuerza|global,646,comp_9,-1363.7883332012484
fuerza|global,646,comp_10,-4.190029613191043
fuerza|global,646,comp_11,0.0
fuerza|global,647,comp_0,1.7849005125015524e-10
fuerza|global,647,comp_1,0.0
fuerza|global,647,comp_2,-1254.0498408779033
fuerza|global,647,comp_3,1268.3159556729297
fuerza|global,647,comp_4,-66.58478610380033
fuerza|global,647,comp_5,-1.6153349638138973e-11
fuerza|global,647,comp_6,-1.7849005125015524e-10
fuerza|global,647,comp_7,0.0
fuerza|global,647,comp_8,1254.0498408779033
fuerza|global,647,comp_9,-1495.2989768718292
fuerza|global,647,comp_10,66.58478610380033
fuerza|global,647,comp_11,-1.6153349638138973e-11
fuerza|global,648,comp_0,2.7861590848745495e-15
fuerza|global,648,comp_1,0.0
fuerza|global,648,comp_2,328.9196037054454
fuerza|global,648,comp_3,2182.1776660939063
fuerza|global,648,comp_4,-20.098846984257438
fuerza|global,648,comp_5,-9.847679285489093e-15
fuerza|global,648,comp_6,-2.7861590848745495e-15
fuerza|global,648,comp_7,0.0
fuerza|global,648,comp_8,-328.9196037054454
fuerza|global,648,comp_9,142.95501249988683
fuerza|global,648,comp_10,20.098846984257438
fuerza|global,648,comp_11,-9.847679285489093e-15
fuerza|global,649,comp_0,1.7576882936276324e-15
fuerza|global,649,comp_1,0.0
fuerza|global,649,comp_2,-165.2577009354501
fuerza|global,649,comp_3,-49.97972095187697
fuerza|global,649,comp_4,-0.5500594204465061
fuerza|global,649,comp_5,-7.821712906642964e-15
fuerza|global,649,comp_6,-1.7576882936276324e-15
fuerza|global,649,comp_7,0.0
fuerza|global,649,comp_8,165.2577009354501
fuerza|global,649,comp_9,-1420.8138173736288
fuerza|global,649,comp_10,0.5500594204465061
fuerza|global,649,comp_11,-7.821712906642964e-15
fuerza|global,650,comp_0,2.6487798285516258e-15
fuerza|global,650,comp_1,0.0
fuerza|global,650,comp_2,203.69887058003084
fuerza|global,650,comp_3,1544.2025927136333
fuerza|global,650,comp_4,10.33011328894147
fuerza|global,650,comp_5,-9.601826878499642e-15
fuerza|global,650,comp_6,-2.6487798285516258e-15
fuerza|global,650,comp_7,0.0
fuerza|global,650,comp_8,-203.69887058003084
fuerza|global,650,comp_9,-67.38578100841005
fuerza|global,650,comp_10,-10.33011328894147
fuerza|global,650,comp_11,-9.601826878499642e-15
fuerza|global,651,comp_0,1.274928937501097e-11
fuerza|global,651,comp_1,0.0
fuerza|global,651,comp_2,-245.42962533025016
fuerza|global,651,comp_3,33.448000445340526
fuerza|global,651,comp_4,-16.19933940165963
fuerza|global,651,comp_5,-1.1538106884384929e-12
fuerza|global,651,comp_6,-1.274928937501097e-11
fuerza|global,651,comp_7,0.0
fuerza|global,651,comp_8,245.42962533025016
fuerza|global,651,comp_9,-77.8707626301158
fuerza|global,651,comp_10,16.19933940165963
fuerza|global,651,comp_11,-1.1538106884384929e-12
fuerza|global,652,comp_0,0.0
fuerza|global,652,comp_1,0.0
fuerza|global,652,comp_2,-182.13018661664873
fuerza|global,652,comp_3,-259.83276994803816
fuerza|global,652,comp_4,0.8477494142309977
fuerza|global,652,comp_5,0.0
fuerza|global,652,comp_6,0.0
fuerza|global,652,comp_7,0.0
fuerza|global,652,comp_8,182.13018661664873
fuerza|global,652,comp_9,-1328.1603271625224
fuerza|global,652,comp_10,-0.8477494142309977
fuerza|global,652,comp_11,0.0
fuerza|global,653,comp_0,1.7849005125015524e-10
fuerza|global,653,comp_1,0.0
fuerza|global,653,comp_2,-1223.2025345421634
fuerza|global,653,comp_3,1238.2683892752823
fuerza|global,653,comp_4,44.09977949563396
fuerza|global,653,comp_5,-1.6153349638138973e-11
fuerza|global,653,comp_6,-1.7849005125015524e-10
fuerza|global,653,comp_7,0.0
fuerza|global,653,comp_8,1223.2025345421634
fuerza|global,653,comp_9,-1459.6680480274129
fuerza|global,653,comp_10,-44.09977949563396
fuerza|global,653,comp_11,-1.6153349638138973e-11
fuerza|global,654,comp_0,2.7861590848745495e-15
fuerza|global,654,comp_1,0.0
fuerza|global,654,comp_2,314.47746015226005
fuerza|global,654,comp_3,2089.3689386723763
fuerza|global,654,comp_4,42.12300488278449
fuerza|global,654,comp_5,-9.847679285489093e-15
fuerza|global,654,comp_6,-2.7861590848745495e-15
fuerza|global,654,comp_7,0.0
fuerza|global,654,comp_8,-314.47746015226005
fuerza|global,654,comp_9,133.67222714394939
fuerza|global,654,comp_10,-42.12300488278449
fuerza|global,654,comp_11,-9.847679285489093e-15
fuerza|global,655,comp_0,1.7576882936276324e-15
fuerza|global,655,comp_1,0.0
fuerza|global,655,comp_2,-135.94765511588795
fuerza|global,655,comp_3,-28.653987604882445
fuerza|global,655,comp_4,-4.236731137921586
fuerza|global,655,comp_5,-7.821712906642964e-15
fuerza|global,655,comp_6,-1.7576882936276324e-15
fuerza|global,655,comp_7,0.0
fuerza|global,655,comp_8,135.94765511588795
fuerza|global,655,comp_9,-1181.2801429265205
fuerza|global,655,comp_10,4.236731137921586
fuerza|global,655,comp_11,-7.821712906642964e-15
fuerza|global,656,comp_0,2.6487798285516258e-15
fuerza|global,656,comp_1,0.0
fuerza|global,656,comp_2,156.77505995581825
fuerza|global,656,comp_3,1263.094850177734
fuerza|global,656,comp_4,54.5314488277147
fuerza|global,656,comp_5,-9.601826878499642e-15
fuerza|global,656,comp_6,-2.6487798285516258e-15
fuerza|global,656,comp_7,0.0
fuerza|global,656,comp_8,-156.77505995581825
fuerza|global,656,comp_9,-126.47566549805197
fuerza|global,656,comp_10,-54.5314488277147
fuerza|global,656,comp_11,-9.601826878499642e-15
fuerza|global,657,comp_0,1.274928937501097e-11
fuerza|global,657,comp_1,0.0
fuerza|global,657,comp_2,-62.254538984669445
fuerza|global,657,comp_3,13.286845245509518
fuerza|global,657,comp_4,-80.56451970214083
fuerza|global,657,comp_5,-1.1538106884384929e-12
fuerza|global,657,comp_6,-1.274928937501097e-11
fuerza|global,657,comp_7,0.0
fuerza|global,657,comp_8,62.254538984669445
fuerza|global,657,comp_9,-24.554916801734688
fuerza|global,657,comp_10,80.56451970214083
fuerza|global,657,comp_11,-1.1538106884384929e-12
fuerza|global,658,comp_0,0.0
fuerza|global,658,comp_1,0.0
fuerza|global,658,comp_2,-170.00354980422122
fuerza|global,658,comp_3,-294.8980386043497
fuerza|global,658,comp_4,33.5842833029216
fuerza|global,658,comp_5,0.0
fuerza|global,658,comp_6,0.0
fuerza|global,658,comp_7,0.0
fuerza|global,658,comp_8,170.00354980422122
fuerza|global,658,comp_9,-1187.3629121386552
fuerza|global,658,comp_10,-33.5842833029216
fuerza|global,658,comp_11,0.0
fuerza|global,659,comp_0,1.7849005125015524e-10
fuerza|global,659,comp_1,0.0
fuerza|global,659,comp_2,-449.8066148011038
fuerza|global,659,comp_3,1135.3237459888633
fuerza|global,659,comp_4,-247.38434815118876
fuerza|global,659,comp_5,-1.6153349638138973e-11
fuerza|global,659,comp_6,-1.7849005125015524e-10
fuerza|global,659,comp_7,0.0
fuerza|global,659,comp_8,449.8066148011038
fuerza|global,659,comp_9,-1216.7387432678627
fuerza|global,659,comp_10,247.38434815118876
fuerza|global,659,comp_11,-1.6153349638138973e-11
fuerza|global,660,comp_0,2.7861590848745495e-15
fuerza|global,660,comp_1,0.0
fuerza|global,660,comp_2,246.6993041007383
fuerza|global,660,comp_3,1707.1958433115667
fuerza|global,660,comp_4,-11.187797538684308
fuerza|global,660,comp_5,-9.847679285489093e-15
fuerza|global,660,comp_6,-2.7861590848745495e-15
fuerza|global,660,comp_7,0.0
fuerza|global,660,comp_8,-246.6993041007383
fuerza|global,660,comp_9,36.72153737655185
fuerza|global,660,comp_10,11.187797538684308
fuerza|global,660,comp_11,-9.847679285489093e-15
fuerza|global,661,comp_0,1.274928937501097e-11
fuerza|global,661,comp_1,0.0
fuerza|global,661,comp_2,-290.1382512796326
fuerza|global,661,comp_3,-37.503697152397194
fuerza|global,661,comp_4,54.72346036824564
fuerza|global,661,comp_5,-1.1538106884384929e-12
fuerza|global,661,comp_6,-1.274928937501097e-11
fuerza|global,661,comp_7,0.0
fuerza|global,661,comp_8,290.1382512796326
fuerza|global,661,comp_9,-15.011326329216306
fuerza|global,661,comp_10,-54.72346036824564
fuerza|global,661,comp_11,-1.1538106884384929e-12
fuerza|global,662,comp_0,0.0
fuerza|global,662,comp_1,0.0
fuerza|global,662,comp_2,-163.5220511693475
fuerza|global,662,comp_3,-292.5845214596837
fuerza|global,662,comp_4,-64.89255018941178
fuerza|global,662,comp_5,0.0
fuerza|global,662,comp_6,0.0
fuerza|global,662,comp_7,0.0
fuerza|global,662,comp_8,163.5220511693475
fuerza|global,662,comp_9,-1133.1642426858573
fuerza|global,662,comp_10,64.89255018941178
fuerza|global,662,comp_11,0.0
fuerza|global,663,comp_0,1.7849005125015524e-10
fuerza|global,663,comp_1,0.0
fuerza|global,663,comp_2,-1360.8008978958637
fuerza|global,663,comp_3,1050.1290728542033
fuerza|global,663,comp_4,496.4405813330279
fuerza|global,663,comp_5,-1.6153349638138973e-11
fuerza|global,663,comp_6,-1.7849005125015524e-10
fuerza|global,663,comp_7,0.0
fuerza|global,663,comp_8,1360.8008978958637
fuerza|global,663,comp_9,-1296.4340353733535
fuerza|global,663,comp_10,-496.4405813330279
fuerza|global,663,comp_11,-1.6153349638138973e-11
fuerza|global,664,comp_0,2.7861590848745495e-15
fuerza|global,664,comp_1,0.0
fuerza|global,664,comp_2,271.2662036888613
fuerza|global,664,comp_3,1754.0067913967232
fuerza|global,664,comp_4,59.909372736799725
fuerza|global,664,comp_5,-9.847679285489093e-15
fuerza|global,664,comp_6,-2.7861590848745495e-15
fuerza|global,664,comp_7,0.0
fuerza|global,664,comp_8,-271.2662036888613
fuerza|global,664,comp_9,163.57400247983696
fuerza|global,664,comp_10,-59.909372736799725
fuerza|global,664,comp_11,-9.847679285489093e-15
fuerza|global,665,comp_0,1.7576882936276324e-15
fuerza|global,665,comp_1,0.0
fuerza|global,665,comp_2,-114.34993696327129
fuerza|global,665,comp_3,-71.06770655999435
fuerza|global,665,comp_4,-115.22738784969684
fuerza|global,665,comp_5,-7.821712906642964e-15
fuerza|global,665,comp_6,-1.7576882936276324e-15
fuerza|global,665,comp_7,0.0
fuerza|global,665,comp_8,114.34993696327129
fuerza|global,665,comp_9,-946.6467324131202
fuerza|global,665,comp_10,115.22738784969684
fuerza|global,665,comp_11,-7.821712906642964e-15
fuerza|global,666,comp_0,2.6487798285516258e-15
fuerza|global,666,comp_1,0.0
fuerza|global,666,comp_2,139.9160161823824
fuerza|global,666,comp_3,1031.0697645132016
fuerza|global,666,comp_4,142.38462328958258
fuerza|global,666,comp_5,-9.601826878499642e-15
fuerza|global,666,comp_6,-2.6487798285516258e-15
fuerza|global,666,comp_7,0.0
fuerza|global,666,comp_8,-139.9160161823824
fuerza|global,666,comp_9,-16.67864719092927
fuerza|global,666,comp_10,-142.38462328958258
fuerza|global,666,comp_11,-9.601826878499642e-15
fuerza|global,667,comp_0,1.7576882936276324e-15
fuerza|global,667,comp_1,0.0
fuerza|global,667,comp_2,-48.56498590972624
fuerza|global,667,comp_3,118.09090031710934
fuerza|global,667,comp_4,-106.53311867952537
fuerza|global,667,comp_5,-7.821712906642964e-15
fuerza|global,667,comp_6,-1.7576882936276324e-15
fuerza|global,667,comp_7,0.0
fuerza|global,667,comp_8,48.56498590972624
fuerza|global,667,comp_9,-550.3192749136729
fuerza|global,667,comp_10,106.53311867952537
fuerza|global,667,comp_11,-7.821712906642964e-15
fuerza|global,668,comp_0,2.6487798285516258e-15
fuerza|global,668,comp_1,0.0
fuerza|global,668,comp_2,51.373933367294065
fuerza|global,668,comp_3,543.3692972374247
fuerza|global,668,comp_4,131.1689050785578
fuerza|global,668,comp_5,-9.601826878499642e-15
fuerza|global,668,comp_6,-2.6487798285516258e-15
fuerza|global,668,comp_7,0.0
fuerza|global,668,comp_8,-51.373933367294065
fuerza|global,668,comp_9,-170.90828032454277
fuerza|global,668,comp_10,-131.1689050785578
fuerza|global,668,comp_11,-9.601826878499642e-15
fuerza|global,669,comp_0,3.5210076130627735e-10
fuerza|global,669,comp_1,-3.506742908962627e-10
fuerza|global,669,comp_2,182.57053972256102
fuerza|global,669,comp_3,-36.53905003608361
fuerza|global,669,comp_4,-42.32801483487298
fuerza|global,669,comp_5,1.237110598378561e-10
fuerza|global,669,comp_6,-3.5210076130627735e-10
fuerza|global,669,comp_7,3.506742908962627e-10
fuerza|global,669,comp_8,-182.57053972256102
fuerza|global,669,comp_9,0.024942091570872904
fuerza|global,669,comp_10,-21.571674068023654
fuerza|global,669,comp_11,-1.7602690939029207e-10
fuerza|global,670,comp_0,1.308203182024683e-09
fuerza|global,670,comp_1,-1.2777098941243265e-10
fuerza|global,670,comp_2,188.9668140313116
fuerza|global,670,comp_3,-37.76842071602685
fuerza|global,670,comp_4,-39.73800229398216
fuerza|global,670,comp_5,2.1345660639219766e-10
fuerza|global,670,comp_6,-1.308203182024683e-09
fuerza|global,670,comp_7,1.2777098941243265e-10
fuerza|global,670,comp_8,-188.9668140313116
fuerza|global,670,comp_9,-0.024942090236004688
fuerza|global,670,comp_10,-26.40038261697717
fuerza|global,670,comp_11,3.4641837183910313e-12
fuerza|global,269,comp_0,4.717696564258963
fuerza|global,269,comp_1,2.39712155496398
fuerza|global,269,comp_2,459.1804128968239
fuerza|global,269,comp_3,-17.60648291959587
fuerza|global,269,comp_4,4.922931440948009
fuerza|global,269,comp_5,-0.07483752920564539
fuerza|global,269,comp_6,-4.717696564258963
fuerza|global,269,comp_7,-2.39712155496398
fuerza|global,269,comp_8,-459.1804128968239
fuerza|global,269,comp_9,8.11388156193851
fuerza|global,269,comp_10,13.759146953517485
fuerza|global,269,comp_11,0.07483752920564539
fuerza|global,272,comp_0,6.036859906118472
fuerza|global,272,comp_1,6.5576640619633615
fuerza|global,272,comp_2,580.1684085572699
fuerza|global,272,comp_3,-23.098399028835054
fuerza|global,272,comp_4,6.662430761549448
fuerza|global,272,comp_5,-0.07483752920564539
fuerza|global,272,comp_6,-6.036859906118472
fuerza|global,272,comp_7,-6.5576640619633615
fuerza|global,272,comp_8,-580.1684085572699
fuerza|global,272,comp_9,-2.8699506565398583
fuerza|global,272,comp_10,17.243534466679698
fuerza|global,272,comp_11,0.07483752920564539
fuerza|global,275,comp_0,-1.7620903333427815
fuerza|global,275,comp_1,4.783486789642162
fuerza|global,275,comp_2,426.80793877837516
fuerza|global,275,comp_3,-18.9426076869837
fuerza|global,275,comp_4,-6.977877720037405
fuerza|global,275,comp_5,-0.13286971038998588
fuerza|global,275,comp_6,1.7620903333427815
fuerza|global,275,comp_7,-4.783486789642162
fuerza|global,275,comp_8,-426.80793877837516
fuerza|global,275,comp_9,7.371880883511039e-13
fuerza|global,275,comp_10,-8.881784197001252e-15
fuerza|global,275,comp_11,0.13286971038998588
fuerza|global,278,comp_0,-1.7646588189694699
fuerza|global,278,comp_1,4.7834867896421835
fuerza|global,278,comp_2,426.80793877837516
fuerza|global,278,comp_3,-18.942607686983727
fuerza|global,278,comp_4,-6.988048923119102
fuerza|global,278,comp_5,-0.13286971038998588
fuerza|global,278,comp_6,1.7646588189694699
fuerza|global,278,comp_7,-4.7834867896421835
fuerza|global,278,comp_8,-426.80793877837516
fuerza|global,278,comp_9,6.821210263296962e-13
fuerza|global,278,comp_10,1.7763568394002505e-15
fuerza|global,278,comp_11,0.13286971038998588
fuerza|global,281,comp_0,-0.6307428240458943
fuerza|global,281,comp_1,0.1887627472725712
fuerza|global,281,comp_2,102.49554808756291
fuerza|global,281,comp_3,-0.7475004791993352
fuerza|global,281,comp_4,-2.497741583221739
fuerza|global,281,comp_5,-0.006103765162039835
fuerza|global,281,comp_6,0.6307428240458943
fuerza|global,281,comp_7,-0.1887627472725712
fuerza|global,281,comp_8,-102.49554808756291
fuerza|global,281,comp_9,-4.674038933671909e-14
fuerza|global,281,comp_10,-2.4424906541753444e-15
fuerza|global,281,comp_11,0.006103765162039835
fuerza|global,284,comp_0,-0.6310704370084826
fuerza|global,284,comp_1,0.18876274727257375
fuerza|global,284,comp_2,102.49554808756291
fuerza|global,284,comp_3,-0.7475004791993385
fuerza|global,284,comp_4,-2.499038930553589
fuerza|global,284,comp_5,-0.006103765162039835
fuerza|global,284,comp_6,0.6310704370084826
fuerza|global,284,comp_7,-0.18876274727257375
fuerza|global,284,comp_8,-102.49554808756291
fuerza|global,284,comp_9,-5.345723863570129e-14
fuerza|global,284,comp_10,-2.4424906541753444e-15
fuerza|global,284,comp_11,0.006103765162039835
fuerza|global,287,comp_0,-0.03942276917894471
fuerza|global,287,comp_1,0.014077141270793606
fuerza|global,287,comp_2,358.23362572624274
fuerza|global,287,comp_3,-0.05574547943234315
fuerza|global,287,comp_4,-0.15611416594862054
fuerza|global,287,comp_5,-0.0003814853226274897
fuerza|global,287,comp_6,0.03942276917894471
fuerza|global,287,comp_7,-0.014077141270793606
fuerza|global,287,comp_8,-358.23362572624274
fuerza|global,287,comp_9,4.718447854656915e-16
fuerza|global,287,comp_10,-4.996003610813204e-16
fuerza|global,287,comp_11,0.0003814853226274897
fuerza|global,290,comp_0,-0.03943300708402563
fuerza|global,290,comp_1,0.014077141270793613
fuerza|global,290,comp_2,358.23362572624274
fuerza|global,290,comp_3,-0.05574547943234316
fuerza|global,290,comp_4,-0.1561547080527409
fuerza|global,290,comp_5,-0.0003814853226274897
fuerza|global,290,comp_6,0.03943300708402563
fuerza|global,290,comp_7,-0.014077141270793613
fuerza|global,290,comp_8,-358.23362572624274
fuerza|global,290,comp_9,4.579669976578771e-16
fuerza|global,290,comp_10,-6.106226635438361e-16
fuerza|global,290,comp_11,0.0003814853226274897
fuerza|global,293,comp_0,-0.49954737077743655
fuerza|global,293,comp_1,0.08919979538597582
fuerza|global,293,comp_2,41.90325045763937
fuerza|global,293,comp_3,-0.3532311897283762
fuerza|global,293,comp_4,-1.978207588278646
fuerza|global,293,comp_5,0.012367750306713714
fuerza|global,293,comp_6,0.49954737077743655
fuerza|global,293,comp_7,-0.08919979538597582
fuerza|global,293,comp_8,-41.90325045763937
fuerza|global,293,comp_9,-8.806844142839054e-14
fuerza|global,293,comp_10,-2.4424906541753444e-15
fuerza|global,293,comp_11,-0.012367750306713714
fuerza|global,295,comp_0,0.29497823803895884
fuerza|global,295,comp_1,0.09982793299094617
fuerza|global,295,comp_2,83.68585748379297
fuerza|global,295,comp_3,-1.143868419016656
fuerza|global,295,comp_4,0.3580200569898905
fuerza|global,295,comp_5,-0.006555577128694368
fuerza|global,295,comp_6,-0.29497823803895884
fuerza|global,295,comp_7,-0.09982793299094617
fuerza|global,295,comp_8,-83.68585748379297
fuerza|global,295,comp_9,0.3532311897283623
fuerza|global,295,comp_10,1.9782075882786632
fuerza|global,295,comp_11,0.006555577128694368
fuerza|global,298,comp_0,-0.5008141489479587
fuerza|global,298,comp_1,0.08919979538597612
fuerza|global,298,comp_2,41.90325045763937
fuerza|global,298,comp_3,-0.3532311897283766
fuerza|global,298,comp_4,-1.983224029833924
fuerza|global,298,comp_5,0.012367750306713714
fuerza|global,298,comp_6,0.5008141489479587
fuerza|global,298,comp_7,-0.08919979538597612
fuerza|global,298,comp_8,-41.90325045763937
fuerza|global,298,comp_9,-8.884559754562815e-14
fuerza|global,298,comp_10,7.771561172376096e-15
fuerza|global,298,comp_11,-0.012367750306713714
fuerza|global,300,comp_0,0.2961621067050096
fuerza|global,300,comp_1,0.09982793299094617
fuerza|global,300,comp_2,83.68585748379297
fuerza|global,300,comp_3,-1.143868419016656
fuerza|global,300,comp_4,0.3623798552697356
fuerza|global,300,comp_5,-0.006555577128694368
fuerza|global,300,comp_6,-0.2961621067050096
fuerza|global,300,comp_7,-0.09982793299094617
fuerza|global,300,comp_8,-83.68585748379297
fuerza|global,300,comp_9,0.3532311897283623
fuerza|global,300,comp_10,1.98322402983394
fuerza|global,300,comp_11,0.006555577128694368
fuerza|global,303,comp_0,-0.5227204718328806
fuerza|global,303,comp_1,0.1273800320571553
fuerza|global,303,comp_2,44.80227511954937
fuerza|global,303,comp_3,-0.504424926946301
fuerza|global,303,comp_4,-2.0699730684582045
fuerza|global,303,comp_5,0.014085978467505946
fuerza|global,303,comp_6,0.5227204718328806
fuerza|global,303,comp_7,-0.1273800320571553
fuerza|global,303,comp_8,-44.80227511954937
fuerza|global,303,comp_9,-3.397282455352979e-14
fuerza|global,303,comp_10,-2.6645352591003757e-15
fuerza|global,303,comp_11,-0.014085978467505946
fuerza|global,305,comp_0,0.30864053132798186
fuerza|global,305,comp_1,0.0909152423000872
fuerza|global,305,comp_2,89.88617071646058
fuerza|global,305,comp_3,-1.2244736459629315
fuerza|global,305,comp_4,0.3744599396594084
fuerza|global,305,comp_5,-0.007466331061578476
fuerza|global,305,comp_6,-0.30864053132798186
fuerza|global,305,comp_7,-0.0909152423000872
fuerza|global,305,comp_8,-89.88617071646058
fuerza|global,305,comp_9,0.504424926946241
fuerza|global,305,comp_10,2.0699730684582076
fuerza|global,305,comp_11,0.007466331061578476
fuerza|global,308,comp_0,-0.5241078302943795
fuerza|global,308,comp_1,0.12738003205715356
fuerza|global,308,comp_2,44.80227511954937
fuerza|global,308,comp_3,-0.5044249269462978
fuerza|global,308,comp_4,-2.075467007965741
fuerza|global,308,comp_5,0.014085978467505946
fuerza|global,308,comp_6,0.5241078302943795
fuerza|global,308,comp_7,-0.12738003205715356
fuerza|global,308,comp_8,-44.80227511954937
fuerza|global,308,comp_9,-3.036459972349803e-14
fuerza|global,308,comp_10,-1.5543122344752192e-15
fuerza|global,308,comp_11,-0.014085978467505946
fuerza|global,310,comp_0,0.30993708841221884
fuerza|global,310,comp_1,0.09091524230008703
fuerza|global,310,comp_2,89.88617071646058
fuerza|global,310,comp_3,-1.224473645962931
fuerza|global,310,comp_4,0.3792347322590245
fuerza|global,310,comp_5,-0.007466331061578476
fuerza|global,310,comp_6,-0.30993708841221884
fuerza|global,310,comp_7,-0.09091524230008703
fuerza|global,310,comp_8,-89.88617071646058
fuerza|global,310,comp_9,0.5044249269462419
fuerza|global,310,comp_10,2.0754670079657487
fuerza|global,310,comp_11,0.007466331061578476
fuerza|global,313,comp_0,-0.47840754294498006
fuerza|global,313,comp_1,1.3442545510211903
fuerza|global,313,comp_2,95.50928810707615
fuerza|global,313,comp_3,-5.323248022042375
fuerza|global,313,comp_4,-1.8944938700621408
fuerza|global,313,comp_5,0.2592413658478681
fuerza|global,313,comp_6,0.47840754294498006
fuerza|global,313,comp_7,-1.3442545510211903
fuerza|global,313,comp_8,-95.50928810707615
fuerza|global,313,comp_9,-1.538769112130467e-12
fuerza|global,313,comp_10,1.9761969838327786e-14
fuerza|global,313,comp_11,-0.2592413658478681
fuerza|global,315,comp_0,0.2824759430754873
fuerza|global,315,comp_1,2.868961547772609
fuerza|global,315,comp_2,191.20047446454635
fuerza|global,315,comp_3,-28.04542348040033
fuerza|global,315,comp_4,0.3427155990956917
fuerza|global,315,comp_5,-0.1374119566305627
fuerza|global,315,comp_6,-0.2824759430754873
fuerza|global,315,comp_7,-2.868961547772609
fuerza|global,315,comp_8,-191.20047446454635
fuerza|global,315,comp_9,5.323248022041266
fuerza|global,315,comp_10,1.8944938700621676
fuerza|global,315,comp_11,0.1374119566305627
fuerza|global,318,comp_0,-0.4784075429449781
fuerza|global,318,comp_1,2.528302008538337
fuerza|global,318,comp_2,95.50928810707615
fuerza|global,318,comp_3,-10.01207595381048
fuerza|global,318,comp_4,-1.8944938700621412
fuerza|global,318,comp_5,0.2592413658478681
fuerza|global,318,comp_6,0.4784075429449781
fuerza|global,318,comp_7,-2.528302008538337
fuerza|global,318,comp_8,-95.50928810707615
fuerza|global,318,comp_9,-1.334043986389588e-12
fuerza|global,318,comp_10,2.7977620220553945e-14
fuerza|global,318,comp_11,-0.2592413658478681
fuerza|global,320,comp_0,0.28247594307548674
fuerza|global,320,comp_1,1.7624089431509664
fuerza|global,320,comp_2,191.20047446454635
fuerza|global,320,comp_3,-23.97035478356557
fuerza|global,320,comp_4,0.34271559909569016
fuerza|global,320,comp_5,-0.1374119566305627
fuerza|global,320,comp_6,-0.28247594307548674
fuerza|global,320,comp_7,-1.7624089431509664
fuerza|global,320,comp_8,-191.20047446454635
fuerza|global,320,comp_9,10.012075953809916
fuerza|global,320,comp_10,1.8944938700621645
fuerza|global,320,comp_11,0.1374119566305627
fuerza|global,323,comp_0,-0.03560439356762038
fuerza|global,323,comp_1,0.06632273407445893
fuerza|global,323,comp_2,33.05015386969866
fuerza|global,323,comp_3,-0.5252760538697214
fuerza|global,323,comp_4,-0.2819867970555532
fuerza|global,323,comp_5,-0.0026278302308112397
fuerza|global,323,comp_6,0.03560439356762038
fuerza|global,323,comp_7,-0.06632273407445893
fuerza|global,323,comp_8,-33.05015386969866
fuerza|global,323,comp_9,6.6058269965196814e-15
fuerza|global,323,comp_10,-1.942890293094024e-16
fuerza|global,323,comp_11,0.0026278302308112397
fuerza|global,326,comp_0,-0.03552188530392539
fuerza|global,326,comp_1,0.0663227340744588
fuerza|global,326,comp_2,33.05015386969866
fuerza|global,326,comp_3,-0.525276053869721
fuerza|global,326,comp_4,-0.2813333316070882
fuerza|global,326,comp_5,-0.0026278302308112397
fuerza|global,326,comp_6,0.03552188530392539
fuerza|global,326,comp_7,-0.0663227340744588
fuerza|global,326,comp_8,-33.05015386969866
fuerza|global,326,comp_9,7.382983113757291e-15
fuerza|global,326,comp_10,-9.159339953157541e-16
fuerza|global,326,comp_11,0.0026278302308112397
fuerza|global,329,comp_0,-0.03560439356762035
fuerza|global,329,comp_1,0.06441100110298997
fuerza|global,329,comp_2,33.05015386969866
fuerza|global,329,comp_3,-0.5101351287356881
fuerza|global,329,comp_4,-0.28198679705555313
fuerza|global,329,comp_5,-0.0026278302308112397
fuerza|global,329,comp_6,0.03560439356762035
fuerza|global,329,comp_7,-0.06441100110298997
fuerza|global,329,comp_8,-33.05015386969866
fuerza|global,329,comp_9,7.605027718682322e-15
fuerza|global,329,comp_10,-8.326672684688674e-17
fuerza|global,329,comp_11,0.0026278302308112397
fuerza|global,332,comp_0,-0.03552188530392536
fuerza|global,332,comp_1,0.06441100110298988
fuerza|global,332,comp_2,33.05015386969866
fuerza|global,332,comp_3,-0.5101351287356879
fuerza|global,332,comp_4,-0.28133333160708807
fuerza|global,332,comp_5,-0.0026278302308112397
fuerza|global,332,comp_6,0.03552188530392536
fuerza|global,332,comp_7,-0.06441100110298988
fuerza|global,332,comp_8,-33.05015386969866
fuerza|global,332,comp_9,8.104628079763643e-15
fuerza|global,332,comp_10,-8.049116928532385e-16
fuerza|global,332,comp_11,0.0026278302308112397
fuerza|global,335,comp_0,-0.24026883384399383
fuerza|global,335,comp_1,0.2399744277566681
fuerza|global,335,comp_2,48.44562545478031
fuerza|global,335,comp_3,-0.9502987339163327
fuerza|global,335,comp_4,-0.9514645820222288
fuerza|global,335,comp_5,0.03203097096319801
fuerza|global,335,comp_6,0.24026883384399383
fuerza|global,335,comp_7,-0.2399744277566681
fuerza|global,335,comp_8,-48.44562545478031
fuerza|global,335,comp_9,-7.294165271787278e-14
fuerza|global,335,comp_10,1.3322676295501878e-14
fuerza|global,335,comp_11,-0.03203097096319801
fuerza|global,337,comp_0,0.14282548570324996
fuerza|global,337,comp_1,0.2803368054071981
fuerza|global,337,comp_2,84.94240764521012
fuerza|global,337,comp_3,-3.1705662327412596
fuerza|global,337,comp_4,0.17971326474751853
fuerza|global,337,comp_5,-0.016978148446466283
fuerza|global,337,comp_6,-0.14282548570324996
fuerza|global,337,comp_7,-0.2803368054071981
fuerza|global,337,comp_8,-84.94240764521012
fuerza|global,337,comp_9,0.950298733916251
fuerza|global,337,comp_10,0.951464582022221
fuerza|global,337,comp_11,0.016978148446466283
fuerza|global,340,comp_0,-0.2402688338439935
fuerza|global,340,comp_1,0.3118706831686398
fuerza|global,340,comp_2,48.44562545478031
fuerza|global,340,comp_3,-1.2350079053477123
fuerza|global,340,comp_4,-0.9514645820222275
fuerza|global,340,comp_5,0.03203097096319801
fuerza|global,340,comp_6,0.2402688338439935
fuerza|global,340,comp_7,-0.3118706831686398
fuerza|global,340,comp_8,-48.44562545478031
fuerza|global,340,comp_9,-1.0114131754335176e-13
fuerza|global,340,comp_10,1.3322676295501878e-14
fuerza|global,340,comp_11,-0.03203097096319801
fuerza|global,342,comp_0,0.14282548570325013
fuerza|global,342,comp_1,0.2131460959609232
fuerza|global,342,comp_2,84.94240764521012
fuerza|global,342,comp_3,-2.9231249853581236
fuerza|global,342,comp_4,0.17971326474751897
fuerza|global,342,comp_5,-0.016978148446466283
fuerza|global,342,comp_6,-0.14282548570325013
fuerza|global,342,comp_7,-0.2131460959609232
fuerza|global,342,comp_8,-84.94240764521012
fuerza|global,342,comp_9,1.235007905347612
fuerza|global,342,comp_10,0.9514645820222218
fuerza|global,342,comp_11,0.016978148446466283
fuerza|global,344,comp_0,-0.034855557382559604
fuerza|global,344,comp_1,0.025694279017940788
fuerza|global,344,comp_2,26.482145316651994
fuerza|global,344,comp_3,-0.3052480347331369
fuerza|global,344,comp_4,-0.4140840217048079
fuerza|global,344,comp_5,-6.949265153510749e-05
fuerza|global,344,comp_6,0.034855557382559604
fuerza|global,344,comp_7,-0.025694279017940788
fuerza|global,344,comp_8,-26.482145316651994
fuerza|global,344,comp_9,3.608224830031759e-16
fuerza|global,344,comp_10,-1.6653345369377348e-16
fuerza|global,344,comp_11,6.949265153510749e-05
fuerza|global,347,comp_0,-0.0348544818029406
fuerza|global,347,comp_1,0.025694279017940788
fuerza|global,347,comp_2,26.482145316651994
fuerza|global,347,comp_3,-0.3052480347331369
fuerza|global,347,comp_4,-0.41407124381893595
fuerza|global,347,comp_5,-6.949265153510749e-05
fuerza|global,347,comp_6,0.0348544818029406
fuerza|global,347,comp_7,-0.025694279017940788
fuerza|global,347,comp_8,-26.482145316651994
fuerza|global,347,comp_9,3.608224830031759e-16
fuerza|global,347,comp_10,1.609823385706477e-15
fuerza|global,347,comp_11,6.949265153510749e-05
fuerza|global,349,comp_0,-0.034855557382559584
fuerza|global,349,comp_1,0.025672326222805675
fuerza|global,349,comp_2,26.482145316651994
fuerza|global,349,comp_3,-0.3049872355269324
fuerza|global,349,comp_4,-0.41408402170480785
fuerza|global,349,comp_5,-6.949265153510749e-05
fuerza|global,349,comp_6,0.034855557382559584
fuerza|global,349,comp_7,-0.025672326222805675
fuerza|global,349,comp_8,-26.482145316651994
fuerza|global,349,comp_9,9.992007221626409e-16
fuerza|global,349,comp_10,0.0
fuerza|global,349,comp_11,6.949265153510749e-05
fuerza|global,352,comp_0,-0.03485448180294065
fuerza|global,352,comp_1,0.025672326222805658
fuerza|global,352,comp_2,26.482145316651994
fuerza|global,352,comp_3,-0.30498723552693235
fuerza|global,352,comp_4,-0.4140712438189361
fuerza|global,352,comp_5,-6.949265153510749e-05
fuerza|global,352,comp_6,0.03485448180294065
fuerza|global,352,comp_7,-0.025672326222805658
fuerza|global,352,comp_8,-26.482145316651994
fuerza|global,352,comp_9,1.1934897514720433e-15
fuerza|global,352,comp_10,1.2212453270876722e-15
fuerza|global,352,comp_11,6.949265153510749e-05
fuerza|global,355,comp_0,-0.13663313031194307
fuerza|global,355,comp_1,-21.993637343409603
fuerza|global,355,comp_2,54.12868026875
fuerza|global,355,comp_3,348.37921551960807
fuerza|global,355,comp_4,-2.1642687841411625
fuerza|global,355,comp_5,-57.547303360746895
fuerza|global,355,comp_6,0.13663313031194307
fuerza|global,355,comp_7,21.993637343409603
fuerza|global,355,comp_8,-54.12868026875
fuerza|global,355,comp_9,0.0
fuerza|global,355,comp_10,-1.554312234475219e-14
fuerza|global,355,comp_11,57.547303360746895
fuerza|global,358,comp_0,-0.1366331303119429
fuerza|global,358,comp_1,-44.37496641875162
fuerza|global,358,comp_2,54.12868026875
fuerza|global,358,comp_3,702.8994680730248
fuerza|global,358,comp_4,-2.1642687841411616
fuerza|global,358,comp_5,-57.547303360746895
fuerza|global,358,comp_6,0.1366331303119429
fuerza|global,358,comp_7,44.37496641875162
fuerza|global,358,comp_8,-54.12868026875
fuerza|global,358,comp_9,7.958078640513122e-13
fuerza|global,358,comp_10,-1.3766765505351941e-14
fuerza|global,358,comp_11,57.547303360746895
fuerza|global,361,comp_0,-0.14458531351832343
fuerza|global,361,comp_1,-1.6513275386613029
fuerza|global,361,comp_2,23.30042528125
fuerza|global,361,comp_3,26.157028212395026
fuerza|global,361,comp_4,-2.290231366130235
fuerza|global,361,comp_5,-2.9307252813090203
fuerza|global,361,comp_6,0.14458531351832343
fuerza|global,361,comp_7,1.6513275386613029
fuerza|global,361,comp_8,-23.30042528125
fuerza|global,361,comp_9,1.0658141036401503e-14
fuerza|global,361,comp_10,-7.993605777301127e-15
fuerza|global,361,comp_11,2.9307252813090203
fuerza|global,364,comp_0,-0.11845642706526513
fuerza|global,364,comp_1,-1.6513275386613036
fuerza|global,364,comp_2,23.30042528125
fuerza|global,364,comp_3,26.15702821239503
fuerza|global,364,comp_4,-1.8763498047137903
fuerza|global,364,comp_5,-2.9307252813090203
fuerza|global,364,comp_6,0.11845642706526513
fuerza|global,364,comp_7,1.6513275386613036
fuerza|global,364,comp_8,-23.30042528125
fuerza|global,364,comp_9,1.7763568394002505e-14
fuerza|global,364,comp_10,-9.325873406851315e-15
fuerza|global,364,comp_11,2.9307252813090203
fuerza|global,367,comp_0,-0.14458531351832316
fuerza|global,367,comp_1,-2.103865335980247
fuerza|global,367,comp_2,28.318978418749996
fuerza|global,367,comp_3,33.32522692192708
fuerza|global,367,comp_4,-2.290231366130233
fuerza|global,367,comp_5,-2.9307252813090203
fuerza|global,367,comp_6,0.14458531351832316
fuerza|global,367,comp_7,2.103865335980247
fuerza|global,367,comp_8,-28.318978418749996
fuerza|global,367,comp_9,2.4868995751603507e-14
fuerza|global,367,comp_10,-5.10702591327572e-15
fuerza|global,367,comp_11,2.9307252813090203
fuerza|global,370,comp_0,-0.11845642706526499
fuerza|global,370,comp_1,-2.103865335980248
fuerza|global,370,comp_2,28.318978418749996
fuerza|global,370,comp_3,33.32522692192709
fuerza|global,370,comp_4,-1.8763498047137896
fuerza|global,370,comp_5,-2.9307252813090203
fuerza|global,370,comp_6,0.11845642706526499
fuerza|global,370,comp_7,2.103865335980248
fuerza|global,370,comp_8,-28.318978418749996
fuerza|global,370,comp_9,3.907985046680551e-14
fuerza|global,370,comp_10,-7.771561172376096e-15
fuerza|global,370,comp_11,2.9307252813090203
fuerza|global,373,comp_0,-0.018738200751218164
fuerza|global,373,comp_1,-0.5299346815539595
fuerza|global,373,comp_2,29.012717921835826
fuerza|global,373,comp_3,8.394165355814707
fuerza|global,373,comp_4,-0.29681309989928556
fuerza|global,373,comp_5,-0.9857776626564223
fuerza|global,373,comp_6,0.018738200751218164
fuerza|global,373,comp_7,0.5299346815539595
fuerza|global,373,comp_8,-29.012717921835826
fuerza|global,373,comp_9,1.0658141036401503e-14
fuerza|global,373,comp_10,-1.0130785099704553e-14
fuerza|global,373,comp_11,0.9857776626564223
fuerza|global,376,comp_0,-0.010592766520680632
fuerza|global,376,comp_1,-0.5299346815539588
fuerza|global,376,comp_2,17.456794157254137
fuerza|global,376,comp_3,8.394165355814703
fuerza|global,376,comp_4,-0.1677894216875745
fuerza|global,376,comp_5,-0.9857776626564223
fuerza|global,376,comp_6,0.010592766520680632
fuerza|global,376,comp_7,0.5299346815539588
fuerza|global,376,comp_8,-17.456794157254137
fuerza|global,376,comp_9,2.6645352591003757e-15
fuerza|global,376,comp_10,-6.7307270867900115e-15
fuerza|global,376,comp_11,0.9857776626564223
fuerza|global,379,comp_0,-0.018738200751218164
fuerza|global,379,comp_1,-0.7073129155318303
fuerza|global,379,comp_2,29.012717921835826
fuerza|global,379,comp_3,11.203836582024175
fuerza|global,379,comp_4,-0.29681309989928556
fuerza|global,379,comp_5,-0.9857776626564223
fuerza|global,379,comp_6,0.018738200751218164
fuerza|global,379,comp_7,0.7073129155318303
fuerza|global,379,comp_8,-29.012717921835826
fuerza|global,379,comp_9,1.687538997430238e-14
fuerza|global,379,comp_10,-1.0130785099704553e-14
fuerza|global,379,comp_11,0.9857776626564223
fuerza|global,382,comp_0,-0.010592766520680632
fuerza|global,382,comp_1,-0.7073129155318314
fuerza|global,382,comp_2,17.456794157254137
fuerza|global,382,comp_3,11.20383658202418
fuerza|global,382,comp_4,-0.1677894216875745
fuerza|global,382,comp_5,-0.9857776626564223
fuerza|global,382,comp_6,0.010592766520680632
fuerza|global,382,comp_7,0.7073129155318314
fuerza|global,382,comp_8,-17.456794157254137
fuerza|global,382,comp_9,2.930988785010413e-14
fuerza|global,382,comp_10,-6.7307270867900115e-15
fuerza|global,382,comp_11,0.9857776626564223
fuerza|global,383,comp_0,-0.01185745423455658
fuerza|global,383,comp_1,-4.430457944375605
fuerza|global,383,comp_2,30.532795864398878
fuerza|global,383,comp_3,70.17845383890956
fuerza|global,383,comp_4,-0.1878220750753687
fuerza|global,383,comp_5,-7.590222478518262
fuerza|global,383,comp_6,0.01185745423455658
fuerza|global,383,comp_7,4.430457944375605
fuerza|global,383,comp_8,-30.532795864398878
fuerza|global,383,comp_9,2.1316282072803006e-14
fuerza|global,383,comp_10,-7.549516567451064e-15
fuerza|global,383,comp_11,7.590222478518262
fuerza|global,384,comp_0,-0.01185745423455658
fuerza|global,384,comp_1,-5.913408264936127
fuerza|global,384,comp_2,30.532795864398878
fuerza|global,384,comp_3,93.668386916588
fuerza|global,384,comp_4,-0.1878220750753687
fuerza|global,384,comp_5,-7.590222478518262
fuerza|global,384,comp_6,0.01185745423455658
fuerza|global,384,comp_7,5.913408264936127
fuerza|global,384,comp_8,-30.532795864398878
fuerza|global,384,comp_9,2.4158453015843406e-13
fuerza|global,384,comp_10,-7.549516567451064e-15
fuerza|global,384,comp_11,7.590222478518262
fuerza|global,673,comp_0,9.62711654467568
fuerza|global,673,comp_1,-4.73650084431565e-10
fuerza|global,673,comp_2,361.5886288356726
fuerza|global,673,comp_3,0.009628655496438862
fuerza|global,673,comp_4,-26.693351399819484
fuerza|global,673,comp_5,-0.0003324904037888218
fuerza|global,673,comp_6,-9.62711654467568
fuerza|global,673,comp_7,4.73650084431565e-10
fuerza|global,673,comp_8,-361.5886288356726
fuerza|global,673,comp_9,-0.009628654075488609
fuerza|global,673,comp_10,55.57470103384652
fuerza|global,673,comp_11,0.0003324904037888218
fuerza|global,675,comp_0,-9.627116544675646
fuerza|global,675,comp_1,4.736500896357354e-10
fuerza|global,675,comp_2,368.80070979576317
fuerza|global,675,comp_3,0.012737080876803123
fuerza|global,675,comp_4,-28.71191392976511
fuerza|global,675,comp_5,0.0003324801729468092
fuerza|global,675,comp_6,9.627116544675646
fuerza|global,675,comp_7,-4.736500896357354e-10
fuerza|global,675,comp_8,-368.80070979576317
fuerza|global,675,comp_9,3.415233298906541e-09
fuerza|global,675,comp_10,-0.08561875787602748
fuerza|global,675,comp_11,6.737467902859343e-09
