[Licensing::Module] Trying to connect to existing licensing client channel...
Built from '6000.5/staging' branch; Version is '6000.5.10f1 (3bd4f66ad299) revision 3921142'; Using compiler version '194234433'; Build Type 'Release'
OS: 'Windows 11  (10.0.26200) Professional' Language: 'es' Physical Memory: 32048 MB
BatchMode: 1, IsHumanControllingUs: 0, StartBugReporterOnCrash: 0, Is64bit: 1
System  architecture: x64
Process architecture: x64
Date: 2026-09-20T20:48:13Z
[Licensing::IpcConnector] Successfully connected to: "LicenseClient-josef" at "2026-09-20T20:48:13.8205106Z"
[Licensing::Client] Code 10 while verifying Licensing Client signature (process Id: 43824, path: "C:/Program Files/Unity Hub/UnityLicensingClient_V1/Unity.Licensing.Client.exe")
[Licensing::Module] LicensingClient has failed validation; ignoring
[Licensing::Client] Handshaking with LicensingClient:
  Version:                 1.18.3+d7ffd15
  Session Id:              7663627e84ba471199e051d4eab9e483
  Correlation Id:          cf650716d58bc7bdcd1f30704c422432
  External correlation Id: 3748650508267232667
  Machine Id:              k0QOVj4DDKiamJjjdLem/n+0UcU=
[Licensing::Module] Successfully connected to LicensingClient on channel: "LicenseClient-josef" (connect: 0.00s, validation: 0.00s, handshake: 0.03s)
[Licensing::IpcConnector] Successfully connected to: "LicenseClient-josef-notifications" at "2026-09-20T20:48:13.8494633Z"
[Licensing::Module] Error: Access token is unavailable; failed to update
[Licensing::Client] Successfully resolved entitlement details
[Licensing::Module] License group:
  Id: 4674242367498-jimuro_unity-UnityProStuXXXX
  Product: Unity Student
  Type: Assigned
  Expiration: 2027-08-29T07:56:26Z
[Licensing::Client] Successfully updated license, isAsync: True, time: 0.00
[Licensing::Client] Successfully resolved entitlement details
[Licensing::Module] Licensing Background thread has ended after 0.03s

COMMAND LINE ARGUMENTS:
C:\Program Files\Unity\Hub\Editor\6000.5.10f1\Editor\Unity.exe
-batchmode
-nographics
-quit
-projectPath
C:\Users\josef\AppData\Local\Temp\opencode_p1s05\s05\viewer_unity
-buildTarget
Android
-executeMethod
LabViewer.EditorTools.LabAndroidBuild.BuildInicialAPK
-logFile
C:\Users\josef\AppData\Local\Temp\opencode_p1s05\s05\evidence\unity_android_build_REAL_final.log
Successfully changed project path to: C:\Users\josef\AppData\Local\Temp\opencode_p1s05\s05\viewer_unity
C:/Users/josef/AppData/Local/Temp/opencode_p1s05/s05/viewer_unity
[UnityMemory] Configuration Parameters - Can be set up in boot.config
    "memorysetup-temp-allocator-size-gi-baking-worker=262144"
    "memorysetup-temp-allocator-size-gi-baking-worker=262144"
    "memorysetup-temp-allocator-size-gi-baking-worker=262144"
    "memorysetup-temp-allocator-size-gi-baking-worker=262144"
    "memorysetup-temp-allocator-size-gi-baking-worker=262144"
    "memorysetup-temp-allocator-size-nav-mesh-worker=65536"
    "memorysetup-temp-allocator-size-audio-worker=65536"
    "memorysetup-temp-allocator-size-cloud-worker=32768"
    "memorysetup-temp-allocator-size-gfx=262144"
    "memorysetup-remapper-allocator-initial-capacity=32768"
    "memorysetup-temp-allocator-size-preload-manager=33554432"
    "memorysetup-allocator-temp-initial-block-size-main=262144"
    "memorysetup-allocator-temp-initial-block-size-worker=262144"
    "memorysetup-temp-allocator-size-job-worker=262144"
    "memorysetup-temp-allocator-size-background-worker=32768"
    "memorysetup-bucket-allocator-granularity=16"
    "memorysetup-bucket-allocator-bucket-count=8"
    "memorysetup-bucket-allocator-block-size=33554432"
    "memorysetup-bucket-allocator-block-count=8"
    "memorysetup-main-allocator-block-size=16777216"
    "memorysetup-thread-allocator-block-size=16777216"
    "memorysetup-main-allocator-mimalloc-enabled=0"
    "memorysetup-gfx-main-allocator-block-size=16777216"
    "memorysetup-gfx-thread-allocator-block-size=16777216"
    "memorysetup-cache-allocator-block-size=4194304"
    "memorysetup-typetree-allocator-block-size=2097152"
    "memorysetup-profiler-bucket-allocator-granularity=16"
    "memorysetup-profiler-bucket-allocator-bucket-count=8"
    "memorysetup-profiler-bucket-allocator-block-size=33554432"
    "memorysetup-profiler-bucket-allocator-block-count=8"
    "memorysetup-profiler-allocator-block-size=16777216"
    "memorysetup-profiler-editor-allocator-block-size=1048576"
    "memorysetup-temp-allocator-size-main=16777216"
    "memorysetup-job-temp-allocator-block-size=2097152"
    "memorysetup-job-temp-allocator-block-size-background=1048576"
    "memorysetup-job-temp-allocator-reduction-small-platforms=262144"
Logging is directed to a specific file, skipping project log.Player connection [42176]  Target information:

Player connection [42176]  * "[IP] 192.168.0.55 [Port] 55504 [Flags] 2 [Guid] 3380571286 [EditorId] 3380571286 [Version] 1048832 [Id] WindowsEditor(7,Laptop_Jo) [Debug] 1 [PackageName] WindowsEditor [ProjectName] Editor" 

Player connection [42176] Host joined multi-casting on [225.0.0.222:54997]...
Player connection [42176] Host joined alternative multi-casting on [225.0.0.222:34997]...
Input System module state changed to: Initialized.
[Physics::Module] Initialized fallback backend.
[Physics::Module] Id: 0xdecafbad
[Package Manager] Connected to IPC stream "Upm-48700" after 0.2 seconds.
[Licensing::Client] Successfully resolved entitlement details
Library Redirect Path: Library/
[Physics::Module] Selected backend.
[Physics::Module] Name: PhysX
[Physics::Module] Id: 0xf2b8ea05
[Physics::Module] SDK Version: 4.1.2
[Physics::Module] Integration Version: 1.0.0
[Physics::Module] Threading Mode: Multi-Threaded
[Licensing::Client] Successfully resolved entitlement details
Targeting platform: Android
Initialize engine version: 6000.5.10f1 (3bd4f66ad299)
[Subsystems] Discovering subsystems at path C:/Program Files/Unity/Hub/Editor/6000.5.10f1/Editor/Data/Resources/UnitySubsystems
[Subsystems] Discovering subsystems at path C:/Users/josef/AppData/Local/Temp/opencode_p1s05/s05/viewer_unity/Assets
Forcing GfxDevice: Null
GfxDevice: creating device client; kGfxThreadingModeNonThreaded
NullGfxDevice:
    Version:  NULL 1.0 [1.0]
    Renderer: Null Device
    Vendor:   Unity Technologies
Initialize mono
Mono path[0] = 'C:/Program Files/Unity/Hub/Editor/6000.5.10f1/Editor/Data/Managed'
Mono path[1] = 'C:/Program Files/Unity/Hub/Editor/6000.5.10f1/Editor/Data/BCLExtensions/runtime/netstandard2.1'
Mono path[2] = 'C:/Program Files/Unity/Hub/Editor/6000.5.10f1/Editor/Data/MonoBleedingEdge/lib/mono/unityjit-win32'
Mono config path = 'C:/Program Files/Unity/Hub/Editor/6000.5.10f1/Editor/Data/MonoBleedingEdge/etc'
Using monoOptions --debugger-agent=transport=dt_socket,embedding=1,server=y,suspend=n,address=127.0.0.1:56700
CodeReloadManager initialized
ImportWorker Server TCP listen port: 0
AcceleratorClientConnectionCallback - disconnected - :0
Begin MonoManager ReloadAssembly
Registering precompiled unity dll's ...
Register platform support module: C:/Program Files/Unity/Hub/Editor/6000.5.10f1/Editor/Data/PlaybackEngines/WebGLSupport/UnityEditor.WebGL.Extensions.dll
Register platform support module: C:/Program Files/Unity/Hub/Editor/6000.5.10f1/Editor/Data/PlaybackEngines/WindowsStandaloneSupport/UnityEditor.WindowsStandalone.Extensions.dll
Register platform support module: C:/Program Files/Unity/Hub/Editor/6000.5.10f1/Editor/Data/PlaybackEngines/AndroidPlayer/UnityEditor.Android.Extensions.dll
[Licensing::Client] Successfully resolved entitlement details
Register platform support module: C:/Program Files/Unity/Hub/Editor/6000.5.10f1/Editor/Data/PlaybackEngines/iOSSupport/UnityEditor.iOS.Extensions.dll
Registered in 0.004312 seconds.
[usbmuxd] Start listen thread
[usbmuxd] Listen thread started
Native extension for iOS target not found
Native extension for Android target not found
Native extension for WindowsStandalone target not found
Native extension for WebGL target not found
Package Manager log level set to [2]
ScheduleIndexationOnStartup MainProcess:False IndexOnStartup:False
Mono: successfully reloaded assembly
- Finished resetting the current domain, in  0.375 seconds
Domain Reload Profiling: 773ms
	BeginReloadAssembly (105ms)
		CreateAndSetChildDomain (11ms)
	RebuildCommonClasses (4ms)
	RebuildNativeTypeToScriptingClass (12ms)
	initialDomainReloadingComplete (52ms)
	LoadAllAssembliesAndSetupDomain (223ms)
		LoadAssemblies (92ms)
		AnalyzeDomain (162ms)
			TypeCache.Refresh (161ms)
				TypeCache.ScanAssembly (149ms)
	FinalizeReload (376ms)
		SetupLoadedEditorAssemblies (0ms)
			InitializePlatformSupportModulesInManaged (10ms)
			BeforeProcessingInitializeOnLoad (65ms)
			ProcessInitializeOnLoadAttributes (72ms)
			ProcessInitializeOnLoadMethodAttributes (181ms)
[Licensing::Client] Successfully resolved entitlement details
[Licensing::Client] Successfully resolved entitlement details
Application.AssetDatabase Initial Refresh Start
[Package Manager] Restoring resolved packages state from cache
[Licensing::Client] Successfully resolved entitlement details
[Package Manager] Registered 37 packages:
  Built-in packages:
    com.unity.multiplayer.center@1.0.1 (location: C:\Users\josef\AppData\Local\Temp\opencode_p1s05\s05\viewer_unity\Library\PackageCache\com.unity.multiplayer.center@b860850997d0)
    com.unity.modules.accessibility@1.0.0 (location: C:\Users\josef\AppData\Local\Temp\opencode_p1s05\s05\viewer_unity\Library\PackageCache\com.unity.modules.accessibility)
    com.unity.modules.adaptiveperformance@1.0.0 (location: C:\Users\josef\AppData\Local\Temp\opencode_p1s05\s05\viewer_unity\Library\PackageCache\com.unity.modules.adaptiveperformance)
    com.unity.modules.ai@1.0.0 (location: C:\Users\josef\AppData\Local\Temp\opencode_p1s05\s05\viewer_unity\Library\PackageCache\com.unity.modules.ai)
    com.unity.modules.androidjni@1.0.0 (location: C:\Users\josef\AppData\Local\Temp\opencode_p1s05\s05\viewer_unity\Library\PackageCache\com.unity.modules.androidjni)
    com.unity.modules.animation@1.0.0 (location: C:\Users\josef\AppData\Local\Temp\opencode_p1s05\s05\viewer_unity\Library\PackageCache\com.unity.modules.animation)
    com.unity.modules.assetbundle@1.0.0 (location: C:\Users\josef\AppData\Local\Temp\opencode_p1s05\s05\viewer_unity\Library\PackageCache\com.unity.modules.assetbundle)
    com.unity.modules.audio@1.0.0 (location: C:\Users\josef\AppData\Local\Temp\opencode_p1s05\s05\viewer_unity\Library\PackageCache\com.unity.modules.audio)
    com.unity.modules.cloth@1.0.0 (location: C:\Users\josef\AppData\Local\Temp\opencode_p1s05\s05\viewer_unity\Library\PackageCache\com.unity.modules.cloth)
    com.unity.modules.director@1.0.0 (location: C:\Users\josef\AppData\Local\Temp\opencode_p1s05\s05\viewer_unity\Library\PackageCache\com.unity.modules.director)
    com.unity.modules.imageconversion@1.0.0 (location: C:\Users\josef\AppData\Local\Temp\opencode_p1s05\s05\viewer_unity\Library\PackageCache\com.unity.modules.imageconversion)
    com.unity.modules.imgui@1.0.0 (location: C:\Users\josef\AppData\Local\Temp\opencode_p1s05\s05\viewer_unity\Library\PackageCache\com.unity.modules.imgui)
    com.unity.modules.jsonserialize@1.0.0 (location: C:\Users\josef\AppData\Local\Temp\opencode_p1s05\s05\viewer_unity\Library\PackageCache\com.unity.modules.jsonserialize)
    com.unity.modules.particlesystem@1.0.0 (location: C:\Users\josef\AppData\Local\Temp\opencode_p1s05\s05\viewer_unity\Library\PackageCache\com.unity.modules.particlesystem)
    com.unity.modules.physics@1.0.0 (location: C:\Users\josef\AppData\Local\Temp\opencode_p1s05\s05\viewer_unity\Library\PackageCache\com.unity.modules.physics)
    com.unity.modules.physics2d@1.0.0 (location: C:\Users\josef\AppData\Local\Temp\opencode_p1s05\s05\viewer_unity\Library\PackageCache\com.unity.modules.physics2d)
    com.unity.modules.physicscore2d@1.0.0 (location: C:\Users\josef\AppData\Local\Temp\opencode_p1s05\s05\viewer_unity\Library\PackageCache\com.unity.modules.physicscore2d)
    com.unity.modules.screencapture@1.0.0 (location: C:\Users\josef\AppData\Local\Temp\opencode_p1s05\s05\viewer_unity\Library\PackageCache\com.unity.modules.screencapture)
    com.unity.modules.terrain@1.0.0 (location: C:\Users\josef\AppData\Local\Temp\opencode_p1s05\s05\viewer_unity\Library\PackageCache\com.unity.modules.terrain)
    com.unity.modules.terrainphysics@1.0.0 (location: C:\Users\josef\AppData\Local\Temp\opencode_p1s05\s05\viewer_unity\Library\PackageCache\com.unity.modules.terrainphysics)
    com.unity.modules.tilemap@1.0.0 (location: C:\Users\josef\AppData\Local\Temp\opencode_p1s05\s05\viewer_unity\Library\PackageCache\com.unity.modules.tilemap)
    com.unity.modules.ui@1.0.0 (location: C:\Users\josef\AppData\Local\Temp\opencode_p1s05\s05\viewer_unity\Library\PackageCache\com.unity.modules.ui)
    com.unity.modules.uielements@1.0.0 (location: C:\Users\josef\AppData\Local\Temp\opencode_p1s05\s05\viewer_unity\Library\PackageCache\com.unity.modules.uielements)
    com.unity.modules.umbra@1.0.0 (location: C:\Users\josef\AppData\Local\Temp\opencode_p1s05\s05\viewer_unity\Library\PackageCache\com.unity.modules.umbra)
    com.unity.modules.unityanalytics@1.0.0 (location: C:\Users\josef\AppData\Local\Temp\opencode_p1s05\s05\viewer_unity\Library\PackageCache\com.unity.modules.unityanalytics)
    com.unity.modules.unitywebrequest@1.0.0 (location: C:\Users\josef\AppData\Local\Temp\opencode_p1s05\s05\viewer_unity\Library\PackageCache\com.unity.modules.unitywebrequest)
    com.unity.modules.unitywebrequestassetbundle@1.0.0 (location: C:\Users\josef\AppData\Local\Temp\opencode_p1s05\s05\viewer_unity\Library\PackageCache\com.unity.modules.unitywebrequestassetbundle)
    com.unity.modules.unitywebrequestaudio@1.0.0 (location: C:\Users\josef\AppData\Local\Temp\opencode_p1s05\s05\viewer_unity\Library\PackageCache\com.unity.modules.unitywebrequestaudio)
    com.unity.modules.unitywebrequesttexture@1.0.0 (location: C:\Users\josef\AppData\Local\Temp\opencode_p1s05\s05\viewer_unity\Library\PackageCache\com.unity.modules.unitywebrequesttexture)
    com.unity.modules.unitywebrequestwww@1.0.0 (location: C:\Users\josef\AppData\Local\Temp\opencode_p1s05\s05\viewer_unity\Library\PackageCache\com.unity.modules.unitywebrequestwww)
    com.unity.modules.vectorgraphics@1.0.0 (location: C:\Users\josef\AppData\Local\Temp\opencode_p1s05\s05\viewer_unity\Library\PackageCache\com.unity.modules.vectorgraphics)
    com.unity.modules.vehicles@1.0.0 (location: C:\Users\josef\AppData\Local\Temp\opencode_p1s05\s05\viewer_unity\Library\PackageCache\com.unity.modules.vehicles)
    com.unity.modules.video@1.0.0 (location: C:\Users\josef\AppData\Local\Temp\opencode_p1s05\s05\viewer_unity\Library\PackageCache\com.unity.modules.video)
    com.unity.modules.wind@1.0.0 (location: C:\Users\josef\AppData\Local\Temp\opencode_p1s05\s05\viewer_unity\Library\PackageCache\com.unity.modules.wind)
    com.unity.modules.xr@1.0.0 (location: C:\Users\josef\AppData\Local\Temp\opencode_p1s05\s05\viewer_unity\Library\PackageCache\com.unity.modules.xr)
    com.unity.modules.subsystems@1.0.0 (location: C:\Users\josef\AppData\Local\Temp\opencode_p1s05\s05\viewer_unity\Library\PackageCache\com.unity.modules.subsystems)
    com.unity.modules.hierarchycore@1.0.0 (location: C:\Users\josef\AppData\Local\Temp\opencode_p1s05\s05\viewer_unity\Library\PackageCache\com.unity.modules.hierarchycore)
[Subsystems] No new subsystems found in resolved package list.
[Package Manager] Done registering packages in 0.01 seconds
[ScriptCompilation] Requested script compilation because: AssetDatabase observed changes in script compilation related files
info: Microsoft.Hosting.Lifetime[14]
      Now listening on: http://localhost:80
info: Microsoft.Hosting.Lifetime[0]
      Application started. Press Ctrl+C to shut down.
info: Microsoft.Hosting.Lifetime[0]
      Hosting environment: Production
info: Microsoft.Hosting.Lifetime[0]
      Content root path: C:\Users\josef\AppData\Local\Temp\opencode_p1s05\s05\viewer_unity
info: Microsoft.AspNetCore.Hosting.Diagnostics[1]
      Request starting HTTP/2 POST http://ilpp/UnityILPP.PostProcessing/Ping - application/grpc -
info: Microsoft.AspNetCore.Routing.EndpointMiddleware[0]
      Executing endpoint 'gRPC - /UnityILPP.PostProcessing/Ping'
info: Microsoft.AspNetCore.Routing.EndpointMiddleware[1]
      Executed endpoint 'gRPC - /UnityILPP.PostProcessing/Ping'
info: Microsoft.AspNetCore.Hosting.Diagnostics[2]
      Request finished HTTP/2 POST http://ilpp/UnityILPP.PostProcessing/Ping - 200 - application/grpc 20.8009ms
Starting: C:\Program Files\Unity\Hub\Editor\6000.5.10f1\Editor\Data\Tools\BuildPipeline\bee_backend.exe --ipc --defer-dag-verification --dagfile="Library/Bee/1300b0aE.dag" --continue-on-failure --profile="Library/Bee/backend1.traceevents" ScriptAssemblies
WorkingDir: C:/Users/josef/AppData/Local/Temp/opencode_p1s05/s05/viewer_unity
DisplayProgressbar: Compiling Scripts
ExitCode: 0 Duration: 0s428ms
[190/193    0s] Csc Library/Bee/artifacts/1300b0aE.dag/Assembly-CSharp-Editor.dll (+2 others)
Assets\Editor\LabViewerEditor.cs(1025,26): warning CS0618: 'Object.FindObjectOfType<T>()' is obsolete: 'Object.FindObjectOfType has been deprecated. Use Object.FindAnyObjectByType instead.'

Assets\Editor\LabAndroidBuild.cs(60,17): warning CS0618: 'PlayerSettings.SetScriptingBackend(BuildTargetGroup, ScriptingImplementation)' is obsolete: 'Use SetScriptingBackend(NamedBuildTarget buildTarget, ScriptingImplementation backend) instead'

Assets\Editor\LabViewerEditor.cs(819,26): warning CS0618: 'Object.FindObjectOfType<T>()' is obsolete: 'Object.FindObjectOfType has been deprecated. Use Object.FindAnyObjectByType instead.'

Assets\Editor\LabViewerEditor.cs(108,76): warning CS0219: The variable 'totalDiaf' is assigned but its value is never used

Assets\Editor\LabViewerEditor.cs(1204,23): warning CS0618: 'Object.FindObjectOfType<T>()' is obsolete: 'Object.FindObjectOfType has been deprecated. Use Object.FindAnyObjectByType instead.'

Assets\Editor\LabViewerEditor.cs(1211,26): warning CS0618: 'Object.FindObjectOfType<T>()' is obsolete: 'Object.FindObjectOfType has been deprecated. Use Object.FindAnyObjectByType instead.'

Assets\Editor\LabViewerEditor.cs(1584,31): warning CS0618: 'Object.FindObjectsOfType<T>(bool)' is obsolete: 'Object.FindObjectsOfType has been deprecated. Use Object.FindObjectsByType instead which lets you decide whether you need the results sorted or not.  FindObjectsOfType sorts the results by InstanceID but if you do not need this using FindObjectSortMode.None is considerably faster.'

Assets\Editor\LabViewerEditor.cs(1709,39): warning CS0618: 'Object.FindObjectsOfType<T>()' is obsolete: 'Object.FindObjectsOfType has been deprecated. Use Object.FindObjectsByType instead which lets you decide whether you need the results sorted or not.  FindObjectsOfType sorts the results by InstanceID but if you do not need this using FindObjectSortMode.None is considerably faster.'

Assets\Editor\LabViewerEditor.cs(667,35): warning CS0618: 'Object.FindObjectsOfType<T>()' is obsolete: 'Object.FindObjectsOfType has been deprecated. Use Object.FindObjectsByType instead which lets you decide whether you need the results sorted or not.  FindObjectsOfType sorts the results by InstanceID but if you do not need this using FindObjectSortMode.None is considerably faster.'
[191/193    0s] CopyFiles Library/ScriptAssemblies/Assembly-CSharp-Editor.pdb
[192/193    0s] CopyFiles Library/ScriptAssemblies/Assembly-CSharp-Editor.dll
*** Tundra build success (0.40 seconds), 3 items updated, 193 evaluated
Assets\Editor\LabViewerEditor.cs(1025,26): warning CS0618: 'Object.FindObjectOfType<T>()' is obsolete: 'Object.FindObjectOfType has been deprecated. Use Object.FindAnyObjectByType instead.'
Assets\Editor\LabAndroidBuild.cs(60,17): warning CS0618: 'PlayerSettings.SetScriptingBackend(BuildTargetGroup, ScriptingImplementation)' is obsolete: 'Use SetScriptingBackend(NamedBuildTarget buildTarget, ScriptingImplementation backend) instead'
Assets\Editor\LabViewerEditor.cs(819,26): warning CS0618: 'Object.FindObjectOfType<T>()' is obsolete: 'Object.FindObjectOfType has been deprecated. Use Object.FindAnyObjectByType instead.'
Assets\Editor\LabViewerEditor.cs(108,76): warning CS0219: The variable 'totalDiaf' is assigned but its value is never used
Assets\Editor\LabViewerEditor.cs(1204,23): warning CS0618: 'Object.FindObjectOfType<T>()' is obsolete: 'Object.FindObjectOfType has been deprecated. Use Object.FindAnyObjectByType instead.'
Assets\Editor\LabViewerEditor.cs(1211,26): warning CS0618: 'Object.FindObjectOfType<T>()' is obsolete: 'Object.FindObjectOfType has been deprecated. Use Object.FindAnyObjectByType instead.'
Assets\Editor\LabViewerEditor.cs(1584,31): warning CS0618: 'Object.FindObjectsOfType<T>(bool)' is obsolete: 'Object.FindObjectsOfType has been deprecated. Use Object.FindObjectsByType instead which lets you decide whether you need the results sorted or not.  FindObjectsOfType sorts the results by InstanceID but if you do not need this using FindObjectSortMode.None is considerably faster.'
Assets\Editor\LabViewerEditor.cs(1709,39): warning CS0618: 'Object.FindObjectsOfType<T>()' is obsolete: 'Object.FindObjectsOfType has been deprecated. Use Object.FindObjectsByType instead which lets you decide whether you need the results sorted or not.  FindObjectsOfType sorts the results by InstanceID but if you do not need this using FindObjectSortMode.None is considerably faster.'
Assets\Editor\LabViewerEditor.cs(667,35): warning CS0618: 'Object.FindObjectsOfType<T>()' is obsolete: 'Object.FindObjectsOfType has been deprecated. Use Object.FindObjectsByType instead which lets you decide whether you need the results sorted or not.  FindObjectsOfType sorts the results by InstanceID but if you do not need this using FindObjectSortMode.None is considerably faster.'
Total cache size 1661048
Total cache size after purge 1661048, took 00:00:00.0123303
AssetDatabase: script compilation time: 0.857750s
Begin MonoManager ReloadAssembly
Native extension for iOS target not found
Native extension for Android target not found
Native extension for WindowsStandalone target not found
Native extension for WebGL target not found
ScheduleIndexationOnStartup MainProcess:True IndexOnStartup:True
Mono: successfully reloaded assembly
- Finished resetting the current domain, in  0.334 seconds
Domain Reload Profiling: 678ms
	BeginReloadAssembly (193ms)
		DisableScriptedObjects (34ms)
		CreateAndSetChildDomain (42ms)
	RebuildCommonClasses (7ms)
	RebuildNativeTypeToScriptingClass (14ms)
	initialDomainReloadingComplete (32ms)
	LoadAllAssembliesAndSetupDomain (97ms)
		LoadAssemblies (82ms)
		AnalyzeDomain (18ms)
			TypeCache.Refresh (13ms)
				TypeCache.ScanAssembly (8ms)
			BuildScriptInfoCaches (3ms)
	FinalizeReload (335ms)
		SetupLoadedEditorAssemblies (0ms)
			InitializePlatformSupportModulesInManaged (9ms)
			BeforeProcessingInitializeOnLoad (63ms)
			ProcessInitializeOnLoadAttributes (54ms)
			ProcessInitializeOnLoadMethodAttributes (57ms)
			AfterProcessingInitializeOnLoad (5ms)
		AwakeInstancesAfterBackupRestoration (22ms)
Starting new worker id: 0 with log in C:/Users/josef/AppData/Local/Temp/opencode_p1s05/s05/viewer_unity/Logs/AssetImportWorkerHW0.log

Asset Pipeline Refresh (id=f5385180f9a42814083bb86a2a0e11eb): Total: 1.828 seconds - Initiated by InitialRefreshV2(ForceSynchronousImport)
	(Values over 0.05ms)
	Summary:
		Imports: total=0 (actual=0, local cache=0, cache server=0)
		Asset DB Process Time: managed=0 ms, native=526 ms
		Asset DB Callback time: managed=50 ms, native=15 ms
		Scripting: domain reloads=1, domain reload time=368 ms, compile time=860 ms, other=6 ms
		Project Asset Count: scripts=126, non-scripts=107
		Asset File Changes: new=0, changed=1, moved=0, deleted=0
		Scan Filter Count: 0
	InvokePackagesCallback: 13.704ms
	ApplyChangesToAssetFolders: 0.453ms
	Scan: 118.014ms
	Collect global state as custom dependencies: 8.385ms
	OnSourceAssetsModified: 0.559ms
	CategorizeScriptCompilationAssets: 0.252ms
	ProcessAssetsWithTransientArtifactChanges: 1.165ms
	CategorizeAssets: 1.488ms
	CompileScripts: 859.837ms
	ImportOutOfDateAssets: 350.551ms (335.951ms without children)
		UnloadImportedAssets: 0.108ms
		ImportSchedulerStart: 14.466ms
	PostProcessAllAssets: 51.864ms
		VCAutoAddAssetPostprocess 0.985ms
		MonoPostProcessAllAssets: 50.457ms
			AssetPostprocessor.OnPostprocessAllAssets 19.058ms
			StyleCatalogPostProcessor.OnPostprocessAllAssets 7.312ms
			WindowAssetPostprocessingWatcher.OnPostprocessAllAssets 6.034ms
			BuilderAssetPostprocessor.OnPostprocessAllAssets 4.387ms
			AssetChangedListener.OnPostprocessAllAssets 1.488ms
			RetainedModeAssetPostprocessor.OnPostprocessAllAssets 0.886ms
			SyncVS.PostprocessSyncProject 0.860ms
			EditModeScopePostprocessor.OnPostprocessAllAssets 0.711ms
			SpeedTree9Postprocessor.OnPostprocessAllAssets 0.575ms
			TextAssetPostProcessor.OnPostprocessAllAssets 0.443ms
			ArtifactBrowserPostProcessor.OnPostprocessAllAssets 0.408ms
			AudioMixerPostprocessor.OnPostprocessAllAssets 0.225ms
			ReferencedClipsPostProcessor.OnPostprocessAllAssets 0.215ms
			AssetEvents.OnPostprocessAllAssets 0.201ms
			AssetDatabaseCallbacks.OnPostprocessAllAssets 0.196ms
			TerrainToolbarOverlayPostProcessor.OnPostprocessAllAssets 0.186ms
			ConfigAssetsTracker.OnPostprocessAllAssets 0.144ms
			ScenarioDriftAssetsTracker.OnPostprocessAllAssets 0.143ms
			SpeedTreePostProcessor.OnPostprocessAllAssets 0.119ms
			RenderPipelineGlobalSettingsPostprocessor.OnPostprocessAllAssets 0.077ms
			AudioContainerPostProcessor.OnPostprocessAllAssets 0.065ms
	PostAssetChangesProfiler: 1.569ms
	UnloadStreamsBegin: 1.112ms
	GenerateScriptTypeHashes: 0.272ms
	GenerateScriptTypeSerializationHashes: 0.580ms
	Untracked: 414.859ms

Application.AssetDatabase Initial Refresh End
Scanning for USB devices : 5.757ms
Initializing Unity extensions:
[MODES] ModeService[none].Initialize
[MODES] ModeService[none].LoadModes
[MODES] Loading mode Default (0) for mode-current-id-viewer_unity
Unloading 3 Unused Serialized files (Serialized files now loaded: 0)
Unloading 86 unused Assets / (0.5 MB). Loaded Objects now: 866.
Memory consumption went from 201.5 MB to 201.0 MB.
Total: 5.006000 ms (FindLiveObjects: 0.076300 ms CreateObjectMapping: 0.012700 ms MarkObjects: 4.681000 ms  DeleteObjects: 0.232000 ms)

AcceleratorClientConnectionCallback - disconnected - :0
Importing 'GUID: 00000000000000004000000000000000 - Path: ProjectSettings/ProjectSettings.asset' with importer (LibraryAssetImporter)
Imported 'GUID: 00000000000000004000000000000000' -> (Import Result ID: '02a19ecf3d8a5a26edae712822a06d95') in 0.003 seconds [static dependencies only]. Details - ImportResultOutputID=276a810dac73e1f29404d5e5f692e214 DependenciesID=bb9d043281646b39c7a330733135dcd2 StaticDependenciesID=aadbc91df097f49741923ada5db80bac 
Asset Pipeline Refresh (id=43125847397bf084ba5452365eeb7ef1): Total: 0.016 seconds - Initiated by StopAssetImportingV2(NoUpdateAssetOptions)
DisplayProgressbar: Checking prerequisites
Reporting tool paths:
 JDK: 'C:\Program Files\Unity\Hub\Editor\6000.5.10f1\Editor\Data\PlaybackEngines\AndroidPlayer\OpenJDK'
 Android SDK: 'C:\Program Files\Unity\Hub\Editor\6000.5.10f1\Editor\Data\PlaybackEngines\AndroidPlayer\SDK'
 Android NDK: 'C:\Program Files\Unity\Hub\Editor\6000.5.10f1\Editor\Data\PlaybackEngines\AndroidPlayer\NDK'
 Gradle: 'C:\Program Files\Unity\Hub\Editor\6000.5.10f1\Editor\Data\PlaybackEngines\AndroidPlayer\Tools\gradle' (Gradle Version: '9.1.0' Android Plugin Version: '9.0.0')
Android PostProcess task "Checking prerequisites" took 37.5387 ms
DisplayProgressbar: Detect Java Development Kit (JDK)
Android PostProcess task "Detect Java Development Kit (JDK)" took 9.299 ms
DisplayProgressbar: Detecting Android SDK
Worker ready: AssetImportWorkerHW0 0
AndroidSDKTools:

	root          : C:\Program Files\Unity\Hub\Editor\6000.5.10f1\Editor\Data\PlaybackEngines\AndroidPlayer\SDK
	cmdline-tools : C:\Program Files\Unity\Hub\Editor\6000.5.10f1\Editor\Data\PlaybackEngines\AndroidPlayer\SDK\cmdline-tools\16.0
	platform-tools: C:\Program Files\Unity\Hub\Editor\6000.5.10f1\Editor\Data\PlaybackEngines\AndroidPlayer\SDK\platform-tools
	build-tools   : C:\Program Files\Unity\Hub\Editor\6000.5.10f1\Editor\Data\PlaybackEngines\AndroidPlayer\SDK\build-tools\36.0.0

	adb           : C:\Program Files\Unity\Hub\Editor\6000.5.10f1\Editor\Data\PlaybackEngines\AndroidPlayer\SDK\platform-tools\adb.exe

Android PostProcess task "Detecting Android SDK" took 2474.5905 ms
DisplayProgressbar: Detect Android NDK
Android PostProcess task "Detect Android NDK" took 1.0948 ms
Android PostProcess task "Trying to find a suitable Android device" took 0.2842 ms
DisplayProgressbar: Check resources
Android PostProcess task "Check resources" took 0.1978 ms
DisplayProgressbar: Check Android Player Settings
Android PostProcess task "Check Android Player Settings" took 3.4807 ms
Launched and connected shader compiler UnityShaderCompiler.exe after 0.01 seconds
info: Microsoft.AspNetCore.Hosting.Diagnostics[1]
      Request starting HTTP/2 POST http://ilpp/UnityILPP.PostProcessing/Ping - application/grpc -
info: Microsoft.AspNetCore.Routing.EndpointMiddleware[0]
      Executing endpoint 'gRPC - /UnityILPP.PostProcessing/Ping'
info: Microsoft.AspNetCore.Routing.EndpointMiddleware[1]
      Executed endpoint 'gRPC - /UnityILPP.PostProcessing/Ping'
info: Microsoft.AspNetCore.Hosting.Diagnostics[2]
      Request finished HTTP/2 POST http://ilpp/UnityILPP.PostProcessing/Ping - 200 - application/grpc 1.3720ms
Starting: C:\Program Files\Unity\Hub\Editor\6000.5.10f1\Editor\Data\Tools\BuildPipeline\bee_backend.exe --ipc --defer-dag-verification --dagfile="Library/Bee/1300b0aESkipCompile.dag" --continue-on-failure --profile="Library/Bee/backend1.traceevents" ScriptAssembliesAndTypeDB
WorkingDir: C:/Users/josef/AppData/Local/Temp/opencode_p1s05/s05/viewer_unity
ExitCode: 4 Duration: 0s30ms
[             ] Require frontend run.  Library/Bee/1300b0aESkipCompile.dag couldn't be loaded
DisplayProgressbar: Compiling Scripts
Starting: C:\Program Files\Unity\Hub\Editor\6000.5.10f1\Editor\Data\netcorerun\netcorerun.exe "C:\Program Files\Unity\Hub\Editor\6000.5.10f1\Editor\Data\Tools\BuildPipeline\ScriptCompilationBuildProgram.exe" "Library/Bee/1300b0aESkipCompile.dag.json" "Library/Bee/1300b0aESkipCompile-inputdata.json" "Library\Bee\buildprogram0.traceevents"
WorkingDir: C:/Users/josef/AppData/Local/Temp/opencode_p1s05/s05/viewer_unity
ExitCode: 0 Duration: 0s131ms
Starting: C:\Program Files\Unity\Hub\Editor\6000.5.10f1\Editor\Data\Tools\BuildPipeline\bee_backend.exe --ipc --defer-dag-verification --dagfile="Library/Bee/1300b0aESkipCompile.dag" --continue-on-failure --dagfilejson="Library\Bee\1300b0aESkipCompile.dag.json" --profile="Library/Bee/backend2.traceevents" ScriptAssembliesAndTypeDB
WorkingDir: C:/Users/josef/AppData/Local/Temp/opencode_p1s05/s05/viewer_unity
ExitCode: 0 Duration: 0s285ms
Finished compiling graph: 4 nodes, 5 flattened edges (5 ToBuild, 0 ToUse), maximum node priority 3
[2/3        0s] BuildPlayerDataGenerator Library/BuildPlayerData/Editor/TypeDb-All.json
*** Tundra build success (0.27 seconds), 1 items updated, 3 evaluated
Total cache size 1661048
Total cache size after purge 1661048, took 00:00:00.0122330
Asset Pipeline Refresh (id=8c346b33beb96184dac7be9618251444): Total: 0.007 seconds - Initiated by RefreshV2(NoUpdateAssetOptions)
[ScriptCompilation] Requested script compilation because: Recompiling scripts for player build.
BuildPlayer: start building target 13
info: Microsoft.AspNetCore.Hosting.Diagnostics[1]
      Request starting HTTP/2 POST http://ilpp/UnityILPP.PostProcessing/Ping - application/grpc -
info: Microsoft.AspNetCore.Routing.EndpointMiddleware[0]
      Executing endpoint 'gRPC - /UnityILPP.PostProcessing/Ping'
info: Microsoft.AspNetCore.Routing.EndpointMiddleware[1]
      Executed endpoint 'gRPC - /UnityILPP.PostProcessing/Ping'
info: Microsoft.AspNetCore.Hosting.Diagnostics[2]
      Request finished HTTP/2 POST http://ilpp/UnityILPP.PostProcessing/Ping - 200 - application/grpc 1.7883ms
Starting: C:\Program Files\Unity\Hub\Editor\6000.5.10f1\Editor\Data\Tools\BuildPipeline\bee_backend.exe --ipc --defer-dag-verification --dagfile="Library/Bee/1300b0aP.dag" --continue-on-failure --profile="Library/Bee/backend1.traceevents" ScriptAssembliesAndTypeDB
WorkingDir: C:/Users/josef/AppData/Local/Temp/opencode_p1s05/s05/viewer_unity
ExitCode: 4 Duration: 0s20ms
[             ] Require frontend run.  Library/Bee/1300b0aP.dag couldn't be loaded
Starting: C:\Program Files\Unity\Hub\Editor\6000.5.10f1\Editor\Data\netcorerun\netcorerun.exe "C:\Program Files\Unity\Hub\Editor\6000.5.10f1\Editor\Data\Tools\BuildPipeline\ScriptCompilationBuildProgram.exe" "Library/Bee/1300b0aP.dag.json" "Library/Bee/1300b0aP-inputdata.json" "Library\Bee\buildprogram0.traceevents"
WorkingDir: C:/Users/josef/AppData/Local/Temp/opencode_p1s05/s05/viewer_unity
ExitCode: 0 Duration: 0s154ms
Starting: C:\Program Files\Unity\Hub\Editor\6000.5.10f1\Editor\Data\Tools\BuildPipeline\bee_backend.exe --ipc --defer-dag-verification --dagfile="Library/Bee/1300b0aP.dag" --continue-on-failure --dagfilejson="Library\Bee\1300b0aP.dag.json" --profile="Library/Bee/backend2.traceevents" ScriptAssembliesAndTypeDB
WorkingDir: C:/Users/josef/AppData/Local/Temp/opencode_p1s05/s05/viewer_unity
ExitCode: 0 Duration: 2s82ms
Finished compiling graph: 100 nodes, 374 flattened edges (362 ToBuild, 4 ToUse), maximum node priority 25
[ 1/99      0s] WriteText Library/Bee/artifacts/1300b0aP.dag/Unity.Multiplayer.Center.Common.rsp2
[ 2/99      0s] WriteText Library/Bee/artifacts/1300b0aP.dag/Unity.Multiplayer.Center.Common.UnityAdditionalFile.txt
[ 3/99      0s] MovedFromExtractor Library/Bee/artifacts/mvdfrm/UnityEngine.UnityConsentModule.dll_97E18E6CFA2BD9AF.mvfrm
[ 4/99      0s] MovedFromExtractor Library/Bee/artifacts/mvdfrm/UnityEngine.UmbraModule.dll_F6C9ECF054CF11F3.mvfrm
[ 5/99      0s] MovedFromExtractor Library/Bee/artifacts/mvdfrm/UnityEngine.TextCoreFontEngineModule.dll_5052677E358B2F87.mvfrm
[ 6/99      0s] MovedFromExtractor Library/Bee/artifacts/mvdfrm/UnityEngine.dll_6C4D79BE3ED6D11C.mvfrm
[ 7/99      0s] MovedFromExtractor Library/Bee/artifacts/mvdfrm/UnityEngine.UIModule.dll_06E82450A33F353E.mvfrm
[ 8/99      0s] MovedFromExtractor Library/Bee/artifacts/mvdfrm/UnityEngine.VehiclesModule.dll_FA11A8BBC269E021.mvfrm
[ 9/99      0s] MovedFromExtractor Library/Bee/artifacts/mvdfrm/UnityEngine.UnityCurlModule.dll_5491AF420A84EAFB.mvfrm
[10/99      0s] MovedFromExtractor Library/Bee/artifacts/mvdfrm/UnityEngine.XRModule.dll_8C790DDACE340814.mvfrm
[11/99      0s] MovedFromExtractor Library/Bee/artifacts/mvdfrm/UnityEngine.UnityConnectModule.dll_C63BF740ED21435F.mvfrm
[12/99      0s] MovedFromExtractor Library/Bee/artifacts/mvdfrm/UnityEngine.UnityWebRequestAudioModule.dll_DAE55BE85AE84880.mvfrm
[13/99      0s] MovedFromExtractor Library/Bee/artifacts/mvdfrm/UnityEngine.TilemapModule.dll_E077335689110B48.mvfrm
[14/99      0s] MovedFromExtractor Library/Bee/artifacts/mvdfrm/UnityEngine.TextRenderingModule.dll_3EC97FA8F35A8149.mvfrm
[15/99      0s] MovedFromExtractor Library/Bee/artifacts/mvdfrm/UnityEngine.U2DRuntimeModule.dll_1D1ED6A08300A2DB.mvfrm
[16/99      0s] MovedFromExtractor Library/Bee/artifacts/mvdfrm/UnityEngine.AccessibilityModule.dll_9B8AD6DD287B7468.mvfrm
[17/99      0s] MovedFromExtractor Library/Bee/artifacts/mvdfrm/UnityEngine.ARModule.dll_C4E74B26A4158E5B.mvfrm
[18/99      0s] MovedFromExtractor Library/Bee/artifacts/mvdfrm/UnityEngine.TerrainPhysicsModule.dll_7C286FDB9B37CD7C.mvfrm
[19/99      0s] MovedFromExtractor Library/Bee/artifacts/mvdfrm/UnityEngine.AdaptivePerformanceModule.dll_93455F435D3CCA34.mvfrm
[20/99      0s] MovedFromExtractor Library/Bee/artifacts/mvdfrm/UnityEngine.VideoModule.dll_A0FEC5428A3A8225.mvfrm
[21/99      0s] MovedFromExtractor Library/Bee/artifacts/mvdfrm/UnityEngine.WindModule.dll_945499B32D53FE92.mvfrm
[22/99      0s] MovedFromExtractor Library/Bee/artifacts/mvdfrm/UnityEngine.UnityWebRequestTextureModule.dll_8774555BE8A0EE55.mvfrm
[23/99      0s] MovedFromExtractor Library/Bee/artifacts/mvdfrm/UnityEngine.UnityWebRequestAssetBundleModule.dll_7378B12062557FFC.mvfrm
[24/99      0s] MovedFromExtractor Library/Bee/artifacts/mvdfrm/UnityEngine.AIModule.dll_0B74862346F82F92.mvfrm
[25/99      0s] MovedFromExtractor Library/Bee/artifacts/mvdfrm/UnityEngine.UnityAnalyticsCommonModule.dll_FE27C54DEE661C46.mvfrm
[26/99      0s] MovedFromExtractor Library/Bee/artifacts/mvdfrm/UnityEngine.UnityWebRequestWWWModule.dll_62FCE34BB4CEA511.mvfrm
[27/99      0s] MovedFromExtractor Library/Bee/artifacts/mvdfrm/Unity.Scripting.dll_2587B1DCB5DF1FA3.mvfrm
[28/99      0s] MovedFromExtractor Library/Bee/artifacts/mvdfrm/UnityEngine.UnityWebRequestModule.dll_007E646ED46F5B1A.mvfrm
[29/99      0s] MovedFromExtractor Library/Bee/artifacts/mvdfrm/UnityEngine.VectorGraphicsModule.dll_12F4FD3D13FB4938.mvfrm
[30/99      0s] MovedFromExtractor Library/Bee/artifacts/mvdfrm/UnityEngine.VFXModule.dll_AB9C80D0B66F5F52.mvfrm
[31/99      0s] MovedFromExtractor Library/Bee/artifacts/mvdfrm/UnityEngine.UnityAnalyticsModule.dll_9B4D37D22E1C24EB.mvfrm
[32/99      0s] MovedFromExtractor Library/Bee/artifacts/mvdfrm/UnityEngine.AndroidJNIModule.dll_CE1B62CCFCACBE50.mvfrm
[33/99      0s] MovedFromExtractor Library/Bee/artifacts/mvdfrm/UnityEngine.UIElementsModule.dll_5080E741B5D168C5.mvfrm
[34/99      0s] MovedFromExtractor Library/Bee/artifacts/mvdfrm/UnityEngine.TextCoreTextEngineModule.dll_983A9DEFC50EE8A5.mvfrm
[35/99      0s] MovedFromExtractor Library/Bee/artifacts/mvdfrm/UnityEngine.StreamingModule.dll_D609FB60E9F8B04C.mvfrm
[36/99      0s] MovedFromExtractor Library/Bee/artifacts/mvdfrm/UnityEngine.SubstanceModule.dll_B2B50FAA354BAE5A.mvfrm
[37/99      0s] MovedFromExtractor Library/Bee/artifacts/mvdfrm/UnityEngine.ShaderVariantAnalyticsModule.dll_482E730C946D29D0.mvfrm
[38/99      0s] MovedFromExtractor Library/Bee/artifacts/mvdfrm/UnityEngine.SpriteShapeModule.dll_C1CED2A5830F1606.mvfrm
[39/99      0s] MovedFromExtractor Library/Bee/artifacts/mvdfrm/UnityEngine.TLSModule.dll_2ABDE861E001F5E5.mvfrm
[40/99      0s] MovedFromExtractor Library/Bee/artifacts/mvdfrm/UnityEngine.SpriteMaskModule.dll_E1951F77E45D44BB.mvfrm
[41/99      0s] MovedFromExtractor Library/Bee/artifacts/mvdfrm/UnityEngine.SubsystemsModule.dll_4C4285D9B2A52CCE.mvfrm
[42/99      0s] MovedFromExtractor Library/Bee/artifacts/mvdfrm/UnityEngine.ScreenCaptureModule.dll_158A0D9E3C230154.mvfrm
[43/99      0s] MovedFromExtractor Library/Bee/artifacts/mvdfrm/UnityEngine.ScriptingModule.dll_389666D719F8A7C1.mvfrm
[44/99      0s] MovedFromExtractor Library/Bee/artifacts/mvdfrm/UnityEngine.RuntimeInitializeOnLoadManagerInitializerModule.dll_D899E660D36D276C.mvfrm
[45/99      0s] MovedFromExtractor Library/Bee/artifacts/mvdfrm/UnityEngine.SharedInternalsModule.dll_72F09B9A40A8BBEB.mvfrm
[46/99      0s] MovedFromExtractor Library/Bee/artifacts/mvdfrm/UnityEngine.TerrainModule.dll_417ACBD571542A3F.mvfrm
[47/99      0s] MovedFromExtractor Library/Bee/artifacts/mvdfrm/UnityEngine.PhysicsBackendPhysXModule.dll_6D5946D03FF90CF3.mvfrm
[48/99      0s] MovedFromExtractor Library/Bee/artifacts/mvdfrm/UnityEngine.JSONSerializeModule.dll_FBA2601927B6D4F2.mvfrm
[49/99      0s] MovedFromExtractor Library/Bee/artifacts/mvdfrm/UnityEngine.MultiplayerModule.dll_2815C1D786346B74.mvfrm
[50/99      0s] MovedFromExtractor Library/Bee/artifacts/mvdfrm/UnityEngine.PhysicsCore2DModule.dll_894EAE8887206952.mvfrm
[51/99      0s] MovedFromExtractor Library/Bee/artifacts/mvdfrm/UnityEngine.PropertiesModule.dll_25A3EC2635D9137D.mvfrm
[52/99      0s] WriteText Library/Bee/artifacts/1300b0aP.dag/Unity.Multiplayer.Center.Common.dll.mvfrm.rsp
[53/99      0s] WriteText Library/Bee/artifacts/1300b0aP.dag/Unity.Multiplayer.Center.Common.rsp
[54/99      0s] WriteText Library/Bee/artifacts/1300b0aP.dag/Assembly-CSharp.rsp2
[55/99      0s] WriteText Library/Bee/artifacts/1300b0aP.dag/Assembly-CSharp.UnityAdditionalFile.txt
[56/99      0s] WriteText Library/Bee/artifacts/1300b0aP.dag/Assembly-CSharp.dll.mvfrm.rsp
[57/99      0s] WriteText Library/Bee/artifacts/1300b0aP.dag/Assembly-CSharp.rsp
[58/99      0s] MovedFromExtractor Library/Bee/artifacts/mvdfrm/UnityEngine.ParticleSystemModule.dll_7BADC70881F4D2EF.mvfrm
[59/99      0s] MovedFromExtractor Library/Bee/artifacts/mvdfrm/UnityEngine.RenderAs2DModule.dll_66DBAEAC15335DB4.mvfrm
[60/99      0s] MovedFromExtractor Library/Bee/artifacts/mvdfrm/UnityEngine.InputModule.dll_E26B08883DE08B24.mvfrm
[61/99      0s] MovedFromExtractor Library/Bee/artifacts/mvdfrm/UnityEngine.PhysicsModule.dll_273450669B95E151.mvfrm
[62/99      0s] MovedFromExtractor Library/Bee/artifacts/mvdfrm/UnityEngine.InsightsModule.dll_1C1577CCD2BD6005.mvfrm
[63/99      0s] MovedFromExtractor Library/Bee/artifacts/mvdfrm/UnityEngine.LocalizationModule.dll_96C5B29A3B9D0873.mvfrm
[64/99      0s] MovedFromExtractor Library/Bee/artifacts/mvdfrm/UnityEngine.MarshallingModule.dll_50D643DFB1950B4E.mvfrm
[65/99      0s] MovedFromExtractor Library/Bee/artifacts/mvdfrm/UnityEngine.PerformanceReportingModule.dll_62E90809D47D7DE8.mvfrm
[66/99      0s] MovedFromExtractor Library/Bee/artifacts/mvdfrm/UnityEngine.InputLegacyModule.dll_39B2C069655E93ED.mvfrm
[67/99      0s] MovedFromExtractor Library/Bee/artifacts/mvdfrm/UnityEngine.ImageConversionModule.dll_EEDF5CC4C97AC09B.mvfrm
[68/99      0s] MovedFromExtractor Library/Bee/artifacts/mvdfrm/UnityEngine.Physics2DModule.dll_6E1AFE013B6DF0A3.mvfrm
[69/99      0s] MovedFromExtractor Library/Bee/artifacts/mvdfrm/UnityEngine.IdentifiersModule.dll_80F72D408FE5AC14.mvfrm
[70/99      0s] MovedFromExtractor Library/Bee/artifacts/mvdfrm/UnityEngine.HotReloadModule.dll_A2BDCC1675A41490.mvfrm
[71/99      0s] MovedFromExtractor Library/Bee/artifacts/mvdfrm/UnityEngine.InputForUIModule.dll_FB1B0701230E4BFD.mvfrm
[72/99      0s] MovedFromExtractor Library/Bee/artifacts/mvdfrm/UnityEngine.GraphicsStateCollectionSerializerModule.dll_7CDAB747771DF890.mvfrm
[73/99      0s] MovedFromExtractor Library/Bee/artifacts/mvdfrm/UnityEngine.MathematicsModule.dll_CD82532441E4D530.mvfrm
[74/99      0s] MovedFromExtractor Library/Bee/artifacts/mvdfrm/UnityEngine.GIModule.dll_A3B0CF30E2A717AC.mvfrm
[75/99      0s] MovedFromExtractor Library/Bee/artifacts/mvdfrm/UnityEngine.GridModule.dll_FB76DA78B4721620.mvfrm
[76/99      0s] MovedFromExtractor Library/Bee/artifacts/mvdfrm/UnityEngine.CrashReportingModule.dll_289B7DBC13E34761.mvfrm
[77/99      0s] MovedFromExtractor Library/Bee/artifacts/mvdfrm/UnityEngine.DSPGraphModule.dll_87A010A5BAA0E1A7.mvfrm
[78/99      0s] MovedFromExtractor Library/Bee/artifacts/mvdfrm/UnityEngine.IMGUIModule.dll_B454E03E8DD9FA61.mvfrm
[79/99      0s] MovedFromExtractor Library/Bee/artifacts/mvdfrm/UnityEngine.GameCenterModule.dll_F868ACE7C2EDAF41.mvfrm
[80/99      0s] MovedFromExtractor Library/Bee/artifacts/mvdfrm/UnityEngine.HierarchyCoreModule.dll_12A573B79728CD5E.mvfrm
[81/99      0s] MovedFromExtractor Library/Bee/artifacts/mvdfrm/UnityEngine.DirectorModule.dll_824EAF3C48401086.mvfrm
[82/99      0s] MovedFromExtractor Library/Bee/artifacts/mvdfrm/UnityEngine.ClothModule.dll_E2DD9DD2A1C54564.mvfrm
[83/99      0s] MovedFromExtractor Library/Bee/artifacts/mvdfrm/UnityEngine.ContentLoadModule.dll_4183FE8B9BEF85E9.mvfrm
[84/99      0s] MovedFromExtractor Library/Bee/artifacts/mvdfrm/UnityEngine.AssetBundleModule.dll_A86DA54ACD6CDDFC.mvfrm
[85/99      0s] MovedFromExtractor Library/Bee/artifacts/mvdfrm/UnityEngine.CoreModule.dll_1E05BE8A9C1D8029.mvfrm
[86/99      0s] MovedFromExtractor Library/Bee/artifacts/mvdfrm/UnityEngine.AudioModule.dll_7BF540D7C7A86680.mvfrm
[87/99      0s] MovedFromExtractor Library/Bee/artifacts/mvdfrm/UnityEngine.AnimationModule.dll_21750E109A70F90E.mvfrm
[88/99      0s] MovedFromExtractor-Combine Library/Bee/artifacts/1300b0aP.dag/Unity.Multiplayer.Center.Common.dll.mvfrm
[           0s] Csc Library/Bee/artifacts/1300b0aP.dag/Unity.Multiplayer.Center.Common.dll (+2 others) [CacheMiss 36004464889ca825adaf620a50d422d100000000000000000000000000000006]
[89/99      0s] Csc Library/Bee/artifacts/1300b0aP.dag/Unity.Multiplayer.Center.Common.dll (+2 others)
[           0s] Csc Library/Bee/artifacts/1300b0aP.dag/Unity.Multiplayer.Center.Common.dll (+2 others) [CacheWrite 36004464889ca825adaf620a50d422d100000000000000000000000000000006]
[90/99      0s] CopyFiles Library/Bee/PlayerScriptAssemblies/Unity.Multiplayer.Center.Common.pdb
[91/99      0s] CopyFiles Library/Bee/PlayerScriptAssemblies/Unity.Multiplayer.Center.Common.dll
[92/99      0s] MovedFromExtractor Library/Bee/artifacts/mvdfrm/Unity.Multiplayer.Center.Common.ref.dll_A2E97B59907D8CED.mvfrm
[93/99      0s] MovedFromExtractor-Combine Library/Bee/artifacts/1300b0aP.dag/Assembly-CSharp.dll.mvfrm
[94/99      0s] Csc Library/Bee/artifacts/1300b0aP.dag/Assembly-CSharp.dll (+2 others)
Assets\Scripts\ViewerController.cs(99,17): warning CS0618: 'Object.FindObjectOfType<T>()' is obsolete: 'Object.FindObjectOfType has been deprecated. Use Object.FindAnyObjectByType instead.'

Assets\Scripts\EsfuerzosController.cs(758,26): warning CS0618: 'Object.FindObjectOfType<T>()' is obsolete: 'Object.FindObjectOfType has been deprecated. Use Object.FindAnyObjectByType instead.'

Assets\Scripts\InteraccionUI.cs(20,29): warning CS0414: The field 'InteraccionUI._scrollConsumidoEnFrame' is assigned but its value is never used

Assets\Scripts\LabModel.cs(27,36): warning UAC1009: Field 'Aberturas' uses an unsupported type 'System.Collections.Generic.List<System.Collections.Generic.List<UnityEngine.Vector3>>'. Refer to the Serialization rules analyzer reference. (https://docs.unity3d.com/6000.5/Documentation/Manual/script-serialization-analyzer.html#uac1009)

Assets\Scripts\LabModel.cs(42,33): warning UAC1001: Field 'TribRegions' type 'LabViewer.TribRegion' is skipped by serialization (missing the [Serializable] attribute). Refer to the Serialization rules analyzer reference. (https://docs.unity3d.com/6000.5/Documentation/Manual/script-serialization-analyzer.html#uac1001)

Assets\Scripts\LabLoader.cs(14,25): warning UAC1001: Field 'Model' type 'LabViewer.LabModel' is skipped by serialization (missing the [Serializable] attribute). Refer to the Serialization rules analyzer reference. (https://docs.unity3d.com/6000.5/Documentation/Manual/script-serialization-analyzer.html#uac1001)

Assets\Scripts\EsfuerzosController.cs(226,27): warning UAC1001: Field 'SelectedFE' type 'LabViewer.EFElemento' is skipped by serialization (missing the [Serializable] attribute). Refer to the Serialization rules analyzer reference. (https://docs.unity3d.com/6000.5/Documentation/Manual/script-serialization-analyzer.html#uac1001)

Assets\Scripts\EsfuerzosController.cs(98,27): warning UAC1001: Field 'Elem' type 'LabViewer.EFElemento' is skipped by serialization (missing the [Serializable] attribute). Refer to the Serialization rules analyzer reference. (https://docs.unity3d.com/6000.5/Documentation/Manual/script-serialization-analyzer.html#uac1001)
[95/99      0s] CopyFiles Library/Bee/PlayerScriptAssemblies/Assembly-CSharp.pdb
[96/99      0s] CopyFiles Library/Bee/PlayerScriptAssemblies/Assembly-CSharp.dll
[98/99      0s] BuildPlayerDataGenerator Library/BuildPlayerData/Player/RuntimeInitializeOnLoads.json (+1 other)
*** Tundra build success (2.06 seconds), 97 items updated, 99 evaluated
Assets\Scripts\ViewerController.cs(99,17): warning CS0618: 'Object.FindObjectOfType<T>()' is obsolete: 'Object.FindObjectOfType has been deprecated. Use Object.FindAnyObjectByType instead.'
Assets\Scripts\EsfuerzosController.cs(758,26): warning CS0618: 'Object.FindObjectOfType<T>()' is obsolete: 'Object.FindObjectOfType has been deprecated. Use Object.FindAnyObjectByType instead.'
Assets\Scripts\InteraccionUI.cs(20,29): warning CS0414: The field 'InteraccionUI._scrollConsumidoEnFrame' is assigned but its value is never used
Assets\Scripts\LabModel.cs(27,36): warning UAC1009: Field 'Aberturas' uses an unsupported type 'System.Collections.Generic.List<System.Collections.Generic.List<UnityEngine.Vector3>>'. Refer to the Serialization rules analyzer reference. (https://docs.unity3d.com/6000.5/Documentation/Manual/script-serialization-analyzer.html#uac1009)
Assets\Scripts\LabModel.cs(42,33): warning UAC1001: Field 'TribRegions' type 'LabViewer.TribRegion' is skipped by serialization (missing the [Serializable] attribute). Refer to the Serialization rules analyzer reference. (https://docs.unity3d.com/6000.5/Documentation/Manual/script-serialization-analyzer.html#uac1001)
Assets\Scripts\LabLoader.cs(14,25): warning UAC1001: Field 'Model' type 'LabViewer.LabModel' is skipped by serialization (missing the [Serializable] attribute). Refer to the Serialization rules analyzer reference. (https://docs.unity3d.com/6000.5/Documentation/Manual/script-serialization-analyzer.html#uac1001)
Assets\Scripts\EsfuerzosController.cs(226,27): warning UAC1001: Field 'SelectedFE' type 'LabViewer.EFElemento' is skipped by serialization (missing the [Serializable] attribute). Refer to the Serialization rules analyzer reference. (https://docs.unity3d.com/6000.5/Documentation/Manual/script-serialization-analyzer.html#uac1001)
Assets\Scripts\EsfuerzosController.cs(98,27): warning UAC1001: Field 'Elem' type 'LabViewer.EFElemento' is skipped by serialization (missing the [Serializable] attribute). Refer to the Serialization rules analyzer reference. (https://docs.unity3d.com/6000.5/Documentation/Manual/script-serialization-analyzer.html#uac1001)
Total cache size 1696008
Total cache size after purge 1696008, took 00:00:00.0094073


Mono dependencies included in the build
Dependency assembly - System.ServiceModel.Security.dll
Dependency assembly - System.Xml.XPath.XDocument.dll
Dependency assembly - System.Security.Cryptography.RSA.dll
Dependency assembly - System.Threading.Tasks.Parallel.dll
Dependency assembly - System.Xml.ReaderWriter.dll
Dependency assembly - System.ServiceModel.Routing.dll
Dependency assembly - System.Security.Cryptography.Hashing.Algorithms.dll
Dependency assembly - System.DirectoryServices.Protocols.dll
Dependency assembly - System.Threading.ThreadPool.dll
Dependency assembly - System.Security.dll
Dependency assembly - mscorlib.dll
Dependency assembly - System.ComponentModel.DataAnnotations.dll
Dependency assembly - System.Linq.dll
Dependency assembly - System.Web.dll
Dependency assembly - System.Net.dll
Dependency assembly - System.ComponentModel.EventBasedAsync.dll
Dependency assembly - System.Security.Cryptography.Encryption.dll
Dependency assembly - System.Globalization.Extensions.dll
Dependency assembly - System.Linq.Parallel.dll
Dependency assembly - System.Diagnostics.TraceEvent.dll
Dependency assembly - System.Net.Cache.dll
Dependency assembly - System.Design.dll
Dependency assembly - System.IO.MemoryMappedFiles.dll
Dependency assembly - System.Linq.Queryable.dll
Dependency assembly - System.Net.Requests.dll
Dependency assembly - System.ServiceModel.NetTcp.dll
Dependency assembly - System.Security.Cryptography.Csp.dll
Dependency assembly - System.Data.OracleClient.dll
Dependency assembly - System.Xml.Serialization.dll
Dependency assembly - System.IO.UnmanagedMemoryStream.dll
Dependency assembly - System.Web.Services.dll
Dependency assembly - System.Diagnostics.Tracing.dll
Dependency assembly - System.Collections.NonGeneric.dll
Dependency assembly - System.Security.Claims.dll
Dependency assembly - System.Json.dll
Dependency assembly - System.IO.FileSystem.DriveInfo.dll
Dependency assembly - System.Drawing.Primitives.dll
Dependency assembly - System.AppContext.dll
Dependency assembly - System.Reflection.Metadata.dll
Dependency assembly - Assembly-CSharp.dll
Dependency assembly - System.Security.Principal.Windows.dll
Dependency assembly - System.IO.FileSystem.Primitives.dll
Dependency assembly - System.Net.Mail.dll
Dependency assembly - System.Messaging.dll
Dependency assembly - System.Linq.Expressions.dll
Dependency assembly - Mono.Data.Sqlite.dll
Dependency assembly - System.IdentityModel.dll
Dependency assembly - System.Windows.Forms.DataVisualization.dll
Dependency assembly - System.Security.Cryptography.OpenSsl.dll
Dependency assembly - System.Web.DynamicData.dll
Dependency assembly - System.DirectoryServices.dll
Dependency assembly - System.Diagnostics.Debug.dll
Dependency assembly - I18N.MidEast.dll
Dependency assembly - System.Runtime.Extensions.dll
Dependency assembly - System.Security.Cryptography.RandomNumberGenerator.dll
Dependency assembly - Microsoft.Win32.Registry.AccessControl.dll
Dependency assembly - System.Diagnostics.DiagnosticSource.dll
Dependency assembly - Microsoft.Win32.Registry.dll
Dependency assembly - System.Net.NameResolution.dll
Dependency assembly - System.ComponentModel.dll
Dependency assembly - System.Runtime.InteropServices.WindowsRuntime.dll
Dependency assembly - System.IO.FileSystem.AccessControl.dll
Dependency assembly - System.Net.Sockets.dll
Dependency assembly - System.Xml.XPath.dll
Dependency assembly - System.Collections.Specialized.dll
Dependency assembly - System.Console.dll
Dependency assembly - System.Resources.ReaderWriter.dll
Dependency assembly - System.Reflection.DispatchProxy.dll
Dependency assembly - I18N.CJK.dll
Dependency assembly - System.Numerics.dll
Dependency assembly - System.Runtime.Loader.dll
Dependency assembly - System.Runtime.dll
Dependency assembly - System.Reflection.dll
Dependency assembly - System.Reflection.Primitives.dll
Dependency assembly - System.Xml.Linq.dll
Dependency assembly - System.Threading.AccessControl.dll
Dependency assembly - System.Resources.Reader.dll
Dependency assembly - System.ValueTuple.dll
Dependency assembly - System.Net.Security.dll
Dependency assembly - System.Windows.dll
Dependency assembly - System.Reflection.Emit.Lightweight.dll
Dependency assembly - Accessibility.dll
Dependency assembly - System.Data.DataSetExtensions.dll
Dependency assembly - System.Data.dll
Dependency assembly - System.Net.HttpListener.dll
Dependency assembly - System.dll
Dependency assembly - System.Net.Http.WebRequest.dll
Dependency assembly - System.Net.Primitives.dll
Dependency assembly - System.Security.Cryptography.Algorithms.dll
Dependency assembly - System.IO.Hashing.dll
Dependency assembly - System.Buffers.dll
Dependency assembly - System.Runtime.DurableInstancing.dll
Dependency assembly - System.Security.Cryptography.ProtectedData.dll
Dependency assembly - System.Diagnostics.StackTrace.dll
Dependency assembly - System.Net.WebSockets.Client.dll
Dependency assembly - System.Net.Http.dll
Dependency assembly - System.Collections.Concurrent.dll
Dependency assembly - System.Core.dll
Dependency assembly - System.Numerics.Vectors.dll
Dependency assembly - System.Text.Encoding.Extensions.dll
Dependency assembly - System.IO.Pipes.dll
Dependency assembly - Microsoft.Extensions.Logging.Abstractions.dll
Dependency assembly - System.Transactions.dll
Dependency assembly - System.Memory.dll
Dependency assembly - System.ServiceModel.Internals.dll
Dependency assembly - System.Runtime.CompilerServices.VisualC.dll
Dependency assembly - System.IO.FileSystem.dll
Dependency assembly - System.IO.dll
Dependency assembly - System.Collections.Immutable.dll
Dependency assembly - I18N.Rare.dll
Dependency assembly - System.Security.AccessControl.dll
Dependency assembly - System.ServiceProcess.ServiceController.dll
Dependency assembly - System.Reflection.TypeExtensions.dll
Dependency assembly - System.Security.Cryptography.Pkcs.dll
Dependency assembly - System.Xaml.dll
Dependency assembly - I18N.Other.dll
Dependency assembly - System.Security.Cryptography.Encryption.Aes.dll
Dependency assembly - System.Net.ServicePoint.dll
Dependency assembly - System.Security.Cryptography.Cng.dll
Dependency assembly - System.Data.Common.dll
Dependency assembly - System.ComponentModel.Composition.dll
Dependency assembly - System.Runtime.Caching.dll
Dependency assembly - System.Web.Extensions.Design.dll
Dependency assembly - System.Globalization.Calendars.dll
Dependency assembly - netstandard.dll
Dependency assembly - System.Diagnostics.Contracts.dll
Dependency assembly - System.IO.Compression.dll
Dependency assembly - System.Text.Json.dll
Dependency assembly - System.Globalization.dll
Dependency assembly - System.Diagnostics.TraceSource.dll
Dependency assembly - System.Runtime.Serialization.Primitives.dll
Dependency assembly - System.Text.Encodings.Web.dll
Dependency assembly - System.Security.SecureString.dll
Dependency assembly - System.Diagnostics.Tools.dll
Dependency assembly - System.Collections.dll
Dependency assembly - System.Runtime.Serialization.Xml.dll
Dependency assembly - System.Runtime.Serialization.Formatters.dll
Dependency assembly - Microsoft.Bcl.AsyncInterfaces.dll
Dependency assembly - Unity.Multiplayer.Center.Common.dll
Dependency assembly - System.IdentityModel.Selectors.dll
Dependency assembly - System.Security.Cryptography.Hashing.dll
Dependency assembly - System.Net.Utilities.dll
Dependency assembly - System.Data.SqlClient.dll
Dependency assembly - System.Windows.Forms.dll
Dependency assembly - System.Xml.XmlSerializer.dll
Dependency assembly - System.Web.Extensions.dll
Dependency assembly - System.IO.FileSystem.Watcher.dll
Dependency assembly - System.Net.WebHeaderCollection.dll
Dependency assembly - System.Runtime.Remoting.dll
Dependency assembly - System.Text.Encoding.CodePages.dll
Dependency assembly - Microsoft.Extensions.DependencyInjection.Abstractions.dll
Dependency assembly - System.Security.Cryptography.Primitives.dll
Dependency assembly - System.ComponentModel.TypeConverter.dll
Dependency assembly - System.Threading.dll
Dependency assembly - Mono.Data.Tds.dll
Dependency assembly - System.Xml.Xsl.Primitives.dll
Dependency assembly - System.Data.Linq.dll
Dependency assembly - System.Configuration.dll
Dependency assembly - System.Management.dll
Dependency assembly - System.Reflection.Context.dll
Dependency assembly - System.ServiceModel.Discovery.dll
Dependency assembly - System.Configuration.Install.dll
Dependency assembly - System.Xml.dll
Dependency assembly - System.Data.Entity.dll
Dependency assembly - System.ObjectModel.dll
Dependency assembly - System.Security.Cryptography.Encryption.ECDiffieHellman.dll
Dependency assembly - System.Drawing.Design.dll
Dependency assembly - System.Text.RegularExpressions.dll
Dependency assembly - System.Diagnostics.Process.dll
Dependency assembly - System.Net.Ping.dll
Dependency assembly - System.Xml.XPath.XmlDocument.dll
Dependency assembly - System.Security.Cryptography.DeriveBytes.dll
Dependency assembly - System.Diagnostics.FileVersionInfo.dll
Dependency assembly - System.Runtime.Numerics.dll
Dependency assembly - System.Threading.Tasks.dll
Dependency assembly - System.ServiceModel.Duplex.dll
Dependency assembly - System.Runtime.InteropServices.dll
Dependency assembly - System.Web.ApplicationServices.dll
Dependency assembly - System.ServiceModel.Activation.dll
Dependency assembly - I18N.dll
Dependency assembly - System.Runtime.Serialization.Formatters.Soap.dll
Dependency assembly - Microsoft.CSharp.dll
Dependency assembly - System.ServiceModel.dll
Dependency assembly - System.Runtime.InteropServices.RuntimeInformation.dll
Dependency assembly - System.IO.Compression.ZipFile.dll
Dependency assembly - System.ComponentModel.Primitives.dll
Dependency assembly - System.Threading.Tasks.Extensions.dll
Dependency assembly - System.Security.Cryptography.X509Certificates.dll
Dependency assembly - System.ServiceProcess.dll
Dependency assembly - System.Xml.XDocument.dll
Dependency assembly - System.Data.Services.Client.dll
Dependency assembly - System.Net.AuthenticationManager.dll
Dependency assembly - System.Threading.Timer.dll
Dependency assembly - System.IO.Compression.FileSystem.dll
Dependency assembly - System.Security.Cryptography.Encryption.ECDsa.dll
Dependency assembly - System.Data.Services.dll
Dependency assembly - System.ComponentModel.Annotations.dll
Dependency assembly - I18N.West.dll
Dependency assembly - System.Net.WebSockets.dll
Dependency assembly - System.Security.Cryptography.Encoding.dll
Dependency assembly - System.Threading.Overlapped.dll
Dependency assembly - System.Runtime.Serialization.Json.dll
Dependency assembly - System.Runtime.CompilerServices.Unsafe.dll
Dependency assembly - System.Security.Principal.dll
Dependency assembly - System.Diagnostics.TextWriterTraceListener.dll
Dependency assembly - System.ServiceModel.Http.dll
Dependency assembly - System.ServiceModel.Primitives.dll
Dependency assembly - System.EnterpriseServices.dll
Dependency assembly - System.Reflection.Emit.ILGeneration.dll
Dependency assembly - System.Web.RegularExpressions.dll
Dependency assembly - System.Net.NetworkInformation.dll
Dependency assembly - System.Reflection.Extensions.dll
Dependency assembly - System.Xml.XmlDocument.dll
Dependency assembly - Microsoft.Win32.Primitives.dll
Dependency assembly - System.Resources.ResourceManager.dll
Dependency assembly - System.Drawing.dll
Dependency assembly - System.ServiceModel.Web.dll
Dependency assembly - System.IO.IsolatedStorage.dll
Dependency assembly - System.Reflection.Emit.dll
Dependency assembly - System.Threading.Thread.dll
Dependency assembly - System.Runtime.Handles.dll
Dependency assembly - System.Dynamic.Runtime.dll
Dependency assembly - Mono.Security.dll
Dependency assembly - System.Runtime.Serialization.dll
Dependency assembly - System.Text.Encoding.dll
Dependency assembly - System.Resources.Writer.dll

DisplayProgressbar: Fetching assembly references
Opening scene 'Assets/Scenes/Main.unity'
Unloading 1 Unused Serialized files (Serialized files now loaded: 0)
Loaded scene 'Assets/Scenes/Main.unity'
	Deserialize:            3.312 ms
	Integration:            8.467 ms
	Integration of assets:  0.002 ms
	Thread Wait Time:       19.127 ms
	Total Operation Time:   30.908 ms
Unloading 33 unused Assets / (1.2 MB). Loaded Objects now: 897.
Memory consumption went from 219.8 MB to 218.6 MB.
Total: 4.261400 ms (FindLiveObjects: 0.052800 ms CreateObjectMapping: 0.007800 ms MarkObjects: 3.798700 ms  DeleteObjects: 0.401800 ms)

Unloading 2 Unused Serialized files (Serialized files now loaded: 0)
Unloading 27 unused Assets / (1.1 MB). Loaded Objects now: 890.
Memory consumption went from 220.3 MB to 219.2 MB.
Total: 4.978900 ms (FindLiveObjects: 0.031700 ms CreateObjectMapping: 0.007700 ms MarkObjects: 4.600500 ms  DeleteObjects: 0.338600 ms)

Unloading 0 Unused Serialized files (Serialized files now loaded: 0)
Unloading 0 unused Assets / (Unknown). Loaded Objects now: 890.
Memory consumption went from 219.2 MB to 219.2 MB.
Total: 3.602600 ms (FindLiveObjects: 0.051800 ms CreateObjectMapping: 0.010100 ms MarkObjects: 3.538600 ms  DeleteObjects: 0.001600 ms)

Unloading 1 Unused Serialized files (Serialized files now loaded: 0)
Unloading 184 unused Assets / (150.9 MB). Loaded Objects now: 890.
Memory consumption went from 371.1 MB to 220.2 MB.
Total: 20.003500 ms (FindLiveObjects: 0.046100 ms CreateObjectMapping: 0.012000 ms MarkObjects: 4.637300 ms  DeleteObjects: 15.307700 ms)

Compiling shader "Skybox/Procedural"
  Pass "" (vp)
    Target graphics API: gles3
    Full variant space:         3
    After settings filtering:   3
    After built-in stripping:   9
    After scriptable stripping: 9
    Processed in 0.01 seconds
    Target graphics API: vulkan
    Full variant space:         3
    After settings filtering:   3
    After built-in stripping:   9
    After scriptable stripping: 9
    Processed in 0.00 seconds
Launched and connected shader compiler UnityShaderCompiler.exe after 0.01 seconds
Launched and connected shader compiler UnityShaderCompiler.exe after 0.01 seconds
Launched and connected shader compiler UnityShaderCompiler.exe after 0.01 seconds
Launched and connected shader compiler UnityShaderCompiler.exe after 0.01 seconds
Launched and connected shader compiler UnityShaderCompiler.exe after 0.01 seconds
Launched and connected shader compiler UnityShaderCompiler.exe after 0.01 seconds
Launched and connected shader compiler UnityShaderCompiler.exe after 0.01 seconds
Launched and connected shader compiler UnityShaderCompiler.exe after 0.01 seconds
Launched and connected shader compiler UnityShaderCompiler.exe after 0.01 seconds
Launched and connected shader compiler UnityShaderCompiler.exe after 0.01 seconds
Launched and connected shader compiler UnityShaderCompiler.exe after 0.01 seconds
Launched and connected shader compiler UnityShaderCompiler.exe after 0.01 seconds
Launched and connected shader compiler UnityShaderCompiler.exe after 0.01 seconds
Launched and connected shader compiler UnityShaderCompiler.exe after 0.01 seconds
Launched and connected shader compiler UnityShaderCompiler.exe after 0.01 seconds
Launched and connected shader compiler UnityShaderCompiler.exe after 0.01 seconds
Launched and connected shader compiler UnityShaderCompiler.exe after 0.01 seconds
Launched and connected shader compiler UnityShaderCompiler.exe after 0.01 seconds
  Pass  (vp, gles3) finished in 0.41 seconds. Local cache hits 0 (0.00s CPU time), remote cache hits 0 (0.00s CPU time), compiled 9 variants (1.83s CPU time), skipped 0 variants.
  Pass  (vp, vulkan) finished in 0.49 seconds. Local cache hits 0 (0.00s CPU time), remote cache hits 0 (0.00s CPU time), compiled 9 variants (3.35s CPU time), skipped 0 variants.
    Prepared data for serialisation in 0.00s
Serialized binary data for shader Skybox/Procedural in 0.00s
    gles3 (total internal programs: 9, unique: 3)
    vulkan (total internal programs: 9, unique: 3)
Compiling shader "Legacy Shaders/VertexLit"
  Pass "" (vp)
    Target graphics API: gles3
    Full variant space:         12
    After settings filtering:   12
    After built-in stripping:   9
    After scriptable stripping: 9
    Processed in 0.00 seconds
    Target graphics API: vulkan
    Full variant space:         12
    After settings filtering:   12
    After built-in stripping:   9
    After scriptable stripping: 9
    Processed in 0.00 seconds
  Pass "" (vp)
    Target graphics API: gles3
    Full variant space:         4
    After settings filtering:   4
    After built-in stripping:   3
    After scriptable stripping: 3
    Processed in 0.00 seconds
    Target graphics API: vulkan
    Full variant space:         4
    After settings filtering:   4
    After built-in stripping:   3
    After scriptable stripping: 3
    Processed in 0.00 seconds
  Pass "ShadowCaster" (vp)
    Target graphics API: gles3
    Full variant space:         4
    After settings filtering:   4
    After built-in stripping:   6
    After scriptable stripping: 6
    Processed in 0.00 seconds
    Target graphics API: vulkan
    Full variant space:         4
    After settings filtering:   4
    After built-in stripping:   6
    After scriptable stripping: 6
    Processed in 0.00 seconds
Launched and connected shader compiler UnityShaderCompiler.exe after 0.02 seconds
Launched and connected shader compiler UnityShaderCompiler.exe after 0.01 seconds
Launched and connected shader compiler UnityShaderCompiler.exe after 0.01 seconds
  Pass  (vp, gles3) finished in 0.13 seconds. Local cache hits 0 (0.00s CPU time), remote cache hits 0 (0.00s CPU time), compiled 9 variants (0.89s CPU time), skipped 0 variants.
Launched and connected shader compiler UnityShaderCompiler.exe after 0.01 seconds
Launched and connected shader compiler UnityShaderCompiler.exe after 0.01 seconds
Launched and connected shader compiler UnityShaderCompiler.exe after 0.01 seconds
Launched and connected shader compiler UnityShaderCompiler.exe after 0.01 seconds
Launched and connected shader compiler UnityShaderCompiler.exe after 0.01 seconds
  Pass  (vp, vulkan) finished in 0.25 seconds. Local cache hits 0 (0.00s CPU time), remote cache hits 0 (0.00s CPU time), compiled 9 variants (1.32s CPU time), skipped 0 variants.
    Prepared data for serialisation in 0.00s
  Pass  (vp, gles3) finished in 0.25 seconds. Local cache hits 0 (0.00s CPU time), remote cache hits 0 (0.00s CPU time), compiled 3 variants (0.29s CPU time), skipped 0 variants.
Launched and connected shader compiler UnityShaderCompiler.exe after 0.01 seconds
  Pass  (vp, vulkan) finished in 0.27 seconds. Local cache hits 0 (0.00s CPU time), remote cache hits 0 (0.00s CPU time), compiled 3 variants (0.33s CPU time), skipped 0 variants.
    Prepared data for serialisation in 0.00s
Launched and connected shader compiler UnityShaderCompiler.exe after 0.01 seconds
Launched and connected shader compiler UnityShaderCompiler.exe after 0.01 seconds
Launched and connected shader compiler UnityShaderCompiler.exe after 0.01 seconds
Launched and connected shader compiler UnityShaderCompiler.exe after 0.01 seconds
  Pass ShadowCaster (vp, gles3) finished in 0.34 seconds. Local cache hits 0 (0.00s CPU time), remote cache hits 0 (0.00s CPU time), compiled 6 variants (1.47s CPU time), skipped 0 variants.
  Pass ShadowCaster (vp, vulkan) finished in 0.34 seconds. Local cache hits 0 (0.00s CPU time), remote cache hits 0 (0.00s CPU time), compiled 6 variants (0.54s CPU time), skipped 0 variants.
    Prepared data for serialisation in 0.00s
Serialized binary data for shader Legacy Shaders/VertexLit in 0.00s
    gles3 (total internal programs: 18, unique: 6)
    vulkan (total internal programs: 18, unique: 6)
Compiling shader "Legacy Shaders/Diffuse"
  Pass "FORWARD" (vp)
    Target graphics API: gles3
    Full variant space:         664
    After settings filtering:   664
    After built-in stripping:   24
    After scriptable stripping: 24
    Processed in 0.00 seconds
    Target graphics API: vulkan
    Full variant space:         664
    After settings filtering:   664
    After built-in stripping:   24
    After scriptable stripping: 24
    Processed in 0.00 seconds
  Pass "FORWARD" (vp)
    Target graphics API: gles3
    Full variant space:         20
    After settings filtering:   20
    After built-in stripping:   15
    After scriptable stripping: 15
    Processed in 0.00 seconds
    Target graphics API: vulkan
    Full variant space:         20
    After settings filtering:   20
    After built-in stripping:   15
    After scriptable stripping: 15
    Processed in 0.00 seconds
  Pass "DEFERRED" (vp)
    Target graphics API: gles3
    Full variant space:         76
    After settings filtering:   76
    After built-in stripping:   12
    After scriptable stripping: 12
    Processed in 0.00 seconds
    Target graphics API: vulkan
    Full variant space:         76
    After settings filtering:   76
    After built-in stripping:   12
    After scriptable stripping: 12
    Processed in 0.00 seconds
  Pass FORWARD (vp, gles3) finished in 0.33 seconds. Local cache hits 0 (0.00s CPU time), remote cache hits 0 (0.00s CPU time), compiled 24 variants (2.27s CPU time), skipped 0 variants.
  Pass FORWARD (vp, vulkan) finished in 0.29 seconds. Local cache hits 0 (0.00s CPU time), remote cache hits 0 (0.00s CPU time), compiled 24 variants (2.84s CPU time), skipped 0 variants.
    Prepared data for serialisation in 0.00s
  Pass FORWARD (vp, gles3) finished in 0.23 seconds. Local cache hits 0 (0.00s CPU time), remote cache hits 0 (0.00s CPU time), compiled 15 variants (1.36s CPU time), skipped 0 variants.
  Pass FORWARD (vp, vulkan) finished in 0.17 seconds. Local cache hits 0 (0.00s CPU time), remote cache hits 0 (0.00s CPU time), compiled 15 variants (1.23s CPU time), skipped 0 variants.
    Prepared data for serialisation in 0.00s
  Pass DEFERRED (vp, gles3) finished in 0.12 seconds. Local cache hits 0 (0.00s CPU time), remote cache hits 0 (0.00s CPU time), compiled 12 variants (0.77s CPU time), skipped 0 variants.
  Pass DEFERRED (vp, vulkan) finished in 0.10 seconds. Local cache hits 0 (0.00s CPU time), remote cache hits 0 (0.00s CPU time), compiled 12 variants (0.74s CPU time), skipped 0 variants.
    Prepared data for serialisation in 0.00s
Serialized binary data for shader Legacy Shaders/Diffuse in 0.00s
    gles3 (total internal programs: 51, unique: 17)
    vulkan (total internal programs: 51, unique: 17)
Compiling shader "Hidden/Internal-StencilWrite"
  Pass "" (vp)
    Target graphics API: gles3
    Full variant space:         1
    After settings filtering:   1
    After built-in stripping:   3
    After scriptable stripping: 3
    Processed in 0.00 seconds
    Target graphics API: vulkan
    Full variant space:         1
    After settings filtering:   1
    After built-in stripping:   3
    After scriptable stripping: 3
    Processed in 0.00 seconds
  Pass  (vp, gles3) finished in 0.02 seconds. Local cache hits 0 (0.00s CPU time), remote cache hits 0 (0.00s CPU time), compiled 3 variants (0.05s CPU time), skipped 0 variants.
  Pass  (vp, vulkan) finished in 0.02 seconds. Local cache hits 0 (0.00s CPU time), remote cache hits 0 (0.00s CPU time), compiled 3 variants (0.06s CPU time), skipped 0 variants.
    Prepared data for serialisation in 0.00s
Serialized binary data for shader Hidden/Internal-StencilWrite in 0.00s
    gles3 (total internal programs: 3, unique: 1)
    vulkan (total internal programs: 3, unique: 1)
Compiling shader "Hidden/Internal-DepthNormalsTexture"
  Pass "" (vp)
    Target graphics API: gles3
    Full variant space:         1
    After settings filtering:   1
    After built-in stripping:   3
    After scriptable stripping: 3
    Processed in 0.00 seconds
    Target graphics API: vulkan
    Full variant space:         1
    After settings filtering:   1
    After built-in stripping:   3
    After scriptable stripping: 3
    Processed in 0.00 seconds
  Pass "" (vp)
    Target graphics API: gles3
    Full variant space:         1
    After settings filtering:   1
    After built-in stripping:   3
    After scriptable stripping: 3
    Processed in 0.00 seconds
    Target graphics API: vulkan
    Full variant space:         1
    After settings filtering:   1
    After built-in stripping:   3
    After scriptable stripping: 3
    Processed in 0.00 seconds
  Pass "" (vp)
    Target graphics API: gles3
    Full variant space:         1
    After settings filtering:   1
    After built-in stripping:   3
    After scriptable stripping: 3
    Processed in 0.00 seconds
    Target graphics API: vulkan
    Full variant space:         1
    After settings filtering:   1
    After built-in stripping:   3
    After scriptable stripping: 3
    Processed in 0.00 seconds
  Pass "" (vp)
    Target graphics API: gles3
    Full variant space:         1
    After settings filtering:   1
    After built-in stripping:   3
    After scriptable stripping: 3
    Processed in 0.00 seconds
    Target graphics API: vulkan
    Full variant space:         1
    After settings filtering:   1
    After built-in stripping:   3
    After scriptable stripping: 3
    Processed in 0.00 seconds
  Pass "" (vp)
    Target graphics API: gles3
    Full variant space:         1
    After settings filtering:   1
    After built-in stripping:   3
    After scriptable stripping: 3
    Processed in 0.00 seconds
    Target graphics API: vulkan
    Full variant space:         1
    After settings filtering:   1
    After built-in stripping:   3
    After scriptable stripping: 3
    Processed in 0.00 seconds
  Pass "" (vp)
    Target graphics API: gles3
    Full variant space:         1
    After settings filtering:   1
    After built-in stripping:   3
    After scriptable stripping: 3
    Processed in 0.00 seconds
    Target graphics API: vulkan
    Full variant space:         1
    After settings filtering:   1
    After built-in stripping:   3
    After scriptable stripping: 3
    Processed in 0.00 seconds
  Pass "" (vp)
    Target graphics API: gles3
    Full variant space:         1
    After settings filtering:   1
    After built-in stripping:   3
    After scriptable stripping: 3
    Processed in 0.00 seconds
    Target graphics API: vulkan
    Full variant space:         1
    After settings filtering:   1
    After built-in stripping:   3
    After scriptable stripping: 3
    Processed in 0.00 seconds
  Pass "" (vp)
    Target graphics API: gles3
    Full variant space:         1
    After settings filtering:   1
    After built-in stripping:   3
    After scriptable stripping: 3
    Processed in 0.00 seconds
    Target graphics API: vulkan
    Full variant space:         1
    After settings filtering:   1
    After built-in stripping:   3
    After scriptable stripping: 3
    Processed in 0.00 seconds
  Pass "" (vp)
    Target graphics API: gles3
    Full variant space:         1
    After settings filtering:   1
    After built-in stripping:   3
    After scriptable stripping: 3
    Processed in 0.00 seconds
    Target graphics API: vulkan
    Full variant space:         1
    After settings filtering:   1
    After built-in stripping:   3
    After scriptable stripping: 3
    Processed in 0.00 seconds
  Pass "" (vp)
    Target graphics API: gles3
    Full variant space:         1
    After settings filtering:   1
    After built-in stripping:   3
    After scriptable stripping: 3
    Processed in 0.00 seconds
    Target graphics API: vulkan
    Full variant space:         1
    After settings filtering:   1
    After built-in stripping:   3
    After scriptable stripping: 3
    Processed in 0.00 seconds
  Pass  (vp, gles3) finished in 0.05 seconds. Local cache hits 0 (0.00s CPU time), remote cache hits 0 (0.00s CPU time), compiled 3 variants (0.11s CPU time), skipped 0 variants.
  Pass  (vp, vulkan) finished in 0.06 seconds. Local cache hits 0 (0.00s CPU time), remote cache hits 0 (0.00s CPU time), compiled 3 variants (0.14s CPU time), skipped 0 variants.
    Prepared data for serialisation in 0.00s
  Pass  (vp, gles3) finished in 0.06 seconds. Local cache hits 0 (0.00s CPU time), remote cache hits 0 (0.00s CPU time), compiled 3 variants (0.15s CPU time), skipped 0 variants.
  Pass  (vp, vulkan) finished in 0.07 seconds. Local cache hits 0 (0.00s CPU time), remote cache hits 0 (0.00s CPU time), compiled 3 variants (0.18s CPU time), skipped 0 variants.
    Prepared data for serialisation in 0.00s
  Pass  (vp, gles3) finished in 0.09 seconds. Local cache hits 0 (0.00s CPU time), remote cache hits 0 (0.00s CPU time), compiled 3 variants (0.24s CPU time), skipped 0 variants.
  Pass  (vp, vulkan) finished in 0.09 seconds. Local cache hits 0 (0.00s CPU time), remote cache hits 0 (0.00s CPU time), compiled 3 variants (0.25s CPU time), skipped 0 variants.
    Prepared data for serialisation in 0.00s
  Pass  (vp, gles3) finished in 0.10 seconds. Local cache hits 0 (0.00s CPU time), remote cache hits 0 (0.00s CPU time), compiled 3 variants (0.29s CPU time), skipped 0 variants.
  Pass  (vp, vulkan) finished in 0.12 seconds. Local cache hits 0 (0.00s CPU time), remote cache hits 0 (0.00s CPU time), compiled 3 variants (0.34s CPU time), skipped 0 variants.
    Prepared data for serialisation in 0.00s
  Pass  (vp, gles3) finished in 0.12 seconds. Local cache hits 0 (0.00s CPU time), remote cache hits 0 (0.00s CPU time), compiled 3 variants (0.16s CPU time), skipped 0 variants.
  Pass  (vp, vulkan) finished in 0.12 seconds. Local cache hits 0 (0.00s CPU time), remote cache hits 0 (0.00s CPU time), compiled 3 variants (0.19s CPU time), skipped 0 variants.
    Prepared data for serialisation in 0.00s
  Pass  (vp, gles3) finished in 0.12 seconds. Local cache hits 0 (0.00s CPU time), remote cache hits 0 (0.00s CPU time), compiled 3 variants (0.18s CPU time), skipped 0 variants.
  Pass  (vp, vulkan) finished in 0.08 seconds. Local cache hits 0 (0.00s CPU time), remote cache hits 0 (0.00s CPU time), compiled 3 variants (0.17s CPU time), skipped 0 variants.
    Prepared data for serialisation in 0.00s
  Pass  (vp, gles3) finished in 0.07 seconds. Local cache hits 0 (0.00s CPU time), remote cache hits 0 (0.00s CPU time), compiled 3 variants (0.17s CPU time), skipped 0 variants.
  Pass  (vp, vulkan) finished in 0.08 seconds. Local cache hits 0 (0.00s CPU time), remote cache hits 0 (0.00s CPU time), compiled 3 variants (0.21s CPU time), skipped 0 variants.
    Prepared data for serialisation in 0.00s
  Pass  (vp, gles3) finished in 0.08 seconds. Local cache hits 0 (0.00s CPU time), remote cache hits 0 (0.00s CPU time), compiled 3 variants (0.17s CPU time), skipped 0 variants.
  Pass  (vp, vulkan) finished in 0.07 seconds. Local cache hits 0 (0.00s CPU time), remote cache hits 0 (0.00s CPU time), compiled 3 variants (0.18s CPU time), skipped 0 variants.
    Prepared data for serialisation in 0.00s
  Pass  (vp, gles3) finished in 0.07 seconds. Local cache hits 0 (0.00s CPU time), remote cache hits 0 (0.00s CPU time), compiled 3 variants (0.17s CPU time), skipped 0 variants.
  Pass  (vp, vulkan) finished in 0.07 seconds. Local cache hits 0 (0.00s CPU time), remote cache hits 0 (0.00s CPU time), compiled 3 variants (0.19s CPU time), skipped 0 variants.
    Prepared data for serialisation in 0.00s
  Pass  (vp, gles3) finished in 0.07 seconds. Local cache hits 0 (0.00s CPU time), remote cache hits 0 (0.00s CPU time), compiled 3 variants (0.17s CPU time), skipped 0 variants.
  Pass  (vp, vulkan) finished in 0.06 seconds. Local cache hits 0 (0.00s CPU time), remote cache hits 0 (0.00s CPU time), compiled 3 variants (0.17s CPU time), skipped 0 variants.
    Prepared data for serialisation in 0.00s
Serialized binary data for shader Hidden/Internal-DepthNormalsTexture in 0.00s
    gles3 (total internal programs: 30, unique: 10)
    vulkan (total internal programs: 30, unique: 10)
Compiling shader "Hidden/Internal-ScreenSpaceShadows"
  Pass "" (vp)
    Target graphics API: gles3
    Full variant space:         4
    After settings filtering:   4
    After built-in stripping:   12
    After scriptable stripping: 12
    Processed in 0.00 seconds
    Target graphics API: vulkan
    Full variant space:         4
    After settings filtering:   4
    After built-in stripping:   12
    After scriptable stripping: 12
    Processed in 0.00 seconds
  Pass "" (vp)
    Target graphics API: gles3
    Full variant space:         4
    After settings filtering:   4
    After built-in stripping:   12
    After scriptable stripping: 12
    Processed in 0.00 seconds
    Target graphics API: vulkan
    Full variant space:         4
    After settings filtering:   4
    After built-in stripping:   12
    After scriptable stripping: 12
    Processed in 0.00 seconds
  Pass "" (vp)
    Target graphics API: gles3
    Full variant space:         4
    After settings filtering:   4
    After built-in stripping:   12
    After scriptable stripping: 12
    Processed in 0.00 seconds
    Target graphics API: vulkan
    Full variant space:         4
    After settings filtering:   4
    After built-in stripping:   12
    After scriptable stripping: 12
    Processed in 0.00 seconds
  Pass "" (vp)
    Target graphics API: gles3
    Full variant space:         4
    After settings filtering:   4
    After built-in stripping:   12
    After scriptable stripping: 12
    Processed in 0.00 seconds
    Target graphics API: vulkan
    Full variant space:         4
    After settings filtering:   4
    After built-in stripping:   12
    After scriptable stripping: 12
    Processed in 0.00 seconds
  Pass  (vp, gles3) finished in 0.10 seconds. Local cache hits 0 (0.00s CPU time), remote cache hits 0 (0.00s CPU time), compiled 12 variants (0.96s CPU time), skipped 0 variants.
  Pass  (vp, vulkan) finished in 0.14 seconds. Local cache hits 0 (0.00s CPU time), remote cache hits 0 (0.00s CPU time), compiled 12 variants (1.13s CPU time), skipped 0 variants.
    Prepared data for serialisation in 0.00s
  Pass  (vp, gles3) finished in 0.14 seconds. Local cache hits 0 (0.00s CPU time), remote cache hits 0 (0.00s CPU time), compiled 12 variants (1.00s CPU time), skipped 0 variants.
  Pass  (vp, vulkan) finished in 0.12 seconds. Local cache hits 0 (0.00s CPU time), remote cache hits 0 (0.00s CPU time), compiled 12 variants (1.02s CPU time), skipped 0 variants.
    Prepared data for serialisation in 0.00s
  Pass  (vp, gles3) finished in 0.15 seconds. Local cache hits 0 (0.00s CPU time), remote cache hits 0 (0.00s CPU time), compiled 12 variants (1.16s CPU time), skipped 0 variants.
  Pass  (vp, vulkan) finished in 0.15 seconds. Local cache hits 0 (0.00s CPU time), remote cache hits 0 (0.00s CPU time), compiled 12 variants (1.28s CPU time), skipped 0 variants.
    Prepared data for serialisation in 0.00s
  Pass  (vp, gles3) finished in 0.11 seconds. Local cache hits 0 (0.00s CPU time), remote cache hits 0 (0.00s CPU time), compiled 12 variants (1.13s CPU time), skipped 0 variants.
  Pass  (vp, vulkan) finished in 0.12 seconds. Local cache hits 0 (0.00s CPU time), remote cache hits 0 (0.00s CPU time), compiled 12 variants (1.01s CPU time), skipped 0 variants.
    Prepared data for serialisation in 0.00s
Serialized binary data for shader Hidden/Internal-ScreenSpaceShadows in 0.00s
    gles3 (total internal programs: 48, unique: 16)
    vulkan (total internal programs: 48, unique: 16)
Compiling shader "Hidden/Internal-CombineDepthNormals"
  Pass "" (vp)
    Target graphics API: gles3
    Full variant space:         1
    After settings filtering:   1
    After built-in stripping:   3
    After scriptable stripping: 3
    Processed in 0.00 seconds
    Target graphics API: vulkan
    Full variant space:         1
    After settings filtering:   1
    After built-in stripping:   3
    After scriptable stripping: 3
    Processed in 0.00 seconds
  Pass  (vp, gles3) finished in 0.03 seconds. Local cache hits 0 (0.00s CPU time), remote cache hits 0 (0.00s CPU time), compiled 3 variants (0.07s CPU time), skipped 0 variants.
  Pass  (vp, vulkan) finished in 0.03 seconds. Local cache hits 0 (0.00s CPU time), remote cache hits 0 (0.00s CPU time), compiled 3 variants (0.08s CPU time), skipped 0 variants.
    Prepared data for serialisation in 0.00s
Serialized binary data for shader Hidden/Internal-CombineDepthNormals in 0.00s
    gles3 (total internal programs: 3, unique: 1)
    vulkan (total internal programs: 3, unique: 1)
Compiling shader "Hidden/BlitCopy"
  Pass "" (vp)
    Target graphics API: gles3
    Full variant space:         1
    After settings filtering:   1
    After built-in stripping:   3
    After scriptable stripping: 3
    Processed in 0.00 seconds
    Target graphics API: vulkan
    Full variant space:         1
    After settings filtering:   1
    After built-in stripping:   3
    After scriptable stripping: 3
    Processed in 0.00 seconds
  Pass  (vp, gles3) finished in 0.02 seconds. Local cache hits 0 (0.00s CPU time), remote cache hits 0 (0.00s CPU time), compiled 3 variants (0.06s CPU time), skipped 0 variants.
  Pass  (vp, vulkan) finished in 0.02 seconds. Local cache hits 0 (0.00s CPU time), remote cache hits 0 (0.00s CPU time), compiled 3 variants (0.06s CPU time), skipped 0 variants.
    Prepared data for serialisation in 0.00s
Serialized binary data for shader Hidden/BlitCopy in 0.00s
    gles3 (total internal programs: 3, unique: 1)
    vulkan (total internal programs: 3, unique: 1)
Compiling shader "Hidden/BlitCopyDepth"
  Pass "" (vp)
    Target graphics API: gles3
    Full variant space:         1
    After settings filtering:   1
    After built-in stripping:   3
    After scriptable stripping: 3
    Processed in 0.00 seconds
    Target graphics API: vulkan
    Full variant space:         1
    After settings filtering:   1
    After built-in stripping:   3
    After scriptable stripping: 3
    Processed in 0.00 seconds
  Pass  (vp, gles3) finished in 0.02 seconds. Local cache hits 0 (0.00s CPU time), remote cache hits 0 (0.00s CPU time), compiled 3 variants (0.05s CPU time), skipped 0 variants.
  Pass  (vp, vulkan) finished in 0.02 seconds. Local cache hits 0 (0.00s CPU time), remote cache hits 0 (0.00s CPU time), compiled 3 variants (0.06s CPU time), skipped 0 variants.
    Prepared data for serialisation in 0.00s
Serialized binary data for shader Hidden/BlitCopyDepth in 0.00s
    gles3 (total internal programs: 3, unique: 1)
    vulkan (total internal programs: 3, unique: 1)
Compiling shader "Hidden/ConvertTexture"
  Pass "" (vp)
    Target graphics API: gles3
    Full variant space:         1
    After settings filtering:   1
    After built-in stripping:   3
    After scriptable stripping: 3
    Processed in 0.00 seconds
    Target graphics API: vulkan
    Full variant space:         1
    After settings filtering:   1
    After built-in stripping:   3
    After scriptable stripping: 3
    Processed in 0.00 seconds
  Pass  (vp, gles3) finished in 0.02 seconds. Local cache hits 0 (0.00s CPU time), remote cache hits 0 (0.00s CPU time), compiled 3 variants (0.07s CPU time), skipped 0 variants.
  Pass  (vp, vulkan) finished in 0.03 seconds. Local cache hits 0 (0.00s CPU time), remote cache hits 0 (0.00s CPU time), compiled 3 variants (0.08s CPU time), skipped 0 variants.
    Prepared data for serialisation in 0.00s
Serialized binary data for shader Hidden/ConvertTexture in 0.00s
    gles3 (total internal programs: 3, unique: 1)
    vulkan (total internal programs: 3, unique: 1)
Compiling shader "Hidden/Internal-DeferredShading"
  Pass "" (vp)
    Target graphics API: gles3
    Full variant space:         94
    After settings filtering:   94
    After built-in stripping:   78
    After scriptable stripping: 78
    Processed in 0.00 seconds
    Target graphics API: vulkan
    Full variant space:         94
    After settings filtering:   94
    After built-in stripping:   78
    After scriptable stripping: 78
    Processed in 0.00 seconds
  Pass "" (vp)
    Target graphics API: gles3
    Full variant space:         1
    After settings filtering:   1
    After built-in stripping:   3
    After scriptable stripping: 3
    Processed in 0.00 seconds
    Target graphics API: vulkan
    Full variant space:         1
    After settings filtering:   1
    After built-in stripping:   3
    After scriptable stripping: 3
    Processed in 0.00 seconds
  Pass  (vp, gles3) finished in 0.33 seconds. Local cache hits 0 (0.00s CPU time), remote cache hits 0 (0.00s CPU time), compiled 78 variants (8.69s CPU time), skipped 0 variants.
  Pass  (vp, vulkan) finished in 0.30 seconds. Local cache hits 0 (0.00s CPU time), remote cache hits 0 (0.00s CPU time), compiled 78 variants (7.16s CPU time), skipped 0 variants.
    Prepared data for serialisation in 0.00s
  Pass  (vp, gles3) finished in 0.06 seconds. Local cache hits 0 (0.00s CPU time), remote cache hits 0 (0.00s CPU time), compiled 3 variants (0.09s CPU time), skipped 0 variants.
  Pass  (vp, vulkan) finished in 0.06 seconds. Local cache hits 0 (0.00s CPU time), remote cache hits 0 (0.00s CPU time), compiled 3 variants (0.10s CPU time), skipped 0 variants.
    Prepared data for serialisation in 0.00s
Serialized binary data for shader Hidden/Internal-DeferredShading in 0.00s
    gles3 (total internal programs: 81, unique: 53)
    vulkan (total internal programs: 81, unique: 53)
Compiling shader "Hidden/Internal-DeferredReflections"
  Pass "" (vp)
    Target graphics API: gles3
    Full variant space:         1
    After settings filtering:   1
    After built-in stripping:   3
    After scriptable stripping: 3
    Processed in 0.00 seconds
    Target graphics API: vulkan
    Full variant space:         1
    After settings filtering:   1
    After built-in stripping:   3
    After scriptable stripping: 3
    Processed in 0.00 seconds
  Pass "" (vp)
    Target graphics API: gles3
    Full variant space:         2
    After settings filtering:   2
    After built-in stripping:   6
    After scriptable stripping: 6
    Processed in 0.00 seconds
    Target graphics API: vulkan
    Full variant space:         2
    After settings filtering:   2
    After built-in stripping:   6
    After scriptable stripping: 6
    Processed in 0.00 seconds
  Pass  (vp, gles3) finished in 0.05 seconds. Local cache hits 0 (0.00s CPU time), remote cache hits 0 (0.00s CPU time), compiled 3 variants (0.14s CPU time), skipped 0 variants.
  Pass  (vp, vulkan) finished in 0.05 seconds. Local cache hits 0 (0.00s CPU time), remote cache hits 0 (0.00s CPU time), compiled 3 variants (0.15s CPU time), skipped 0 variants.
    Prepared data for serialisation in 0.00s
  Pass  (vp, gles3) finished in 0.05 seconds. Local cache hits 0 (0.00s CPU time), remote cache hits 0 (0.00s CPU time), compiled 6 variants (0.17s CPU time), skipped 0 variants.
  Pass  (vp, vulkan) finished in 0.05 seconds. Local cache hits 0 (0.00s CPU time), remote cache hits 0 (0.00s CPU time), compiled 6 variants (0.18s CPU time), skipped 0 variants.
    Prepared data for serialisation in 0.00s
Serialized binary data for shader Hidden/Internal-DeferredReflections in 0.00s
    gles3 (total internal programs: 9, unique: 4)
    vulkan (total internal programs: 9, unique: 4)
Compiling shader "Hidden/Internal-MotionVectors"
  Pass "" (vp)
    Target graphics API: gles3
    Full variant space:         1
    After settings filtering:   1
    After built-in stripping:   3
    After scriptable stripping: 3
    Processed in 0.00 seconds
    Target graphics API: vulkan
    Full variant space:         1
    After settings filtering:   1
    After built-in stripping:   3
    After scriptable stripping: 3
    Processed in 0.00 seconds
  Pass "" (vp)
    Target graphics API: gles3
    Full variant space:         1
    After settings filtering:   1
    After built-in stripping:   3
    After scriptable stripping: 3
    Processed in 0.00 seconds
    Target graphics API: vulkan
    Full variant space:         1
    After settings filtering:   1
    After built-in stripping:   3
    After scriptable stripping: 3
    Processed in 0.00 seconds
  Pass "" (vp)
    Target graphics API: gles3
    Full variant space:         1
    After settings filtering:   1
    After built-in stripping:   3
    After scriptable stripping: 3
    Processed in 0.00 seconds
    Target graphics API: vulkan
    Full variant space:         1
    After settings filtering:   1
    After built-in stripping:   3
    After scriptable stripping: 3
    Processed in 0.00 seconds
  Pass  (vp, gles3) finished in 0.04 seconds. Local cache hits 0 (0.00s CPU time), remote cache hits 0 (0.00s CPU time), compiled 3 variants (0.10s CPU time), skipped 0 variants.
  Pass  (vp, vulkan) finished in 0.05 seconds. Local cache hits 0 (0.00s CPU time), remote cache hits 0 (0.00s CPU time), compiled 3 variants (0.11s CPU time), skipped 0 variants.
    Prepared data for serialisation in 0.00s
  Pass  (vp, gles3) finished in 0.05 seconds. Local cache hits 0 (0.00s CPU time), remote cache hits 0 (0.00s CPU time), compiled 3 variants (0.10s CPU time), skipped 0 variants.
  Pass  (vp, vulkan) finished in 0.05 seconds. Local cache hits 0 (0.00s CPU time), remote cache hits 0 (0.00s CPU time), compiled 3 variants (0.12s CPU time), skipped 0 variants.
    Prepared data for serialisation in 0.00s
  Pass  (vp, gles3) finished in 0.05 seconds. Local cache hits 0 (0.00s CPU time), remote cache hits 0 (0.00s CPU time), compiled 3 variants (0.11s CPU time), skipped 0 variants.
  Pass  (vp, vulkan) finished in 0.05 seconds. Local cache hits 0 (0.00s CPU time), remote cache hits 0 (0.00s CPU time), compiled 3 variants (0.10s CPU time), skipped 0 variants.
    Prepared data for serialisation in 0.00s
Serialized binary data for shader Hidden/Internal-MotionVectors in 0.00s
    gles3 (total internal programs: 9, unique: 3)
    vulkan (total internal programs: 9, unique: 3)
Compiling shader "Hidden/Internal-Flare"
  Pass "" (vp)
    Target graphics API: gles3
    Full variant space:         1
    After settings filtering:   1
    After built-in stripping:   3
    After scriptable stripping: 3
    Processed in 0.00 seconds
    Target graphics API: vulkan
    Full variant space:         1
    After settings filtering:   1
    After built-in stripping:   3
    After scriptable stripping: 3
    Processed in 0.00 seconds
  Pass  (vp, gles3) finished in 0.02 seconds. Local cache hits 0 (0.00s CPU time), remote cache hits 0 (0.00s CPU time), compiled 3 variants (0.05s CPU time), skipped 0 variants.
  Pass  (vp, vulkan) finished in 0.02 seconds. Local cache hits 0 (0.00s CPU time), remote cache hits 0 (0.00s CPU time), compiled 3 variants (0.07s CPU time), skipped 0 variants.
    Prepared data for serialisation in 0.00s
Serialized binary data for shader Hidden/Internal-Flare in 0.00s
    gles3 (total internal programs: 3, unique: 1)
    vulkan (total internal programs: 3, unique: 1)
Compiling shader "Hidden/Internal-Halo"
  Pass "" (vp)
    Target graphics API: gles3
    Full variant space:         4
    After settings filtering:   4
    After built-in stripping:   3
    After scriptable stripping: 3
    Processed in 0.00 seconds
    Target graphics API: vulkan
    Full variant space:         4
    After settings filtering:   4
    After built-in stripping:   3
    After scriptable stripping: 3
    Processed in 0.00 seconds
  Pass  (vp, gles3) finished in 0.02 seconds. Local cache hits 0 (0.00s CPU time), remote cache hits 0 (0.00s CPU time), compiled 3 variants (0.06s CPU time), skipped 0 variants.
  Pass  (vp, vulkan) finished in 0.02 seconds. Local cache hits 0 (0.00s CPU time), remote cache hits 0 (0.00s CPU time), compiled 3 variants (0.06s CPU time), skipped 0 variants.
    Prepared data for serialisation in 0.00s
Serialized binary data for shader Hidden/Internal-Halo in 0.00s
    gles3 (total internal programs: 3, unique: 1)
    vulkan (total internal programs: 3, unique: 1)
Compiling shader "Hidden/BlitCopyWithDepth"
  Pass "" (vp)
    Target graphics API: gles3
    Full variant space:         1
    After settings filtering:   1
    After built-in stripping:   3
    After scriptable stripping: 3
    Processed in 0.00 seconds
    Target graphics API: vulkan
    Full variant space:         1
    After settings filtering:   1
    After built-in stripping:   3
    After scriptable stripping: 3
    Processed in 0.00 seconds
  Pass  (vp, gles3) finished in 0.02 seconds. Local cache hits 0 (0.00s CPU time), remote cache hits 0 (0.00s CPU time), compiled 3 variants (0.07s CPU time), skipped 0 variants.
  Pass  (vp, vulkan) finished in 0.03 seconds. Local cache hits 0 (0.00s CPU time), remote cache hits 0 (0.00s CPU time), compiled 3 variants (0.07s CPU time), skipped 0 variants.
    Prepared data for serialisation in 0.00s
Serialized binary data for shader Hidden/BlitCopyWithDepth in 0.00s
    gles3 (total internal programs: 3, unique: 1)
    vulkan (total internal programs: 3, unique: 1)
Compiling shader "Hidden/BlitToDepth"
  Pass "" (vp)
    Target graphics API: gles3
    Full variant space:         1
    After settings filtering:   1
    After built-in stripping:   3
    After scriptable stripping: 3
    Processed in 0.00 seconds
    Target graphics API: vulkan
    Full variant space:         1
    After settings filtering:   1
    After built-in stripping:   3
    After scriptable stripping: 3
    Processed in 0.00 seconds
  Pass  (vp, gles3) finished in 0.02 seconds. Local cache hits 0 (0.00s CPU time), remote cache hits 0 (0.00s CPU time), compiled 3 variants (0.06s CPU time), skipped 0 variants.
  Pass  (vp, vulkan) finished in 0.02 seconds. Local cache hits 0 (0.00s CPU time), remote cache hits 0 (0.00s CPU time), compiled 3 variants (0.06s CPU time), skipped 0 variants.
    Prepared data for serialisation in 0.00s
Serialized binary data for shader Hidden/BlitToDepth in 0.00s
    gles3 (total internal programs: 3, unique: 1)
    vulkan (total internal programs: 3, unique: 1)
Compiling shader "Hidden/BlitToDepth_MSAA"
  Pass "" (vp)
    Target graphics API: gles3
    Full variant space:         1
    After settings filtering:   1
    After built-in stripping:   3
    After scriptable stripping: 3
    Processed in 0.00 seconds
    Target graphics API: vulkan
    Full variant space:         1
    After settings filtering:   1
    After built-in stripping:   3
    After scriptable stripping: 3
    Processed in 0.00 seconds
  Pass  (vp, gles3) finished in 0.02 seconds. Local cache hits 0 (0.00s CPU time), remote cache hits 0 (0.00s CPU time), compiled 3 variants (0.05s CPU time), skipped 0 variants.
  Pass  (vp, vulkan) finished in 0.02 seconds. Local cache hits 0 (0.00s CPU time), remote cache hits 0 (0.00s CPU time), compiled 3 variants (0.06s CPU time), skipped 0 variants.
    Prepared data for serialisation in 0.00s
Serialized binary data for shader Hidden/BlitToDepth_MSAA in 0.00s
    gles3 (total internal programs: 3, unique: 1)
    vulkan (total internal programs: 3, unique: 1)
Compiling shader "Hidden/BlitCopyHDRTonemap"
  Pass "" (vp)
    Target graphics API: gles3
    Full variant space:         1
    After settings filtering:   1
    After built-in stripping:   3
    After scriptable stripping: 3
    Processed in 0.00 seconds
    Target graphics API: vulkan
    Full variant space:         1
    After settings filtering:   1
    After built-in stripping:   3
    After scriptable stripping: 3
    Processed in 0.00 seconds
  Pass  (vp, gles3) finished in 0.03 seconds. Local cache hits 0 (0.00s CPU time), remote cache hits 0 (0.00s CPU time), compiled 3 variants (0.08s CPU time), skipped 0 variants.
  Pass  (vp, vulkan) finished in 0.03 seconds. Local cache hits 0 (0.00s CPU time), remote cache hits 0 (0.00s CPU time), compiled 3 variants (0.10s CPU time), skipped 0 variants.
    Prepared data for serialisation in 0.00s
Serialized binary data for shader Hidden/BlitCopyHDRTonemap in 0.00s
    gles3 (total internal programs: 3, unique: 1)
    vulkan (total internal programs: 3, unique: 1)
Compiling shader "Hidden/Internal-DebugPattern"
  Pass "Target Color and DepthStencil" (vp)
    Target graphics API: gles3
    Full variant space:         1
    After settings filtering:   1
    After built-in stripping:   3
    After scriptable stripping: 3
    Processed in 0.00 seconds
    Target graphics API: vulkan
    Full variant space:         1
    After settings filtering:   1
    After built-in stripping:   3
    After scriptable stripping: 3
    Processed in 0.00 seconds
  Pass "Target only Color" (vp)
    Target graphics API: gles3
    Full variant space:         1
    After settings filtering:   1
    After built-in stripping:   3
    After scriptable stripping: 3
    Processed in 0.00 seconds
    Target graphics API: vulkan
    Full variant space:         1
    After settings filtering:   1
    After built-in stripping:   3
    After scriptable stripping: 3
    Processed in 0.00 seconds
  Pass "Target only DepthStencil" (vp)
    Target graphics API: gles3
    Full variant space:         1
    After settings filtering:   1
    After built-in stripping:   3
    After scriptable stripping: 3
    Processed in 0.00 seconds
    Target graphics API: vulkan
    Full variant space:         1
    After settings filtering:   1
    After built-in stripping:   3
    After scriptable stripping: 3
    Processed in 0.00 seconds
  Pass Target Color and DepthStencil (vp, gles3) finished in 0.04 seconds. Local cache hits 0 (0.00s CPU time), remote cache hits 0 (0.00s CPU time), compiled 3 variants (0.11s CPU time), skipped 0 variants.
  Pass Target Color and DepthStencil (vp, vulkan) finished in 0.04 seconds. Local cache hits 0 (0.00s CPU time), remote cache hits 0 (0.00s CPU time), compiled 3 variants (0.12s CPU time), skipped 0 variants.
    Prepared data for serialisation in 0.00s
  Pass Target only Color (vp, gles3) finished in 0.04 seconds. Local cache hits 0 (0.00s CPU time), remote cache hits 0 (0.00s CPU time), compiled 3 variants (0.08s CPU time), skipped 0 variants.
  Pass Target only Color (vp, vulkan) finished in 0.04 seconds. Local cache hits 0 (0.00s CPU time), remote cache hits 0 (0.00s CPU time), compiled 3 variants (0.09s CPU time), skipped 0 variants.
    Prepared data for serialisation in 0.00s
  Pass Target only DepthStencil (vp, gles3) finished in 0.04 seconds. Local cache hits 0 (0.00s CPU time), remote cache hits 0 (0.00s CPU time), compiled 3 variants (0.12s CPU time), skipped 0 variants.
  Pass Target only DepthStencil (vp, vulkan) finished in 0.05 seconds. Local cache hits 0 (0.00s CPU time), remote cache hits 0 (0.00s CPU time), compiled 3 variants (0.13s CPU time), skipped 0 variants.
    Prepared data for serialisation in 0.00s
Serialized binary data for shader Hidden/Internal-DebugPattern in 0.00s
    gles3 (total internal programs: 9, unique: 3)
    vulkan (total internal programs: 9, unique: 3)
Compiling shader "Hidden/Internal-GUITextureClip"
  Pass "" (vp)
    Target graphics API: gles3
    Full variant space:         1
    After settings filtering:   1
    After built-in stripping:   3
    After scriptable stripping: 3
    Processed in 0.00 seconds
    Target graphics API: vulkan
    Full variant space:         1
    After settings filtering:   1
    After built-in stripping:   3
    After scriptable stripping: 3
    Processed in 0.00 seconds
  Pass "" (vp)
    Target graphics API: gles3
    Full variant space:         1
    After settings filtering:   1
    After built-in stripping:   3
    After scriptable stripping: 3
    Processed in 0.00 seconds
    Target graphics API: vulkan
    Full variant space:         1
    After settings filtering:   1
    After built-in stripping:   3
    After scriptable stripping: 3
    Processed in 0.00 seconds
  Pass  (vp, gles3) finished in 0.04 seconds. Local cache hits 0 (0.00s CPU time), remote cache hits 0 (0.00s CPU time), compiled 3 variants (0.10s CPU time), skipped 0 variants.
  Pass  (vp, vulkan) finished in 0.04 seconds. Local cache hits 0 (0.00s CPU time), remote cache hits 0 (0.00s CPU time), compiled 3 variants (0.09s CPU time), skipped 0 variants.
    Prepared data for serialisation in 0.00s
  Pass  (vp, gles3) finished in 0.04 seconds. Local cache hits 0 (0.00s CPU time), remote cache hits 0 (0.00s CPU time), compiled 3 variants (0.11s CPU time), skipped 0 variants.
  Pass  (vp, vulkan) finished in 0.04 seconds. Local cache hits 0 (0.00s CPU time), remote cache hits 0 (0.00s CPU time), compiled 3 variants (0.11s CPU time), skipped 0 variants.
    Prepared data for serialisation in 0.00s
Serialized binary data for shader Hidden/Internal-GUITextureClip in 0.00s
    gles3 (total internal programs: 6, unique: 1)
    vulkan (total internal programs: 6, unique: 1)
Compiling shader "Hidden/Internal-GUITextureClipText"
  Pass "" (vp)
    Target graphics API: gles3
    Full variant space:         1
    After settings filtering:   1
    After built-in stripping:   3
    After scriptable stripping: 3
    Processed in 0.00 seconds
    Target graphics API: vulkan
    Full variant space:         1
    After settings filtering:   1
    After built-in stripping:   3
    After scriptable stripping: 3
    Processed in 0.00 seconds
  Pass "" (vp)
    Target graphics API: gles3
    Full variant space:         1
    After settings filtering:   1
    After built-in stripping:   3
    After scriptable stripping: 3
    Processed in 0.00 seconds
    Target graphics API: vulkan
    Full variant space:         1
    After settings filtering:   1
    After built-in stripping:   3
    After scriptable stripping: 3
    Processed in 0.00 seconds
  Pass  (vp, gles3) finished in 0.03 seconds. Local cache hits 0 (0.00s CPU time), remote cache hits 0 (0.00s CPU time), compiled 3 variants (0.08s CPU time), skipped 0 variants.
  Pass  (vp, vulkan) finished in 0.03 seconds. Local cache hits 0 (0.00s CPU time), remote cache hits 0 (0.00s CPU time), compiled 3 variants (0.08s CPU time), skipped 0 variants.
    Prepared data for serialisation in 0.00s
  Pass  (vp, gles3) finished in 0.03 seconds. Local cache hits 0 (0.00s CPU time), remote cache hits 0 (0.00s CPU time), compiled 3 variants (0.08s CPU time), skipped 0 variants.
  Pass  (vp, vulkan) finished in 0.03 seconds. Local cache hits 0 (0.00s CPU time), remote cache hits 0 (0.00s CPU time), compiled 3 variants (0.09s CPU time), skipped 0 variants.
    Prepared data for serialisation in 0.00s
Serialized binary data for shader Hidden/Internal-GUITextureClipText in 0.00s
    gles3 (total internal programs: 6, unique: 1)
    vulkan (total internal programs: 6, unique: 1)
Compiling shader "Hidden/Internal-GUITexture"
  Pass "" (vp)
    Target graphics API: gles3
    Full variant space:         1
    After settings filtering:   1
    After built-in stripping:   3
    After scriptable stripping: 3
    Processed in 0.00 seconds
    Target graphics API: vulkan
    Full variant space:         1
    After settings filtering:   1
    After built-in stripping:   3
    After scriptable stripping: 3
    Processed in 0.00 seconds
  Pass "" (vp)
    Target graphics API: gles3
    Full variant space:         1
    After settings filtering:   1
    After built-in stripping:   3
    After scriptable stripping: 3
    Processed in 0.00 seconds
    Target graphics API: vulkan
    Full variant space:         1
    After settings filtering:   1
    After built-in stripping:   3
    After scriptable stripping: 3
    Processed in 0.00 seconds
  Pass  (vp, gles3) finished in 0.03 seconds. Local cache hits 0 (0.00s CPU time), remote cache hits 0 (0.00s CPU time), compiled 3 variants (0.06s CPU time), skipped 0 variants.
  Pass  (vp, vulkan) finished in 0.03 seconds. Local cache hits 0 (0.00s CPU time), remote cache hits 0 (0.00s CPU time), compiled 3 variants (0.08s CPU time), skipped 0 variants.
    Prepared data for serialisation in 0.00s
  Pass  (vp, gles3) finished in 0.03 seconds. Local cache hits 0 (0.00s CPU time), remote cache hits 0 (0.00s CPU time), compiled 3 variants (0.08s CPU time), skipped 0 variants.
  Pass  (vp, vulkan) finished in 0.03 seconds. Local cache hits 0 (0.00s CPU time), remote cache hits 0 (0.00s CPU time), compiled 3 variants (0.08s CPU time), skipped 0 variants.
    Prepared data for serialisation in 0.00s
Serialized binary data for shader Hidden/Internal-GUITexture in 0.00s
    gles3 (total internal programs: 6, unique: 1)
    vulkan (total internal programs: 6, unique: 1)
Compiling shader "Hidden/Internal-GUITextureBlit"
  Pass "" (vp)
    Target graphics API: gles3
    Full variant space:         1
    After settings filtering:   1
    After built-in stripping:   3
    After scriptable stripping: 3
    Processed in 0.00 seconds
    Target graphics API: vulkan
    Full variant space:         1
    After settings filtering:   1
    After built-in stripping:   3
    After scriptable stripping: 3
    Processed in 0.00 seconds
  Pass "" (vp)
    Target graphics API: gles3
    Full variant space:         1
    After settings filtering:   1
    After built-in stripping:   3
    After scriptable stripping: 3
    Processed in 0.00 seconds
    Target graphics API: vulkan
    Full variant space:         1
    After settings filtering:   1
    After built-in stripping:   3
    After scriptable stripping: 3
    Processed in 0.00 seconds
  Pass  (vp, gles3) finished in 0.03 seconds. Local cache hits 0 (0.00s CPU time), remote cache hits 0 (0.00s CPU time), compiled 3 variants (0.08s CPU time), skipped 0 variants.
  Pass  (vp, vulkan) finished in 0.04 seconds. Local cache hits 0 (0.00s CPU time), remote cache hits 0 (0.00s CPU time), compiled 3 variants (0.11s CPU time), skipped 0 variants.
    Prepared data for serialisation in 0.00s
  Pass  (vp, gles3) finished in 0.04 seconds. Local cache hits 0 (0.00s CPU time), remote cache hits 0 (0.00s CPU time), compiled 3 variants (0.10s CPU time), skipped 0 variants.
  Pass  (vp, vulkan) finished in 0.04 seconds. Local cache hits 0 (0.00s CPU time), remote cache hits 0 (0.00s CPU time), compiled 3 variants (0.10s CPU time), skipped 0 variants.
    Prepared data for serialisation in 0.00s
Serialized binary data for shader Hidden/Internal-GUITextureBlit in 0.00s
    gles3 (total internal programs: 6, unique: 1)
    vulkan (total internal programs: 6, unique: 1)
Compiling shader "Hidden/Internal-GUIRoundedRect"
  Pass "" (vp)
    Target graphics API: gles3
    Full variant space:         1
    After settings filtering:   1
    After built-in stripping:   3
    After scriptable stripping: 3
    Processed in 0.00 seconds
    Target graphics API: vulkan
    Full variant space:         1
    After settings filtering:   1
    After built-in stripping:   3
    After scriptable stripping: 3
    Processed in 0.00 seconds
  Pass "" (vp)
    Target graphics API: gles3
    Full variant space:         1
    After settings filtering:   1
    After built-in stripping:   3
    After scriptable stripping: 3
    Processed in 0.00 seconds
    Target graphics API: vulkan
    Full variant space:         1
    After settings filtering:   1
    After built-in stripping:   3
    After scriptable stripping: 3
    Processed in 0.00 seconds
  Pass  (vp, gles3) finished in 0.05 seconds. Local cache hits 0 (0.00s CPU time), remote cache hits 0 (0.00s CPU time), compiled 3 variants (0.14s CPU time), skipped 0 variants.
  Pass  (vp, vulkan) finished in 0.05 seconds. Local cache hits 0 (0.00s CPU time), remote cache hits 0 (0.00s CPU time), compiled 3 variants (0.15s CPU time), skipped 0 variants.
    Prepared data for serialisation in 0.00s
  Pass  (vp, gles3) finished in 0.05 seconds. Local cache hits 0 (0.00s CPU time), remote cache hits 0 (0.00s CPU time), compiled 3 variants (0.12s CPU time), skipped 0 variants.
  Pass  (vp, vulkan) finished in 0.06 seconds. Local cache hits 0 (0.00s CPU time), remote cache hits 0 (0.00s CPU time), compiled 3 variants (0.16s CPU time), skipped 0 variants.
    Prepared data for serialisation in 0.00s
Serialized binary data for shader Hidden/Internal-GUIRoundedRect in 0.00s
    gles3 (total internal programs: 6, unique: 1)
    vulkan (total internal programs: 6, unique: 1)
Compiling shader "Hidden/Internal-GUIRoundedRectWithColorPerBorder"
  Pass "" (vp)
    Target graphics API: gles3
    Full variant space:         1
    After settings filtering:   1
    After built-in stripping:   3
    After scriptable stripping: 3
    Processed in 0.00 seconds
    Target graphics API: vulkan
    Full variant space:         1
    After settings filtering:   1
    After built-in stripping:   3
    After scriptable stripping: 3
    Processed in 0.00 seconds
  Pass "" (vp)
    Target graphics API: gles3
    Full variant space:         1
    After settings filtering:   1
    After built-in stripping:   3
    After scriptable stripping: 3
    Processed in 0.00 seconds
    Target graphics API: vulkan
    Full variant space:         1
    After settings filtering:   1
    After built-in stripping:   3
    After scriptable stripping: 3
    Processed in 0.00 seconds
  Pass  (vp, gles3) finished in 0.07 seconds. Local cache hits 0 (0.00s CPU time), remote cache hits 0 (0.00s CPU time), compiled 3 variants (0.20s CPU time), skipped 0 variants.
  Pass  (vp, vulkan) finished in 0.07 seconds. Local cache hits 0 (0.00s CPU time), remote cache hits 0 (0.00s CPU time), compiled 3 variants (0.20s CPU time), skipped 0 variants.
    Prepared data for serialisation in 0.00s
  Pass  (vp, gles3) finished in 0.07 seconds. Local cache hits 0 (0.00s CPU time), remote cache hits 0 (0.00s CPU time), compiled 3 variants (0.19s CPU time), skipped 0 variants.
  Pass  (vp, vulkan) finished in 0.07 seconds. Local cache hits 0 (0.00s CPU time), remote cache hits 0 (0.00s CPU time), compiled 3 variants (0.19s CPU time), skipped 0 variants.
    Prepared data for serialisation in 0.00s
Serialized binary data for shader Hidden/Internal-GUIRoundedRectWithColorPerBorder in 0.00s
    gles3 (total internal programs: 6, unique: 1)
    vulkan (total internal programs: 6, unique: 1)
Compiling shader "Hidden/Internal-UIRDefault"
  Pass "" (vp)
    Target graphics API: gles3
    Full variant space:         40
    After settings filtering:   40
    After built-in stripping:   120
    After scriptable stripping: 120
    Processed in 0.00 seconds
    Target graphics API: vulkan
    Full variant space:         40
    After settings filtering:   40
    After built-in stripping:   120
    After scriptable stripping: 120
    Processed in 0.28 seconds
  Pass  (vp, gles3) finished in 0.76 seconds. Local cache hits 0 (0.00s CPU time), remote cache hits 0 (0.00s CPU time), compiled 120 variants (18.70s CPU time), skipped 0 variants.
  Pass  (vp, vulkan) finished in 0.72 seconds. Local cache hits 0 (0.00s CPU time), remote cache hits 0 (0.00s CPU time), compiled 120 variants (17.17s CPU time), skipped 0 variants.
    Prepared data for serialisation in 0.00s
Serialized binary data for shader Hidden/Internal-UIRDefault in 0.00s
    gles3 (total internal programs: 120, unique: 40)
    vulkan (total internal programs: 120, unique: 40)
Compiling shader "Hidden/Internal-UIRAtlasBlitCopy"
  Pass "" (vp)
    Target graphics API: gles3
    Full variant space:         1
    After settings filtering:   1
    After built-in stripping:   3
    After scriptable stripping: 3
    Processed in 0.00 seconds
    Target graphics API: vulkan
    Full variant space:         1
    After settings filtering:   1
    After built-in stripping:   3
    After scriptable stripping: 3
    Processed in 0.00 seconds
  Pass  (vp, gles3) finished in 0.03 seconds. Local cache hits 0 (0.00s CPU time), remote cache hits 0 (0.00s CPU time), compiled 3 variants (0.09s CPU time), skipped 0 variants.
  Pass  (vp, vulkan) finished in 0.04 seconds. Local cache hits 0 (0.00s CPU time), remote cache hits 0 (0.00s CPU time), compiled 3 variants (0.10s CPU time), skipped 0 variants.
    Prepared data for serialisation in 0.00s
Serialized binary data for shader Hidden/Internal-UIRAtlasBlitCopy in 0.00s
    gles3 (total internal programs: 3, unique: 1)
    vulkan (total internal programs: 3, unique: 1)
Compiling shader "Sprites/Default"
  Pass "" (vp)
    Target graphics API: gles3
    Full variant space:         8
    After settings filtering:   8
    After built-in stripping:   12
    After scriptable stripping: 12
    Processed in 0.00 seconds
    Target graphics API: vulkan
    Full variant space:         8
    After settings filtering:   8
    After built-in stripping:   12
    After scriptable stripping: 12
    Processed in 0.00 seconds
  Pass  (vp, gles3) finished in 0.06 seconds. Local cache hits 0 (0.00s CPU time), remote cache hits 0 (0.00s CPU time), compiled 12 variants (0.50s CPU time), skipped 0 variants.
  Pass  (vp, vulkan) finished in 0.06 seconds. Local cache hits 0 (0.00s CPU time), remote cache hits 0 (0.00s CPU time), compiled 12 variants (0.55s CPU time), skipped 0 variants.
    Prepared data for serialisation in 0.00s
Serialized binary data for shader Sprites/Default in 0.00s
    gles3 (total internal programs: 12, unique: 4)
    vulkan (total internal programs: 12, unique: 4)
Compiling shader "Sprites/Mask"
  Pass "" (vp)
    Target graphics API: gles3
    Full variant space:         4
    After settings filtering:   4
    After built-in stripping:   12
    After scriptable stripping: 12
    Processed in 0.00 seconds
    Target graphics API: vulkan
    Full variant space:         4
    After settings filtering:   4
    After built-in stripping:   12
    After scriptable stripping: 12
    Processed in 0.00 seconds
  Pass  (vp, gles3) finished in 0.06 seconds. Local cache hits 0 (0.00s CPU time), remote cache hits 0 (0.00s CPU time), compiled 12 variants (0.52s CPU time), skipped 0 variants.
  Pass  (vp, vulkan) finished in 0.07 seconds. Local cache hits 0 (0.00s CPU time), remote cache hits 0 (0.00s CPU time), compiled 12 variants (0.66s CPU time), skipped 0 variants.
    Prepared data for serialisation in 0.00s
Serialized binary data for shader Sprites/Mask in 0.00s
    gles3 (total internal programs: 12, unique: 4)
    vulkan (total internal programs: 12, unique: 4)
Compiling shader "UI/Default"
  Pass "Default" (vp)
    Target graphics API: gles3
    Full variant space:         4
    After settings filtering:   4
    After built-in stripping:   12
    After scriptable stripping: 12
    Processed in 0.00 seconds
    Target graphics API: vulkan
    Full variant space:         4
    After settings filtering:   4
    After built-in stripping:   12
    After scriptable stripping: 12
    Processed in 0.00 seconds
  Pass "XRMotionVectors" (vp)
    Target graphics API: gles3
    Full variant space:         4
    After settings filtering:   4
    After built-in stripping:   12
    After scriptable stripping: 12
    Processed in 0.00 seconds
    Target graphics API: vulkan
    Full variant space:         4
    After settings filtering:   4
    After built-in stripping:   12
    After scriptable stripping: 12
    Processed in 0.00 seconds
  Pass Default (vp, gles3) finished in 0.11 seconds. Local cache hits 0 (0.00s CPU time), remote cache hits 0 (0.00s CPU time), compiled 12 variants (0.78s CPU time), skipped 0 variants.
  Pass Default (vp, vulkan) finished in 0.12 seconds. Local cache hits 0 (0.00s CPU time), remote cache hits 0 (0.00s CPU time), compiled 12 variants (0.86s CPU time), skipped 0 variants.
    Prepared data for serialisation in 0.00s
  Pass XRMotionVectors (vp, gles3) finished in 0.13 seconds. Local cache hits 0 (0.00s CPU time), remote cache hits 0 (0.00s CPU time), compiled 12 variants (0.94s CPU time), skipped 0 variants.
  Pass XRMotionVectors (vp, vulkan) finished in 0.09 seconds. Local cache hits 0 (0.00s CPU time), remote cache hits 0 (0.00s CPU time), compiled 12 variants (0.82s CPU time), skipped 0 variants.
    Prepared data for serialisation in 0.00s
Serialized binary data for shader UI/Default in 0.00s
    gles3 (total internal programs: 24, unique: 8)
    vulkan (total internal programs: 24, unique: 8)
Compiling shader "UI/DefaultETC1"
  Pass "Default" (vp)
    Target graphics API: gles3
    Full variant space:         4
    After settings filtering:   4
    After built-in stripping:   12
    After scriptable stripping: 12
    Processed in 0.00 seconds
    Target graphics API: vulkan
    Full variant space:         4
    After settings filtering:   4
    After built-in stripping:   12
    After scriptable stripping: 12
    Processed in 0.00 seconds
  Pass "XRMotionVectors" (vp)
    Target graphics API: gles3
    Full variant space:         4
    After settings filtering:   4
    After built-in stripping:   12
    After scriptable stripping: 12
    Processed in 0.00 seconds
    Target graphics API: vulkan
    Full variant space:         4
    After settings filtering:   4
    After built-in stripping:   12
    After scriptable stripping: 12
    Processed in 0.00 seconds
  Pass Default (vp, gles3) finished in 0.08 seconds. Local cache hits 0 (0.00s CPU time), remote cache hits 0 (0.00s CPU time), compiled 12 variants (0.74s CPU time), skipped 0 variants.
  Pass Default (vp, vulkan) finished in 0.08 seconds. Local cache hits 0 (0.00s CPU time), remote cache hits 0 (0.00s CPU time), compiled 12 variants (0.82s CPU time), skipped 0 variants.
    Prepared data for serialisation in 0.00s
  Pass XRMotionVectors (vp, gles3) finished in 0.11 seconds. Local cache hits 0 (0.00s CPU time), remote cache hits 0 (0.00s CPU time), compiled 12 variants (0.89s CPU time), skipped 0 variants.
  Pass XRMotionVectors (vp, vulkan) finished in 0.08 seconds. Local cache hits 0 (0.00s CPU time), remote cache hits 0 (0.00s CPU time), compiled 12 variants (0.68s CPU time), skipped 0 variants.
    Prepared data for serialisation in 0.00s
Serialized binary data for shader UI/DefaultETC1 in 0.00s
    gles3 (total internal programs: 24, unique: 8)
    vulkan (total internal programs: 24, unique: 8)
Compiling shader "Hidden/CubeBlur"
  Pass "" (vp)
    Target graphics API: gles3
    Full variant space:         1
    After settings filtering:   1
    After built-in stripping:   3
    After scriptable stripping: 3
    Processed in 0.00 seconds
    Target graphics API: vulkan
    Full variant space:         1
    After settings filtering:   1
    After built-in stripping:   3
    After scriptable stripping: 3
    Processed in 0.00 seconds
  Pass "" (vp)
    Target graphics API: gles3
    Full variant space:         1
    After settings filtering:   1
    After built-in stripping:   3
    After scriptable stripping: 3
    Processed in 0.00 seconds
    Target graphics API: vulkan
    Full variant space:         1
    After settings filtering:   1
    After built-in stripping:   3
    After scriptable stripping: 3
    Processed in 0.00 seconds
  Pass  (vp, gles3) finished in 0.08 seconds. Local cache hits 0 (0.00s CPU time), remote cache hits 0 (0.00s CPU time), compiled 3 variants (0.20s CPU time), skipped 0 variants.
  Pass  (vp, vulkan) finished in 0.08 seconds. Local cache hits 0 (0.00s CPU time), remote cache hits 0 (0.00s CPU time), compiled 3 variants (0.23s CPU time), skipped 0 variants.
    Prepared data for serialisation in 0.00s
  Pass  (vp, gles3) finished in 0.08 seconds. Local cache hits 0 (0.00s CPU time), remote cache hits 0 (0.00s CPU time), compiled 3 variants (0.09s CPU time), skipped 0 variants.
  Pass  (vp, vulkan) finished in 0.08 seconds. Local cache hits 0 (0.00s CPU time), remote cache hits 0 (0.00s CPU time), compiled 3 variants (0.11s CPU time), skipped 0 variants.
    Prepared data for serialisation in 0.00s
Serialized binary data for shader Hidden/CubeBlur in 0.00s
    gles3 (total internal programs: 6, unique: 2)
    vulkan (total internal programs: 6, unique: 2)
Compiling shader "Hidden/CubeCopy"
  Pass "" (vp)
    Target graphics API: gles3
    Full variant space:         1
    After settings filtering:   1
    After built-in stripping:   3
    After scriptable stripping: 3
    Processed in 0.00 seconds
    Target graphics API: vulkan
    Full variant space:         1
    After settings filtering:   1
    After built-in stripping:   3
    After scriptable stripping: 3
    Processed in 0.00 seconds
  Pass "" (vp)
    Target graphics API: gles3
    Full variant space:         1
    After settings filtering:   1
    After built-in stripping:   3
    After scriptable stripping: 3
    Processed in 0.00 seconds
    Target graphics API: vulkan
    Full variant space:         1
    After settings filtering:   1
    After built-in stripping:   3
    After scriptable stripping: 3
    Processed in 0.00 seconds
  Pass  (vp, gles3) finished in 0.03 seconds. Local cache hits 0 (0.00s CPU time), remote cache hits 0 (0.00s CPU time), compiled 3 variants (0.08s CPU time), skipped 0 variants.
  Pass  (vp, vulkan) finished in 0.03 seconds. Local cache hits 0 (0.00s CPU time), remote cache hits 0 (0.00s CPU time), compiled 3 variants (0.10s CPU time), skipped 0 variants.
    Prepared data for serialisation in 0.00s
  Pass  (vp, gles3) finished in 0.04 seconds. Local cache hits 0 (0.00s CPU time), remote cache hits 0 (0.00s CPU time), compiled 3 variants (0.08s CPU time), skipped 0 variants.
  Pass  (vp, vulkan) finished in 0.04 seconds. Local cache hits 0 (0.00s CPU time), remote cache hits 0 (0.00s CPU time), compiled 3 variants (0.09s CPU time), skipped 0 variants.
    Prepared data for serialisation in 0.00s
Serialized binary data for shader Hidden/CubeCopy in 0.00s
    gles3 (total internal programs: 6, unique: 1)
    vulkan (total internal programs: 6, unique: 1)
Compiling shader "Hidden/CubeBlend"
  Pass "" (vp)
    Target graphics API: gles3
    Full variant space:         1
    After settings filtering:   1
    After built-in stripping:   3
    After scriptable stripping: 3
    Processed in 0.00 seconds
    Target graphics API: vulkan
    Full variant space:         1
    After settings filtering:   1
    After built-in stripping:   3
    After scriptable stripping: 3
    Processed in 0.00 seconds
  Pass "" (vp)
    Target graphics API: gles3
    Full variant space:         1
    After settings filtering:   1
    After built-in stripping:   3
    After scriptable stripping: 3
    Processed in 0.00 seconds
    Target graphics API: vulkan
    Full variant space:         1
    After settings filtering:   1
    After built-in stripping:   3
    After scriptable stripping: 3
    Processed in 0.00 seconds
  Pass  (vp, gles3) finished in 0.03 seconds. Local cache hits 0 (0.00s CPU time), remote cache hits 0 (0.00s CPU time), compiled 3 variants (0.08s CPU time), skipped 0 variants.
  Pass  (vp, vulkan) finished in 0.04 seconds. Local cache hits 0 (0.00s CPU time), remote cache hits 0 (0.00s CPU time), compiled 3 variants (0.11s CPU time), skipped 0 variants.
    Prepared data for serialisation in 0.00s
  Pass  (vp, gles3) finished in 0.04 seconds. Local cache hits 0 (0.00s CPU time), remote cache hits 0 (0.00s CPU time), compiled 3 variants (0.09s CPU time), skipped 0 variants.
  Pass  (vp, vulkan) finished in 0.04 seconds. Local cache hits 0 (0.00s CPU time), remote cache hits 0 (0.00s CPU time), compiled 3 variants (0.10s CPU time), skipped 0 variants.
    Prepared data for serialisation in 0.00s
Serialized binary data for shader Hidden/CubeBlend in 0.00s
    gles3 (total internal programs: 6, unique: 1)
    vulkan (total internal programs: 6, unique: 1)
Compiling shader "Hidden/VR/BlitTexArraySlice"
  Pass "" (vp)
    Target graphics API: gles3
    Full variant space:         1
    After settings filtering:   1
    After built-in stripping:   3
    After scriptable stripping: 3
    Processed in 0.00 seconds
    Target graphics API: vulkan
    Full variant space:         1
    After settings filtering:   1
    After built-in stripping:   3
    After scriptable stripping: 3
    Processed in 0.00 seconds
  Pass  (vp, gles3) finished in 0.03 seconds. Local cache hits 0 (0.00s CPU time), remote cache hits 0 (0.00s CPU time), compiled 3 variants (0.08s CPU time), skipped 0 variants.
  Pass  (vp, vulkan) finished in 0.03 seconds. Local cache hits 0 (0.00s CPU time), remote cache hits 0 (0.00s CPU time), compiled 3 variants (0.08s CPU time), skipped 0 variants.
    Prepared data for serialisation in 0.00s
Serialized binary data for shader Hidden/VR/BlitTexArraySlice in 0.00s
    gles3 (total internal programs: 3, unique: 1)
    vulkan (total internal programs: 3, unique: 1)
Compiling shader "Hidden/Internal-ODSWorldTexture"
  Pass "" (vp)
    Target graphics API: gles3
    Full variant space:         1
    After settings filtering:   1
    After built-in stripping:   3
    After scriptable stripping: 3
    Processed in 0.00 seconds
    Target graphics API: vulkan
    Full variant space:         1
    After settings filtering:   1
    After built-in stripping:   3
    After scriptable stripping: 3
    Processed in 0.00 seconds
  Pass "" (vp)
    Target graphics API: gles3
    Full variant space:         1
    After settings filtering:   1
    After built-in stripping:   3
    After scriptable stripping: 3
    Processed in 0.00 seconds
    Target graphics API: vulkan
    Full variant space:         1
    After settings filtering:   1
    After built-in stripping:   3
    After scriptable stripping: 3
    Processed in 0.00 seconds
  Pass "" (vp)
    Target graphics API: gles3
    Full variant space:         1
    After settings filtering:   1
    After built-in stripping:   3
    After scriptable stripping: 3
    Processed in 0.00 seconds
    Target graphics API: vulkan
    Full variant space:         1
    After settings filtering:   1
    After built-in stripping:   3
    After scriptable stripping: 3
    Processed in 0.00 seconds
  Pass "" (vp)
    Target graphics API: gles3
    Full variant space:         1
    After settings filtering:   1
    After built-in stripping:   3
    After scriptable stripping: 3
    Processed in 0.00 seconds
    Target graphics API: vulkan
    Full variant space:         1
    After settings filtering:   1
    After built-in stripping:   3
    After scriptable stripping: 3
    Processed in 0.00 seconds
  Pass "" (vp)
    Target graphics API: gles3
    Full variant space:         1
    After settings filtering:   1
    After built-in stripping:   3
    After scriptable stripping: 3
    Processed in 0.00 seconds
    Target graphics API: vulkan
    Full variant space:         1
    After settings filtering:   1
    After built-in stripping:   3
    After scriptable stripping: 3
    Processed in 0.00 seconds
  Pass "" (vp)
    Target graphics API: gles3
    Full variant space:         1
    After settings filtering:   1
    After built-in stripping:   3
    After scriptable stripping: 3
    Processed in 0.00 seconds
    Target graphics API: vulkan
    Full variant space:         1
    After settings filtering:   1
    After built-in stripping:   3
    After scriptable stripping: 3
    Processed in 0.00 seconds
  Pass "" (vp)
    Target graphics API: gles3
    Full variant space:         1
    After settings filtering:   1
    After built-in stripping:   3
    After scriptable stripping: 3
    Processed in 0.00 seconds
    Target graphics API: vulkan
    Full variant space:         1
    After settings filtering:   1
    After built-in stripping:   3
    After scriptable stripping: 3
    Processed in 0.00 seconds
  Pass "" (vp)
    Target graphics API: gles3
    Full variant space:         1
    After settings filtering:   1
    After built-in stripping:   3
    After scriptable stripping: 3
    Processed in 0.00 seconds
    Target graphics API: vulkan
    Full variant space:         1
    After settings filtering:   1
    After built-in stripping:   3
    After scriptable stripping: 3
    Processed in 0.00 seconds
  Pass "" (vp)
    Target graphics API: gles3
    Full variant space:         1
    After settings filtering:   1
    After built-in stripping:   3
    After scriptable stripping: 3
    Processed in 0.00 seconds
    Target graphics API: vulkan
    Full variant space:         1
    After settings filtering:   1
    After built-in stripping:   3
    After scriptable stripping: 3
    Processed in 0.00 seconds
  Pass "" (vp)
    Target graphics API: gles3
    Full variant space:         1
    After settings filtering:   1
    After built-in stripping:   3
    After scriptable stripping: 3
    Processed in 0.00 seconds
    Target graphics API: vulkan
    Full variant space:         1
    After settings filtering:   1
    After built-in stripping:   3
    After scriptable stripping: 3
    Processed in 0.00 seconds
  Pass  (vp, gles3) finished in 0.11 seconds. Local cache hits 0 (0.00s CPU time), remote cache hits 0 (0.00s CPU time), compiled 3 variants (0.16s CPU time), skipped 0 variants.
  Pass  (vp, vulkan) finished in 0.15 seconds. Local cache hits 0 (0.00s CPU time), remote cache hits 0 (0.00s CPU time), compiled 3 variants (0.21s CPU time), skipped 0 variants.
    Prepared data for serialisation in 0.00s
  Pass  (vp, gles3) finished in 0.15 seconds. Local cache hits 0 (0.00s CPU time), remote cache hits 0 (0.00s CPU time), compiled 3 variants (0.10s CPU time), skipped 0 variants.
  Pass  (vp, vulkan) finished in 0.15 seconds. Local cache hits 0 (0.00s CPU time), remote cache hits 0 (0.00s CPU time), compiled 3 variants (0.16s CPU time), skipped 0 variants.
    Prepared data for serialisation in 0.00s
  Pass  (vp, gles3) finished in 0.15 seconds. Local cache hits 0 (0.00s CPU time), remote cache hits 0 (0.00s CPU time), compiled 3 variants (0.21s CPU time), skipped 0 variants.
  Pass  (vp, vulkan) finished in 0.16 seconds. Local cache hits 0 (0.00s CPU time), remote cache hits 0 (0.00s CPU time), compiled 3 variants (0.30s CPU time), skipped 0 variants.
    Prepared data for serialisation in 0.00s
  Pass  (vp, gles3) finished in 0.16 seconds. Local cache hits 0 (0.00s CPU time), remote cache hits 0 (0.00s CPU time), compiled 3 variants (0.37s CPU time), skipped 0 variants.
  Pass  (vp, vulkan) finished in 0.18 seconds. Local cache hits 0 (0.00s CPU time), remote cache hits 0 (0.00s CPU time), compiled 3 variants (0.37s CPU time), skipped 0 variants.
    Prepared data for serialisation in 0.00s
  Pass  (vp, gles3) finished in 0.17 seconds. Local cache hits 0 (0.00s CPU time), remote cache hits 0 (0.00s CPU time), compiled 3 variants (0.21s CPU time), skipped 0 variants.
  Pass  (vp, vulkan) finished in 0.17 seconds. Local cache hits 0 (0.00s CPU time), remote cache hits 0 (0.00s CPU time), compiled 3 variants (0.21s CPU time), skipped 0 variants.
    Prepared data for serialisation in 0.00s
  Pass  (vp, gles3) finished in 0.17 seconds. Local cache hits 0 (0.00s CPU time), remote cache hits 0 (0.00s CPU time), compiled 3 variants (0.41s CPU time), skipped 0 variants.
  Pass  (vp, vulkan) finished in 0.15 seconds. Local cache hits 0 (0.00s CPU time), remote cache hits 0 (0.00s CPU time), compiled 3 variants (0.22s CPU time), skipped 0 variants.
    Prepared data for serialisation in 0.00s
  Pass  (vp, gles3) finished in 0.15 seconds. Local cache hits 0 (0.00s CPU time), remote cache hits 0 (0.00s CPU time), compiled 3 variants (0.19s CPU time), skipped 0 variants.
  Pass  (vp, vulkan) finished in 0.13 seconds. Local cache hits 0 (0.00s CPU time), remote cache hits 0 (0.00s CPU time), compiled 3 variants (0.16s CPU time), skipped 0 variants.
    Prepared data for serialisation in 0.00s
  Pass  (vp, gles3) finished in 0.12 seconds. Local cache hits 0 (0.00s CPU time), remote cache hits 0 (0.00s CPU time), compiled 3 variants (0.18s CPU time), skipped 0 variants.
  Pass  (vp, vulkan) finished in 0.11 seconds. Local cache hits 0 (0.00s CPU time), remote cache hits 0 (0.00s CPU time), compiled 3 variants (0.13s CPU time), skipped 0 variants.
    Prepared data for serialisation in 0.00s
  Pass  (vp, gles3) finished in 0.10 seconds. Local cache hits 0 (0.00s CPU time), remote cache hits 0 (0.00s CPU time), compiled 3 variants (0.18s CPU time), skipped 0 variants.
  Pass  (vp, vulkan) finished in 0.09 seconds. Local cache hits 0 (0.00s CPU time), remote cache hits 0 (0.00s CPU time), compiled 3 variants (0.19s CPU time), skipped 0 variants.
    Prepared data for serialisation in 0.00s
  Pass  (vp, gles3) finished in 0.08 seconds. Local cache hits 0 (0.00s CPU time), remote cache hits 0 (0.00s CPU time), compiled 3 variants (0.20s CPU time), skipped 0 variants.
  Pass  (vp, vulkan) finished in 0.08 seconds. Local cache hits 0 (0.00s CPU time), remote cache hits 0 (0.00s CPU time), compiled 3 variants (0.18s CPU time), skipped 0 variants.
    Prepared data for serialisation in 0.00s
Serialized binary data for shader Hidden/Internal-ODSWorldTexture in 0.00s
    gles3 (total internal programs: 30, unique: 9)
    vulkan (total internal programs: 30, unique: 9)
Compiling shader "Hidden/Internal-CubemapToEquirect"
  Pass "" (vp)
    Target graphics API: gles3
    Full variant space:         1
    After settings filtering:   1
    After built-in stripping:   3
    After scriptable stripping: 3
    Processed in 0.00 seconds
    Target graphics API: vulkan
    Full variant space:         1
    After settings filtering:   1
    After built-in stripping:   3
    After scriptable stripping: 3
    Processed in 0.00 seconds
  Pass  (vp, gles3) finished in 0.02 seconds. Local cache hits 0 (0.00s CPU time), remote cache hits 0 (0.00s CPU time), compiled 3 variants (0.06s CPU time), skipped 0 variants.
  Pass  (vp, vulkan) finished in 0.02 seconds. Local cache hits 0 (0.00s CPU time), remote cache hits 0 (0.00s CPU time), compiled 3 variants (0.07s CPU time), skipped 0 variants.
    Prepared data for serialisation in 0.00s
Serialized binary data for shader Hidden/Internal-CubemapToEquirect in 0.00s
    gles3 (total internal programs: 3, unique: 1)
    vulkan (total internal programs: 3, unique: 1)
Compiling shader "Hidden/VR/BlitFromTex2DToTexArraySlice"
  Pass "" (vp)
    Target graphics API: gles3
    Full variant space:         1
    After settings filtering:   1
    After built-in stripping:   3
    After scriptable stripping: 3
    Processed in 0.00 seconds
  Pass "" (vp)
    Target graphics API: gles3
    Full variant space:         1
    After settings filtering:   1
    After built-in stripping:   3
    After scriptable stripping: 3
    Processed in 0.00 seconds
    Target graphics API: vulkan
    Full variant space:         1
    After settings filtering:   1
    After built-in stripping:   3
    After scriptable stripping: 3
    Processed in 0.00 seconds
  Pass  (vp, gles3) finished in 0.02 seconds. Local cache hits 0 (0.00s CPU time), remote cache hits 0 (0.00s CPU time), compiled 3 variants (0.06s CPU time), skipped 0 variants.
    Prepared data for serialisation in 0.00s
  Pass  (vp, gles3) finished in 0.03 seconds. Local cache hits 0 (0.00s CPU time), remote cache hits 0 (0.00s CPU time), compiled 3 variants (0.09s CPU time), skipped 0 variants.
  Pass  (vp, vulkan) finished in 0.03 seconds. Local cache hits 0 (0.00s CPU time), remote cache hits 0 (0.00s CPU time), compiled 3 variants (0.10s CPU time), skipped 0 variants.
    Prepared data for serialisation in 0.00s
Serialized binary data for shader Hidden/VR/BlitFromTex2DToTexArraySlice in 0.00s
    gles3 (total internal programs: 6, unique: 2)
    vulkan (total internal programs: 3, unique: 1)
Compiling shader "Hidden/VideoComposite"
  Pass "Default" (vp)
    Target graphics API: gles3
    Full variant space:         1
    After settings filtering:   1
    After built-in stripping:   3
    After scriptable stripping: 3
    Processed in 0.00 seconds
    Target graphics API: vulkan
    Full variant space:         1
    After settings filtering:   1
    After built-in stripping:   3
    After scriptable stripping: 3
    Processed in 0.00 seconds
  Pass Default (vp, gles3) finished in 0.02 seconds. Local cache hits 0 (0.00s CPU time), remote cache hits 0 (0.00s CPU time), compiled 3 variants (0.07s CPU time), skipped 0 variants.
  Pass Default (vp, vulkan) finished in 0.03 seconds. Local cache hits 0 (0.00s CPU time), remote cache hits 0 (0.00s CPU time), compiled 3 variants (0.07s CPU time), skipped 0 variants.
    Prepared data for serialisation in 0.00s
Serialized binary data for shader Hidden/VideoComposite in 0.00s
    gles3 (total internal programs: 3, unique: 1)
    vulkan (total internal programs: 3, unique: 1)
Compiling shader "Hidden/VideoDecode"
  Pass "YCbCr_To_RGB1" (vp)
    Target graphics API: gles3
    Full variant space:         2
    After settings filtering:   2
    After built-in stripping:   6
    After scriptable stripping: 6
    Processed in 0.00 seconds
    Target graphics API: vulkan
    Full variant space:         2
    After settings filtering:   2
    After built-in stripping:   6
    After scriptable stripping: 6
    Processed in 0.00 seconds
  Pass "YCbCrA_To_RGBAFull" (vp)
    Target graphics API: gles3
    Full variant space:         2
    After settings filtering:   2
    After built-in stripping:   6
    After scriptable stripping: 6
    Processed in 0.00 seconds
    Target graphics API: vulkan
    Full variant space:         2
    After settings filtering:   2
    After built-in stripping:   6
    After scriptable stripping: 6
    Processed in 0.00 seconds
  Pass "YCbCrA_To_RGBA" (vp)
    Target graphics API: gles3
    Full variant space:         2
    After settings filtering:   2
    After built-in stripping:   6
    After scriptable stripping: 6
    Processed in 0.00 seconds
    Target graphics API: vulkan
    Full variant space:         2
    After settings filtering:   2
    After built-in stripping:   6
    After scriptable stripping: 6
    Processed in 0.00 seconds
  Pass "Flip_RGBA_To_RGBA" (vp)
    Target graphics API: gles3
    Full variant space:         2
    After settings filtering:   2
    After built-in stripping:   6
    After scriptable stripping: 6
    Processed in 0.00 seconds
    Target graphics API: vulkan
    Full variant space:         2
    After settings filtering:   2
    After built-in stripping:   6
    After scriptable stripping: 6
    Processed in 0.00 seconds
  Pass "Flip_RGBASplit_To_RGBA" (vp)
    Target graphics API: gles3
    Full variant space:         2
    After settings filtering:   2
    After built-in stripping:   6
    After scriptable stripping: 6
    Processed in 0.00 seconds
    Target graphics API: vulkan
    Full variant space:         2
    After settings filtering:   2
    After built-in stripping:   6
    After scriptable stripping: 6
    Processed in 0.00 seconds
  Pass "Flip_NV12_To_RGB1" (vp)
    Target graphics API: gles3
    Full variant space:         2
    After settings filtering:   2
    After built-in stripping:   6
    After scriptable stripping: 6
    Processed in 0.00 seconds
    Target graphics API: vulkan
    Full variant space:         2
    After settings filtering:   2
    After built-in stripping:   6
    After scriptable stripping: 6
    Processed in 0.00 seconds
  Pass "Flip_NV12_To_RGBA" (vp)
    Target graphics API: gles3
    Full variant space:         2
    After settings filtering:   2
    After built-in stripping:   6
    After scriptable stripping: 6
    Processed in 0.00 seconds
    Target graphics API: vulkan
    Full variant space:         2
    After settings filtering:   2
    After built-in stripping:   6
    After scriptable stripping: 6
    Processed in 0.00 seconds
  Pass "Flip_P010_To_RGB1" (vp)
    Target graphics API: gles3
    Full variant space:         1
    After settings filtering:   1
    After built-in stripping:   3
    After scriptable stripping: 3
    Processed in 0.00 seconds
    Target graphics API: vulkan
    Full variant space:         1
    After settings filtering:   1
    After built-in stripping:   3
    After scriptable stripping: 3
    Processed in 0.00 seconds
  Pass YCbCr_To_RGB1 (vp, gles3) finished in 0.07 seconds. Local cache hits 0 (0.00s CPU time), remote cache hits 0 (0.00s CPU time), compiled 6 variants (0.29s CPU time), skipped 0 variants.
  Pass YCbCr_To_RGB1 (vp, vulkan) finished in 0.08 seconds. Local cache hits 0 (0.00s CPU time), remote cache hits 0 (0.00s CPU time), compiled 6 variants (0.33s CPU time), skipped 0 variants.
    Prepared data for serialisation in 0.00s
  Pass YCbCrA_To_RGBAFull (vp, gles3) finished in 0.08 seconds. Local cache hits 0 (0.00s CPU time), remote cache hits 0 (0.00s CPU time), compiled 6 variants (0.27s CPU time), skipped 0 variants.
  Pass YCbCrA_To_RGBAFull (vp, vulkan) finished in 0.08 seconds. Local cache hits 0 (0.00s CPU time), remote cache hits 0 (0.00s CPU time), compiled 6 variants (0.40s CPU time), skipped 0 variants.
    Prepared data for serialisation in 0.00s
  Pass YCbCrA_To_RGBA (vp, gles3) finished in 0.08 seconds. Local cache hits 0 (0.00s CPU time), remote cache hits 0 (0.00s CPU time), compiled 6 variants (0.39s CPU time), skipped 0 variants.
  Pass YCbCrA_To_RGBA (vp, vulkan) finished in 0.16 seconds. Local cache hits 0 (0.00s CPU time), remote cache hits 0 (0.00s CPU time), compiled 6 variants (0.49s CPU time), skipped 0 variants.
    Prepared data for serialisation in 0.00s
  Pass Flip_RGBA_To_RGBA (vp, gles3) finished in 0.13 seconds. Local cache hits 0 (0.00s CPU time), remote cache hits 0 (0.00s CPU time), compiled 6 variants (0.59s CPU time), skipped 0 variants.
  Pass Flip_RGBA_To_RGBA (vp, vulkan) finished in 0.13 seconds. Local cache hits 0 (0.00s CPU time), remote cache hits 0 (0.00s CPU time), compiled 6 variants (0.73s CPU time), skipped 0 variants.
    Prepared data for serialisation in 0.00s
  Pass Flip_RGBASplit_To_RGBA (vp, gles3) finished in 0.14 seconds. Local cache hits 0 (0.00s CPU time), remote cache hits 0 (0.00s CPU time), compiled 6 variants (0.74s CPU time), skipped 0 variants.
  Pass Flip_RGBASplit_To_RGBA (vp, vulkan) finished in 0.16 seconds. Local cache hits 0 (0.00s CPU time), remote cache hits 0 (0.00s CPU time), compiled 6 variants (0.85s CPU time), skipped 0 variants.
    Prepared data for serialisation in 0.00s
  Pass Flip_NV12_To_RGB1 (vp, gles3) finished in 0.15 seconds. Local cache hits 0 (0.00s CPU time), remote cache hits 0 (0.00s CPU time), compiled 6 variants (0.77s CPU time), skipped 0 variants.
  Pass Flip_NV12_To_RGB1 (vp, vulkan) finished in 0.14 seconds. Local cache hits 0 (0.00s CPU time), remote cache hits 0 (0.00s CPU time), compiled 6 variants (0.38s CPU time), skipped 0 variants.
    Prepared data for serialisation in 0.00s
  Pass Flip_NV12_To_RGBA (vp, gles3) finished in 0.07 seconds. Local cache hits 0 (0.00s CPU time), remote cache hits 0 (0.00s CPU time), compiled 6 variants (0.37s CPU time), skipped 0 variants.
  Pass Flip_NV12_To_RGBA (vp, vulkan) finished in 0.07 seconds. Local cache hits 0 (0.00s CPU time), remote cache hits 0 (0.00s CPU time), compiled 6 variants (0.37s CPU time), skipped 0 variants.
    Prepared data for serialisation in 0.00s
  Pass Flip_P010_To_RGB1 (vp, gles3) finished in 0.06 seconds. Local cache hits 0 (0.00s CPU time), remote cache hits 0 (0.00s CPU time), compiled 3 variants (0.14s CPU time), skipped 0 variants.
  Pass Flip_P010_To_RGB1 (vp, vulkan) finished in 0.05 seconds. Local cache hits 0 (0.00s CPU time), remote cache hits 0 (0.00s CPU time), compiled 3 variants (0.14s CPU time), skipped 0 variants.
    Prepared data for serialisation in 0.00s
Serialized binary data for shader Hidden/VideoDecode in 0.00s
    gles3 (total internal programs: 45, unique: 15)
    vulkan (total internal programs: 45, unique: 15)
Compiling shader "Hidden/VideoDecodeAndroid"
  Pass "RGBAExternal_To_RGBA" (vp)
    Target graphics API: gles3
    Full variant space:         2
    After settings filtering:   2
    After built-in stripping:   6
    After scriptable stripping: 6
    Processed in 0.00 seconds
  Pass "RGBASplitExternal_To_RGBA" (vp)
    Target graphics API: gles3
    Full variant space:         2
    After settings filtering:   2
    After built-in stripping:   6
    After scriptable stripping: 6
    Processed in 0.00 seconds
  Pass RGBAExternal_To_RGBA (vp, gles3) finished in 0.02 seconds. Local cache hits 0 (0.00s CPU time), remote cache hits 0 (0.00s CPU time), compiled 6 variants (0.06s CPU time), skipped 0 variants.
    Prepared data for serialisation in 0.00s
  Pass RGBASplitExternal_To_RGBA (vp, gles3) finished in 0.02 seconds. Local cache hits 0 (0.00s CPU time), remote cache hits 0 (0.00s CPU time), compiled 6 variants (0.05s CPU time), skipped 0 variants.
    Prepared data for serialisation in 0.00s
Serialized binary data for shader Hidden/VideoDecodeAndroid in 0.00s
    gles3 (total internal programs: 12, unique: 12)
    vulkan (total internal programs: 0, unique: 0)
Compiling shader "Hidden/TextCore/Distance Field SSD"
  Pass "" (vp)
    Target graphics API: gles3
    Full variant space:         1
    After settings filtering:   1
    After built-in stripping:   3
    After scriptable stripping: 3
    Processed in 0.00 seconds
    Target graphics API: vulkan
    Full variant space:         1
    After settings filtering:   1
    After built-in stripping:   3
    After scriptable stripping: 3
    Processed in 0.00 seconds
  Pass  (vp, gles3) finished in 0.04 seconds. Local cache hits 0 (0.00s CPU time), remote cache hits 0 (0.00s CPU time), compiled 3 variants (0.12s CPU time), skipped 0 variants.
  Pass  (vp, vulkan) finished in 0.05 seconds. Local cache hits 0 (0.00s CPU time), remote cache hits 0 (0.00s CPU time), compiled 3 variants (0.13s CPU time), skipped 0 variants.
    Prepared data for serialisation in 0.00s
Serialized binary data for shader Hidden/TextCore/Distance Field SSD in 0.00s
    gles3 (total internal programs: 3, unique: 1)
    vulkan (total internal programs: 3, unique: 1)
Compiling shader "Hidden/Physics2D/SDF_CircleGeometry"
  Pass "" (vp)
    Target graphics API: gles3
    Full variant space:         2
    After settings filtering:   2
    After built-in stripping:   3
    After scriptable stripping: 3
    Processed in 0.00 seconds
    Target graphics API: vulkan
    Full variant space:         2
    After settings filtering:   2
    After built-in stripping:   3
    After scriptable stripping: 3
    Processed in 0.00 seconds
  Pass  (vp, gles3) finished in 0.05 seconds. Local cache hits 0 (0.00s CPU time), remote cache hits 0 (0.00s CPU time), compiled 3 variants (0.13s CPU time), skipped 0 variants.
  Pass  (vp, vulkan) finished in 0.05 seconds. Local cache hits 0 (0.00s CPU time), remote cache hits 0 (0.00s CPU time), compiled 3 variants (0.12s CPU time), skipped 0 variants.
    Prepared data for serialisation in 0.00s
Serialized binary data for shader Hidden/Physics2D/SDF_CircleGeometry in 0.00s
    gles3 (total internal programs: 3, unique: 1)
    vulkan (total internal programs: 3, unique: 1)
Compiling shader "Hidden/Physics2D/SDF_CapsuleGeometry"
  Pass "" (vp)
    Target graphics API: gles3
    Full variant space:         2
    After settings filtering:   2
    After built-in stripping:   3
    After scriptable stripping: 3
    Processed in 0.00 seconds
    Target graphics API: vulkan
    Full variant space:         2
    After settings filtering:   2
    After built-in stripping:   3
    After scriptable stripping: 3
    Processed in 0.00 seconds
  Pass  (vp, gles3) finished in 0.05 seconds. Local cache hits 0 (0.00s CPU time), remote cache hits 0 (0.00s CPU time), compiled 3 variants (0.14s CPU time), skipped 0 variants.
  Pass  (vp, vulkan) finished in 0.05 seconds. Local cache hits 0 (0.00s CPU time), remote cache hits 0 (0.00s CPU time), compiled 3 variants (0.14s CPU time), skipped 0 variants.
    Prepared data for serialisation in 0.00s
Serialized binary data for shader Hidden/Physics2D/SDF_CapsuleGeometry in 0.00s
    gles3 (total internal programs: 3, unique: 1)
    vulkan (total internal programs: 3, unique: 1)
Compiling shader "Hidden/Physics2D/SDF_PolygonGeometry"
  Pass "" (vp)
    Target graphics API: gles3
    Full variant space:         2
    After settings filtering:   2
    After built-in stripping:   3
    After scriptable stripping: 3
    Processed in 0.00 seconds
    Target graphics API: vulkan
    Full variant space:         2
    After settings filtering:   2
    After built-in stripping:   3
    After scriptable stripping: 3
    Processed in 0.00 seconds
  Pass  (vp, gles3) finished in 0.14 seconds. Local cache hits 0 (0.00s CPU time), remote cache hits 0 (0.00s CPU time), compiled 3 variants (0.42s CPU time), skipped 0 variants.
  Pass  (vp, vulkan) finished in 0.14 seconds. Local cache hits 0 (0.00s CPU time), remote cache hits 0 (0.00s CPU time), compiled 3 variants (0.42s CPU time), skipped 0 variants.
    Prepared data for serialisation in 0.00s
Serialized binary data for shader Hidden/Physics2D/SDF_PolygonGeometry in 0.00s
    gles3 (total internal programs: 3, unique: 1)
    vulkan (total internal programs: 3, unique: 1)
Compiling shader "Hidden/Physics2D/SDF_Line"
  Pass "" (vp)
    Target graphics API: gles3
    Full variant space:         2
    After settings filtering:   2
    After built-in stripping:   3
    After scriptable stripping: 3
    Processed in 0.00 seconds
    Target graphics API: vulkan
    Full variant space:         2
    After settings filtering:   2
    After built-in stripping:   3
    After scriptable stripping: 3
    Processed in 0.00 seconds
  Pass  (vp, gles3) finished in 0.04 seconds. Local cache hits 0 (0.00s CPU time), remote cache hits 0 (0.00s CPU time), compiled 3 variants (0.12s CPU time), skipped 0 variants.
  Pass  (vp, vulkan) finished in 0.05 seconds. Local cache hits 0 (0.00s CPU time), remote cache hits 0 (0.00s CPU time), compiled 3 variants (0.13s CPU time), skipped 0 variants.
    Prepared data for serialisation in 0.00s
Serialized binary data for shader Hidden/Physics2D/SDF_Line in 0.00s
    gles3 (total internal programs: 3, unique: 1)
    vulkan (total internal programs: 3, unique: 1)
Compiling shader "Hidden/Physics2D/SDF_Point"
  Pass "" (vp)
    Target graphics API: gles3
    Full variant space:         2
    After settings filtering:   2
    After built-in stripping:   3
    After scriptable stripping: 3
    Processed in 0.00 seconds
    Target graphics API: vulkan
    Full variant space:         2
    After settings filtering:   2
    After built-in stripping:   3
    After scriptable stripping: 3
    Processed in 0.00 seconds
  Pass  (vp, gles3) finished in 0.05 seconds. Local cache hits 0 (0.00s CPU time), remote cache hits 0 (0.00s CPU time), compiled 3 variants (0.13s CPU time), skipped 0 variants.
  Pass  (vp, vulkan) finished in 0.05 seconds. Local cache hits 0 (0.00s CPU time), remote cache hits 0 (0.00s CPU time), compiled 3 variants (0.14s CPU time), skipped 0 variants.
    Prepared data for serialisation in 0.00s
Serialized binary data for shader Hidden/Physics2D/SDF_Point in 0.00s
    gles3 (total internal programs: 3, unique: 1)
    vulkan (total internal programs: 3, unique: 1)
SpriteAtlasDatabase::Cleanup
DisplayProgressbar: Initializing
Android PostProcess task "Initializing" took 1.1457 ms
DisplayProgressbar: Check gradle project collisions
Android PostProcess task "Check gradle project collisions" took 0.4103 ms
DisplayProgressbar: Preparing banner
Android PostProcess task "Preparing banner" took 0.3184 ms
info: Microsoft.AspNetCore.Hosting.Diagnostics[1]
      Request starting HTTP/2 POST http://ilpp/UnityILPP.PostProcessing/Ping - application/grpc -
info: Microsoft.AspNetCore.Routing.EndpointMiddleware[0]
      Executing endpoint 'gRPC - /UnityILPP.PostProcessing/Ping'
info: Microsoft.AspNetCore.Routing.EndpointMiddleware[1]
      Executed endpoint 'gRPC - /UnityILPP.PostProcessing/Ping'
info: Microsoft.AspNetCore.Hosting.Diagnostics[2]
      Request finished HTTP/2 POST http://ilpp/UnityILPP.PostProcessing/Ping - 200 - application/grpc 0.3393ms
Starting: C:\Program Files\Unity\Hub\Editor\6000.5.10f1\Editor\Data\Tools\BuildPipeline\bee_backend.exe --ipc --dagfile="Library/Bee/Playerae43eee6.dag" --profile="Library/Bee/backend1.traceevents" Player
WorkingDir: C:/Users/josef/AppData/Local/Temp/opencode_p1s05/s05/viewer_unity
[             ] Require frontend run.  Library/Bee/Playerae43eee6.dag couldn't be loaded
Starting: C:\Program Files\Unity\Hub\Editor\6000.5.10f1\Editor\Data\netcorerun\netcorerun.exe "C:\Program Files\Unity\Hub\Editor\6000.5.10f1\Editor\Data\PlaybackEngines\AndroidPlayer\AndroidPlayerBuildProgram.exe" "C:/Program Files/Unity/Hub/Editor/6000.5.10f1/Editor/Data/PlaybackEngines/AndroidPlayer/Bee;C:/Program Files/Unity/Hub/Editor/6000.5.10f1/Editor/Data/Tools/BuildPipeline" "Library/Bee/Playerae43eee6.dag.json" "Library/Bee/Playerae43eee6-inputdata.json" "Library\Bee\buildprogram0.traceevents"
WorkingDir: C:/Users/josef/AppData/Local/Temp/opencode_p1s05/s05/viewer_unity
ExitCode: 4 Duration: 0s21ms
DisplayProgressbar: Incremental Player Build
ExitCode: 0 Duration: 1s519ms
Starting: C:\Program Files\Unity\Hub\Editor\6000.5.10f1\Editor\Data\Tools\BuildPipeline\bee_backend.exe --ipc --dagfile="Library/Bee/Playerae43eee6.dag" --dagfilejson="Library\Bee\Playerae43eee6.dag.json" --profile="Library/Bee/backend2.traceevents" Player
WorkingDir: C:/Users/josef/AppData/Local/Temp/opencode_p1s05/s05/viewer_unity
Finished compiling graph: 499 nodes, 1029 flattened edges (1025 ToBuild, 4 ToUse), maximum node priority 28
[  1/115    0s] WriteText Library/Bee/artifacts/Android/d8kzr/_dummy_for_header_discovery
[  2/115    0s] WriteText Library/Bee/artifacts/Android/iz17e/_dummy_for_header_discovery
[  3/115    0s] WriteText Library/Bee/artifacts/csharpactions/UnityClassRegistration.cpp_ujys.info
[  4/115    0s] WriteText Library/Bee/artifacts/csharpactions/dummy-FeaturesChecked.txt_emel.info
[  5/115    0s] WriteText Library/Bee/artifacts/csharpactions/IntermediateLauncherManifestDiag.txt_4oyd.info
[  6/115    0s] WriteResponseFile Library/Bee/artifacts/rsp/2035901535341824891.rsp
[  7/115    0s] CopyFiles C:/Users/josef/AppData/Local/Temp/opencode_p1s05/s05/viewer_unity/Library/Bee/Android/Prj/IL2CPP/Gradle/launcher/src/main/res/mipmap-anydpi-v26/app_icon.xml
[  8/115    0s] WriteText Library/Bee/artifacts/csharpactions/IntermediateFiles.txt_ri9j.info
[  9/115    0s] WriteText Library/Bee/artifacts/csharpactions/sharedassets0.assets_v4ez.info
[ 10/115    0s] CopyFiles C:/Users/josef/AppData/Local/Temp/opencode_p1s05/s05/viewer_unity/Library/Bee/Android/Prj/IL2CPP/Gradle/launcher/src/main/res/mipmap-anydpi-v26/app_icon_round.xml
[ 11/115    0s] WriteText Library/Bee/artifacts/csharpactions/level0_isf5.info
[ 12/115    0s] CopyFiles C:/Users/josef/AppData/Local/Temp/opencode_p1s05/s05/viewer_unity/Library/Bee/Android/Prj/IL2CPP/Gradle/unityLibrary/src/main/assets/lab_data/manifest.json
[ 13/115    0s] CopyFiles C:/Users/josef/AppData/Local/Temp/opencode_p1s05/s05/viewer_unity/Library/Bee/Android/Prj/IL2CPP/Gradle/unityLibrary/src/main/assets/lab_data/edificios/I/tributary/verificacion_resumen_por_viga.csv
[ 14/115    0s] CopyFiles C:/Users/josef/AppData/Local/Temp/opencode_p1s05/s05/viewer_unity/Library/Bee/Android/Prj/IL2CPP/Gradle/unityLibrary/src/main/res/values/strings.xml
[ 15/115    0s] CopyFiles C:/Users/josef/AppData/Local/Temp/opencode_p1s05/s05/viewer_unity/Library/Bee/Android/Prj/IL2CPP/Gradle/unityLibrary/src/main/assets/lab_data/placement.json
[ 16/115    0s] CopyFiles C:/Users/josef/AppData/Local/Temp/opencode_p1s05/s05/viewer_unity/Library/Bee/Android/Prj/IL2CPP/Gradle/unityLibrary/src/main/res/values/freeformwindow.xml
[ 17/115    0s] CopyFiles C:/Users/josef/AppData/Local/Temp/opencode_p1s05/s05/viewer_unity/Library/Bee/Android/Prj/IL2CPP/Gradle/unityLibrary/src/main/assets/lab_data/edificios/II/results/pm_capacidad_demanda_II.json
[ 18/115    0s] CopyFiles C:/Users/josef/AppData/Local/Temp/opencode_p1s05/s05/viewer_unity/Library/Bee/Android/Prj/IL2CPP/Gradle/unityLibrary/src/main/res/values/ids.xml
[ 19/115    0s] CopyFiles C:/Users/josef/AppData/Local/Temp/opencode_p1s05/s05/viewer_unity/Library/Bee/Android/Prj/IL2CPP/Gradle/unityLibrary/src/main/assets/lab_data/edificios/II/geometry/EII_CP2.json
[ 20/115    0s] CopyFiles C:/Users/josef/AppData/Local/Temp/opencode_p1s05/s05/viewer_unity/Library/Bee/Android/Prj/IL2CPP/Gradle/unityLibrary/src/main/res/values-v30/freeformwindow.xml
[ 21/115    0s] CopyFiles C:/Users/josef/AppData/Local/Temp/opencode_p1s05/s05/viewer_unity/Library/Bee/Android/Prj/IL2CPP/Gradle/unityLibrary/src/main/assets/lab_data/edificios/II/results/esfuerzos_FE_EDIFICIO_II.json
[ 22/115    0s] CopyFiles C:/Users/josef/AppData/Local/Temp/opencode_p1s05/s05/viewer_unity/Library/Bee/Android/Prj/IL2CPP/Gradle/unityLibrary/src/main/assets/lab_data/edificios/II/geometry/EII_CP3.json
[ 23/115    0s] WriteText C:/Users/josef/AppData/Local/Temp/opencode_p1s05/s05/viewer_unity/Library/Bee/Android/Prj/IL2CPP/Gradle/unityLibrary/src/main/resources/META-INF/com.android.games.engine.build_fingerprint
[ 24/115    0s] CopyFiles C:/Users/josef/AppData/Local/Temp/opencode_p1s05/s05/viewer_unity/Library/Bee/Android/Prj/IL2CPP/Gradle/unityLibrary/src/main/jniLibs/arm64-v8a/libmain.so
[ 25/115    0s] CopyFiles C:/Users/josef/AppData/Local/Temp/opencode_p1s05/s05/viewer_unity/Library/Bee/Android/Prj/IL2CPP/Gradle/unityLibrary/src/main/assets/lab_data/edificios/II/geometry/EII_CP1.json
[ 26/115    0s] CopyFiles C:/Users/josef/AppData/Local/Temp/opencode_p1s05/s05/viewer_unity/Library/Bee/Android/Prj/IL2CPP/Gradle/unityLibrary/src/main/java/com/unity3d/player/UnityPlayerGameActivity.java
[ 27/115    0s] WriteText Library/Bee/artifacts/csharpactions/boot.config_x4e9.info
[ 28/115    0s] CopyFiles C:/Users/josef/AppData/Local/Temp/opencode_p1s05/s05/viewer_unity/Library/Bee/Android/Prj/IL2CPP/Gradle/unityLibrary/src/main/jniLibs/armeabi-v7a/libmain.so
[ 29/115    0s] WriteText Library/Bee/artifacts/csharpactions/globalgamemanagers.assets_wxz5.info
[ 30/115    0s] WriteText Library/Bee/artifacts/csharpactions/unity_app_guid_7t7t.info
[ 31/115    0s] CopyFiles C:/Users/josef/AppData/Local/Temp/opencode_p1s05/s05/viewer_unity/Library/Bee/Android/Prj/IL2CPP/Gradle/unityLibrary/src/main/assets/lab_data/edificios/I/tributary/por_viga.json
[ 32/115    0s] CopyFiles C:/Users/josef/AppData/Local/Temp/opencode_p1s05/s05/viewer_unity/Library/Bee/Android/Prj/IL2CPP/Gradle/unityLibrary/src/main/assets/bin/Data/Resources/unity default resources
[ 33/115    0s] CopyFiles C:/Users/josef/AppData/Local/Temp/opencode_p1s05/s05/viewer_unity/Library/Bee/Android/Prj/IL2CPP/Gradle/unityLibrary/src/main/assets/lab_data/edificios/I/results/primera_ejecucion.json
[ 34/115    0s] CopyFiles C:/Users/josef/AppData/Local/Temp/opencode_p1s05/s05/viewer_unity/Library/Bee/Android/Prj/IL2CPP/Gradle/unityLibrary/src/main/assets/lab_data/edificios/II/geometry/EII_CP4.json
[ 35/115    0s] CopyFiles C:/Users/josef/AppData/Local/Temp/opencode_p1s05/s05/viewer_unity/Library/Bee/Android/Prj/IL2CPP/Gradle/unityLibrary/src/main/assets/bin/Data/Resources/unity_builtin_extra
[ 36/115    0s] CopyFiles C:/Users/josef/AppData/Local/Temp/opencode_p1s05/s05/viewer_unity/Library/Bee/Android/Prj/IL2CPP/Gradle/unityLibrary/libs/unity-classes.jar
[ 37/115    0s] CopyFiles C:/Users/josef/AppData/Local/Temp/opencode_p1s05/s05/viewer_unity/Library/Bee/Android/Prj/IL2CPP/Gradle/unityLibrary/src/main/assets/bin/Data/globalgamemanagers
[ 38/115    0s] CopyFiles C:/Users/josef/AppData/Local/Temp/opencode_p1s05/s05/viewer_unity/Library/Bee/Android/Prj/IL2CPP/Gradle/unityLibrary/src/main/assets/lab_data/edificios/I/results/pm_capacidad_demanda_I.json
[ 39/115    0s] WriteText C:/Users/josef/AppData/Local/Temp/opencode_p1s05/s05/viewer_unity/Library/Bee/Android/Prj/IL2CPP/Gradle/launcher/src/main/res/values/strings.xml
[ 40/115    0s] WriteText C:/Users/josef/AppData/Local/Temp/opencode_p1s05/s05/viewer_unity/Library/Bee/Android/Prj/IL2CPP/Gradle/unityLibrary/src/main/res/values/colors.xml
[ 41/115    0s] CopyFiles C:/Users/josef/AppData/Local/Temp/opencode_p1s05/s05/viewer_unity/Library/Bee/Android/Prj/IL2CPP/Gradle/unityLibrary/src/main/assets/bin/Data/ScriptingAssemblies.json
[ 42/115    0s] CopyFiles C:/Users/josef/AppData/Local/Temp/opencode_p1s05/s05/viewer_unity/Library/Bee/Android/Prj/IL2CPP/Gradle/unityLibrary/src/main/assets/bin/Data/RuntimeInitializeOnLoads.json
[ 43/115    0s] CopyFiles C:/Users/josef/AppData/Local/Temp/opencode_p1s05/s05/viewer_unity/Library/Bee/Android/Prj/IL2CPP/Gradle/launcher/src/main/res/mipmap-mdpi/app_icon.png
[ 44/115    0s] CopyFiles C:/Users/josef/AppData/Local/Temp/opencode_p1s05/s05/viewer_unity/Library/Bee/Android/Prj/IL2CPP/Gradle/launcher/src/main/res/mipmap-mdpi/ic_launcher_foreground.png
[ 45/115    0s] CopyFiles C:/Users/josef/AppData/Local/Temp/opencode_p1s05/s05/viewer_unity/Library/Bee/Android/Prj/IL2CPP/Gradle/unityLibrary/src/main/assets/lab_data/edificios/I/results/esfuerzos_FE_EDIFICIO_I.json
[ 46/115    0s] CopyFiles C:/Users/josef/AppData/Local/Temp/opencode_p1s05/s05/viewer_unity/Library/Bee/Android/Prj/IL2CPP/Gradle/launcher/src/main/res/mipmap-mdpi/ic_launcher_background.png
[ 47/115    0s] WriteText C:/Users/josef/AppData/Local/Temp/opencode_p1s05/s05/viewer_unity/Library/Bee/Android/Prj/IL2CPP/Gradle/unityLibrary/src/main/res/values/styles.xml
[ 48/115    0s] CopyFiles C:/Users/josef/AppData/Local/Temp/opencode_p1s05/s05/viewer_unity/Library/Bee/Android/Prj/IL2CPP/Gradle/unityLibrary/src/main/assets/lab_data/edificios/II/geometry/EII_CP1S.json
[ 49/115    0s] CopyFiles C:/Users/josef/AppData/Local/Temp/opencode_p1s05/s05/viewer_unity/Library/Bee/Android/Prj/IL2CPP/Gradle/unityLibrary/src/main/assets/lab_data/edificios/I/geometry/CP1S.json
[ 50/115    0s] CopyFiles C:/Users/josef/AppData/Local/Temp/opencode_p1s05/s05/viewer_unity/Library/Bee/Android/Prj/IL2CPP/Gradle/unityLibrary/src/main/assets/lab_data/edificios/I/geometry/P1.json
[ 51/115    0s] WriteText C:/Users/josef/AppData/Local/Temp/opencode_p1s05/s05/viewer_unity/Library/Bee/Android/Prj/IL2CPP/Gradle/unityLibrary/src/main/res/values-v31/styles.xml
[ 52/115    0s] CopyFiles C:/Users/josef/AppData/Local/Temp/opencode_p1s05/s05/viewer_unity/Library/Bee/Android/Prj/IL2CPP/Gradle/unityLibrary/src/main/assets/lab_data/edificios/I/results/esfuerzos_FE_EDIFICIO_I_ANTERIOR_20260920_191906.json
[ 53/115    0s] CopyFiles C:/Users/josef/AppData/Local/Temp/opencode_p1s05/s05/viewer_unity/Library/Bee/Android/Prj/IL2CPP/Gradle/unityLibrary/src/main/assets/lab_data/edificios/I/geometry/P4.json
[ 54/115    0s] CopyFiles C:/Users/josef/AppData/Local/Temp/opencode_p1s05/s05/viewer_unity/Library/Bee/Android/Prj/IL2CPP/Gradle/unityLibrary/src/main/assets/lab_data/edificios/I/results/esfuerzos_FE_EDIFICIO_I.json.mod1_bkp
[ 55/115    0s] WriteText C:/Users/josef/AppData/Local/Temp/opencode_p1s05/s05/viewer_unity/Library/Bee/Android/Prj/IL2CPP/Gradle/unityLibrary/src/main/res/values-v21/styles.xml
[ 56/115    0s] CopyFiles C:/Users/josef/AppData/Local/Temp/opencode_p1s05/s05/viewer_unity/Library/Bee/Android/Prj/IL2CPP/Gradle/unityLibrary/src/main/assets/lab_data/edificios/I/geometry/P2.json
[ 57/115    0s] CopyFiles C:/Users/josef/AppData/Local/Temp/opencode_p1s05/s05/viewer_unity/Library/Bee/Android/Prj/IL2CPP/Gradle/unityLibrary/src/main/assets/lab_data/edificios/I/geometry/P3.json
[ 58/115    0s] CopyFiles C:/Users/josef/AppData/Local/Temp/opencode_p1s05/s05/viewer_unity/Library/Bee/Android/Prj/IL2CPP/Gradle/unityLibrary/src/main/assets/lab_data/edificios/I/results/esfuerzos_FE_EDIFICIO_I_ANTERIOR_20260920_192227.json
[ 59/115    0s] CopyFiles C:/Users/josef/AppData/Local/Temp/opencode_p1s05/s05/viewer_unity/Library/Bee/Android/Prj/IL2CPP/Gradle/unityLibrary/src/main/assets/lab_data/edificios/I/results/esfuerzos_FE_EDIFICIO_I_ANTERIOR_20260920_192144.json
[ 60/115    0s] CopyFiles C:/Users/josef/AppData/Local/Temp/opencode_p1s05/s05/viewer_unity/Library/Bee/Android/Prj/IL2CPP/Gradle/unityLibrary/src/main/assets/lab_data/edificios/I/results/esfuerzos_FE_EDIFICIO_I_ANTERIOR_20260920_191831.json
[ 61/115    0s] CopyFiles C:/Users/josef/AppData/Local/Temp/opencode_p1s05/s05/viewer_unity/Library/Bee/Android/Prj/IL2CPP/Gradle/unityLibrary/src/main/assets/lab_data/edificios/I/tributary/regiones_tributarias.json
[ 62/115    0s] SplitFile Library/Bee/artifacts/Android/Split/sharedassets0.assets
[ 63/115    0s] SplitFile Library/Bee/artifacts/Android/Split/level0
[ 64/115    0s] SplitFile Library/Bee/artifacts/Android/Split/globalgamemanagers.assets
[ 65/115    0s] ActionGenerateProjectFiles Library/Bee/artifacts/Android/IntermediateFiles.txt (+47 others)
[ 66/115    0s] AddBootConfigGUID Library/Bee/artifacts/Android/boot.config
[ 67/115    0s] CopyFiles C:/Users/josef/AppData/Local/Temp/opencode_p1s05/s05/viewer_unity/Library/Bee/Android/Prj/IL2CPP/Gradle/unityLibrary/src/main/assets/bin/Data/boot.config
[           5s] ComputeLeafInputSignature Lib_Android_arm64 Library/Bee/artifacts/Android/87lik/il2cpp.a [success cc947a3a2175b2c9205e2e0a299160bc]
[           5s] ComputeLeafInputSignature Lib_Android_arm32 Library/Bee/artifacts/Android/x6ly2/il2cpp.a [success 8027d2171e739d87afec6887bbb9911a]
[           0s] Lib_Android_arm64 Library/Bee/artifacts/Android/87lik/il2cpp.a [CacheMiss cc947a3a2175b2c9205e2e0a299160bc00000000000000000000000000000006]
[           0s] Lib_Android_arm32 Library/Bee/artifacts/Android/x6ly2/il2cpp.a [CacheMiss 8027d2171e739d87afec6887bbb9911a00000000000000000000000000000006]
[ 68/381    0s] WriteText Library/Bee/artifacts/Android/dqdht/_dummy_for_header_discovery
[ 69/393    0s] MakeLump Library/Bee/artifacts/Android/87lik/vb137abkf6gg1.lump.cpp
[ 70/395    0s] MakeLump Library/Bee/artifacts/Android/87lik/vb137abkf6gg0.lump.cpp
[ 71/401    0s] MakeLump Library/Bee/artifacts/Android/87lik/427wdlbinlpb0.lump.cpp
[ 72/404    0s] MakeLump Library/Bee/artifacts/Android/87lik/dc2j9deb0xxm5.lump.cpp
[ 73/497    0s] WriteText Library/Bee/artifacts/Android/zz99l/_dummy_for_header_discovery
[ 74/497    0s] MakeLump Library/Bee/artifacts/Android/x6ly2/dc2j9deb0xxm6.lump.cpp
[ 75/497    0s] WriteText Library/Bee/artifacts/Android/4qqi9/_dummy_for_header_discovery
[ 76/497    0s] WriteText Library/Bee/artifacts/Android/ihupg/_dummy_for_header_discovery
[ 77/497    0s] MakeLump Library/Bee/artifacts/Android/x6ly2/yvgq23ix0c1f0.lump.cpp
[ 78/497    0s] MakeLump Library/Bee/artifacts/Android/x6ly2/skn0wfk44oji1.lump.cpp
[ 79/497    0s] WriteText Library/Bee/artifacts/Android/x6ly2/_dummy_for_header_discovery
[ 80/497    0s] MakeLump Library/Bee/artifacts/Android/x6ly2/9kmnc1u12xv40.lump.cpp
[ 81/497    0s] MakeLump Library/Bee/artifacts/Android/x6ly2/9ddsqpezhe300.lump.cpp
[ 82/497    0s] MakeLump Library/Bee/artifacts/Android/87lik/beycm4kqid6g0.lump.cpp
[ 83/497    0s] MakeLump Library/Bee/artifacts/Android/x6ly2/skn0wfk44oji0.lump.cpp
[ 84/497    0s] MakeLump Library/Bee/artifacts/Android/87lik/an1e5j3mdir50.lump.cpp
[ 85/497    0s] MakeLump Library/Bee/artifacts/Android/x6ly2/f8mah62efnfc0.lump.cpp
[ 86/497    0s] MakeLump Library/Bee/artifacts/Android/87lik/y85q43fvjiab1.lump.cpp
[ 87/497    0s] MakeLump Library/Bee/artifacts/Android/87lik/y85q43fvjiab2.lump.cpp
[ 88/497    0s] MakeLump Library/Bee/artifacts/Android/87lik/6zeexb48or4c0.lump.cpp
[ 89/497    0s] MakeLump Library/Bee/artifacts/Android/x6ly2/ac45r5yfbu5d0.lump.cpp
[ 90/497    0s] MakeLump Library/Bee/artifacts/Android/87lik/yvgq23ix0c1f2.lump.cpp
[ 91/497    0s] MakeLump Library/Bee/artifacts/Android/87lik/yvgq23ix0c1f1.lump.cpp
[ 92/497    0s] MakeLump Library/Bee/artifacts/Android/87lik/an1e5j3mdir51.lump.cpp
[ 93/497    0s] MakeLump Library/Bee/artifacts/Android/87lik/4aarb9iaodz40.lump.cpp
[ 94/497    0s] MakeLump Library/Bee/artifacts/Android/x6ly2/pm3p2s7929hu0.lump.cpp
[ 95/497    0s] MakeLump Library/Bee/artifacts/Android/x6ly2/o5v62x2i22cn0.lump.cpp
[ 96/497    0s] MakeLump Library/Bee/artifacts/Android/x6ly2/pm3p2s7929hu1.lump.cpp
[ 97/497    0s] MakeLump Library/Bee/artifacts/Android/x6ly2/pm3p2s7929hu2.lump.cpp
[ 98/497    0s] MakeLump Library/Bee/artifacts/Android/x6ly2/zo4rceko164d0.lump.cpp
[ 99/497    0s] MakeLump Library/Bee/artifacts/Android/x6ly2/9a5xvoqkarrk0.lump.cpp
[100/497    0s] MakeLump Library/Bee/artifacts/Android/87lik/yvgq23ix0c1f0.lump.cpp
[101/497    0s] MakeLump Library/Bee/artifacts/Android/87lik/skn0wfk44oji0.lump.cpp
[102/497    0s] MakeLump Library/Bee/artifacts/Android/87lik/f8mah62efnfc0.lump.cpp
[103/497    0s] MakeLump Library/Bee/artifacts/Android/x6ly2/zvk1h6d42sir0.lump.cpp
[104/497    0s] MakeLump Library/Bee/artifacts/Android/87lik/ii6pcvaj7h7p0.lump.cpp
[105/497    0s] MakeLump Library/Bee/artifacts/Android/x6ly2/kfynp60kl2c00.lump.cpp
[106/497    0s] MakeLump Library/Bee/artifacts/Android/87lik/mdvsinhb16un0.lump.cpp
[107/497    0s] MakeLump Library/Bee/artifacts/Android/87lik/skn0wfk44oji2.lump.cpp
[108/497    0s] MakeLump Library/Bee/artifacts/Android/87lik/zz7k9a7wjstm0.lump.cpp
[109/497    0s] MakeLump Library/Bee/artifacts/Android/87lik/skn0wfk44oji1.lump.cpp
[110/497    0s] MakeLump Library/Bee/artifacts/Android/87lik/hhneadxneh600.lump.cpp
[111/497    0s] MakeLump Library/Bee/artifacts/Android/87lik/njioa933mr4n0.lump.cpp
[112/497    0s] MakeLump Library/Bee/artifacts/Android/87lik/skn0wfk44oji3.lump.cpp
[113/497    0s] MakeLump Library/Bee/artifacts/Android/87lik/y85q43fvjiab0.lump.cpp
[114/497    0s] MakeLump Library/Bee/artifacts/Android/87lik/7m3wcalxwvc50.lump.cpp
[115/497    0s] MakeLump Library/Bee/artifacts/Android/87lik/hhneadxneh602.lump.cpp
[116/497    0s] MakeLump Library/Bee/artifacts/Android/87lik/hhneadxneh601.lump.cpp
[117/497    0s] MakeLump Library/Bee/artifacts/Android/x6ly2/an1e5j3mdir51.lump.cpp
[118/497    0s] MakeLump Library/Bee/artifacts/Android/x6ly2/skn0wfk44oji2.lump.cpp
[119/497    0s] MakeLump Library/Bee/artifacts/Android/x6ly2/beycm4kqid6g0.lump.cpp
[120/497    0s] WriteText Library/Bee/artifacts/Android/87lik/_dummy_for_header_discovery
[121/497    0s] MakeLump Library/Bee/artifacts/Android/87lik/yvgq23ix0c1f3.lump.cpp
[122/497    0s] MakeLump Library/Bee/artifacts/Android/x6ly2/skn0wfk44oji3.lump.cpp
[123/497    0s] MakeLump Library/Bee/artifacts/Android/87lik/ii6pcvaj7h7p1.lump.cpp
[124/497    0s] MakeLump Library/Bee/artifacts/Android/x6ly2/6zeexb48or4c0.lump.cpp
[125/497    0s] MakeLump Library/Bee/artifacts/Android/x6ly2/an1e5j3mdir50.lump.cpp
[126/497    0s] MakeLump Library/Bee/artifacts/Android/87lik/qr3xrzd0hwwh2.lump.cpp
[127/497    0s] MakeLump Library/Bee/artifacts/Android/87lik/qr3xrzd0hwwh4.lump.cpp
[128/497    0s] MakeLump Library/Bee/artifacts/Android/87lik/pkimurjtbqsa0.lump.cpp
[129/497    0s] MakeLump Library/Bee/artifacts/Android/87lik/1nvj3zqztg9d0.lump.cpp
[130/497    0s] MakeLump Library/Bee/artifacts/Android/87lik/dc2j9deb0xxm0.lump.cpp
[131/497    0s] MakeLump Library/Bee/artifacts/Android/87lik/9ddsqpezhe300.lump.cpp
[132/497    0s] MakeLump Library/Bee/artifacts/Android/87lik/qr3xrzd0hwwh0.lump.cpp
[133/497    0s] MakeLump Library/Bee/artifacts/Android/x6ly2/hhneadxneh600.lump.cpp
[134/497    0s] MakeLump Library/Bee/artifacts/Android/x6ly2/y85q43fvjiab2.lump.cpp
[135/497    0s] MakeLump Library/Bee/artifacts/Android/x6ly2/hhneadxneh602.lump.cpp
[136/497    0s] MakeLump Library/Bee/artifacts/Android/x6ly2/7m3wcalxwvc50.lump.cpp
[137/497    0s] MakeLump Library/Bee/artifacts/Android/87lik/nabpzim6gmyr0.lump.cpp
[138/497    0s] MakeLump Library/Bee/artifacts/Android/87lik/dc2j9deb0xxm2.lump.cpp
[139/497    0s] MakeLump Library/Bee/artifacts/Android/87lik/dc2j9deb0xxm1.lump.cpp
[140/497    0s] MakeLump Library/Bee/artifacts/Android/87lik/nabpzim6gmyr1.lump.cpp
[141/497    0s] MakeLump Library/Bee/artifacts/Android/87lik/nabpzim6gmyr2.lump.cpp
[142/497    0s] MakeLump Library/Bee/artifacts/Android/x6ly2/4aarb9iaodz40.lump.cpp
[143/497    0s] MakeLump Library/Bee/artifacts/Android/87lik/qr3xrzd0hwwh1.lump.cpp
[144/497    0s] MakeLump Library/Bee/artifacts/Android/87lik/9a5xvoqkarrk0.lump.cpp
[145/497    0s] MakeLump Library/Bee/artifacts/Android/87lik/zo4rceko164d0.lump.cpp
[146/497    0s] MakeLump Library/Bee/artifacts/Android/x6ly2/ii6pcvaj7h7p1.lump.cpp
[147/497    0s] MakeLump Library/Bee/artifacts/Android/87lik/dc2j9deb0xxm3.lump.cpp
[148/497    0s] MakeLump Library/Bee/artifacts/Android/87lik/kfynp60kl2c00.lump.cpp
[149/497    0s] MakeLump Library/Bee/artifacts/Android/87lik/dc2j9deb0xxm7.lump.cpp
[150/497    0s] MakeLump Library/Bee/artifacts/Android/x6ly2/y85q43fvjiab1.lump.cpp
[151/497    0s] MakeLump Library/Bee/artifacts/Android/87lik/dc2j9deb0xxm4.lump.cpp
[152/497    0s] MakeLump Library/Bee/artifacts/Android/87lik/o5v62x2i22cn0.lump.cpp
[153/497    0s] MakeLump Library/Bee/artifacts/Android/87lik/zvk1h6d42sir0.lump.cpp
[154/497    0s] MakeLump Library/Bee/artifacts/Android/87lik/pm3p2s7929hu1.lump.cpp
[155/497    0s] MakeLump Library/Bee/artifacts/Android/87lik/pm3p2s7929hu0.lump.cpp
[156/497    0s] MakeLump Library/Bee/artifacts/Android/87lik/mbxxcz74n1kz0.lump.cpp
[157/497    0s] MakeLump Library/Bee/artifacts/Android/x6ly2/njioa933mr4n0.lump.cpp
[158/497    0s] MakeLump Library/Bee/artifacts/Android/87lik/ac45r5yfbu5d0.lump.cpp
[159/497    0s] MakeLump Library/Bee/artifacts/Android/x6ly2/zz7k9a7wjstm0.lump.cpp
[160/497    0s] MakeLump Library/Bee/artifacts/Android/x6ly2/mdvsinhb16un0.lump.cpp
[161/497    0s] MakeLump Library/Bee/artifacts/Android/x6ly2/427wdlbinlpb0.lump.cpp
[162/497    0s] MakeLump Library/Bee/artifacts/Android/87lik/dc2j9deb0xxm6.lump.cpp
[163/497    0s] MakeLump Library/Bee/artifacts/Android/87lik/qr3xrzd0hwwh3.lump.cpp
[164/497    0s] MakeLump Library/Bee/artifacts/Android/x6ly2/ii6pcvaj7h7p0.lump.cpp
[165/497    0s] MakeLump Library/Bee/artifacts/Android/87lik/pm3p2s7929hu2.lump.cpp
[166/497    0s] MakeLump Library/Bee/artifacts/Android/87lik/9kmnc1u12xv40.lump.cpp
[167/497    0s] MakeLump Library/Bee/artifacts/Android/x6ly2/vb137abkf6gg0.lump.cpp
[168/497    0s] MakeLump Library/Bee/artifacts/Android/x6ly2/hhneadxneh601.lump.cpp
[169/497    0s] MakeLump Library/Bee/artifacts/Android/x6ly2/yvgq23ix0c1f1.lump.cpp
[170/497    0s] MakeLump Library/Bee/artifacts/Android/x6ly2/qr3xrzd0hwwh1.lump.cpp
[171/497    0s] MakeLump Library/Bee/artifacts/Android/x6ly2/yvgq23ix0c1f3.lump.cpp
[172/497    0s] MakeLump Library/Bee/artifacts/Android/x6ly2/mbxxcz74n1kz0.lump.cpp
[173/497    0s] MakeLump Library/Bee/artifacts/Android/x6ly2/yvgq23ix0c1f2.lump.cpp
[174/497    0s] MakeLump Library/Bee/artifacts/Android/x6ly2/qr3xrzd0hwwh0.lump.cpp
[175/497    0s] MakeLump Library/Bee/artifacts/Android/x6ly2/dc2j9deb0xxm0.lump.cpp
[176/497    0s] MakeLump Library/Bee/artifacts/Android/x6ly2/nabpzim6gmyr0.lump.cpp
[177/497    0s] MakeLump Library/Bee/artifacts/Android/x6ly2/pkimurjtbqsa0.lump.cpp
[178/497    0s] MakeLump Library/Bee/artifacts/Android/x6ly2/qr3xrzd0hwwh3.lump.cpp
[179/497    0s] MakeLump Library/Bee/artifacts/Android/x6ly2/nabpzim6gmyr1.lump.cpp
[180/497    0s] MakeLump Library/Bee/artifacts/Android/x6ly2/nabpzim6gmyr2.lump.cpp
[181/497    0s] MakeLump Library/Bee/artifacts/Android/x6ly2/1nvj3zqztg9d0.lump.cpp
[182/497    0s] MakeLump Library/Bee/artifacts/Android/x6ly2/dc2j9deb0xxm1.lump.cpp
[183/497    0s] MakeLump Library/Bee/artifacts/Android/x6ly2/dc2j9deb0xxm2.lump.cpp
[184/497    0s] MakeLump Library/Bee/artifacts/Android/x6ly2/dc2j9deb0xxm3.lump.cpp
[185/497    0s] MakeLump Library/Bee/artifacts/Android/x6ly2/dc2j9deb0xxm4.lump.cpp
[186/497    0s] MakeLump Library/Bee/artifacts/Android/x6ly2/qr3xrzd0hwwh4.lump.cpp
[187/497    0s] MakeLump Library/Bee/artifacts/Android/x6ly2/y85q43fvjiab0.lump.cpp
[188/497    0s] MakeLump Library/Bee/artifacts/Android/x6ly2/qr3xrzd0hwwh2.lump.cpp
[189/497    0s] MakeLump Library/Bee/artifacts/Android/x6ly2/dc2j9deb0xxm7.lump.cpp
[190/497    0s] MakeLump Library/Bee/artifacts/Android/x6ly2/dc2j9deb0xxm5.lump.cpp
[191/497    0s] MakeLump Library/Bee/artifacts/Android/x6ly2/vb137abkf6gg1.lump.cpp
[192/497    0s] C_Android_arm32 Library/Bee/artifacts/Android/x6ly2/7o4fqlgxthnm.o
[193/497    0s] C_Android_arm32 Library/Bee/artifacts/Android/x6ly2/i7an231xhgwt.o
[194/497    0s] C_Android_arm32 Library/Bee/artifacts/Android/x6ly2/zvjcwp1skma3.o
[195/497    0s] C_Android_arm32 Library/Bee/artifacts/Android/x6ly2/ttybt94ksqde.o
[196/497    0s] C_Android_arm64 Library/Bee/artifacts/Android/87lik/384gxwqf53w9.o
[197/497    0s] C_Android_arm32 Library/Bee/artifacts/Android/x6ly2/ai70mv4fvwrn.o
[198/497    0s] C_Android_arm32 Library/Bee/artifacts/Android/x6ly2/qjc0i438vzim.o
[199/497    4s] C_Android_arm32 Library/Bee/artifacts/Android/x6ly2/wc9tuh3oo6t8.o
[200/497    5s] C_Android_arm32 Library/Bee/artifacts/Android/x6ly2/psl91bosny5q.o
[201/497    5s] C_Android_arm32 Library/Bee/artifacts/Android/x6ly2/4qbug6o9st7z.o
[202/497    5s] C_Android_arm32 Library/Bee/artifacts/Android/x6ly2/83ck8poxksrh.o
[203/497    5s] C_Android_arm64 Library/Bee/artifacts/Android/87lik/tywxv1qemwzb.o
[204/497    5s] C_Android_arm32 Library/Bee/artifacts/Android/x6ly2/xmjhb1anu1p3.o
[205/497    5s] C_Android_arm32 Library/Bee/artifacts/Android/x6ly2/qldnosnim39k.o
[206/497    5s] C_Android_arm32 Library/Bee/artifacts/Android/x6ly2/ed9jibbo248d.o
[207/497    5s] C_Android_arm32 Library/Bee/artifacts/Android/x6ly2/4bhgn9rb9ph0.o
[208/497    5s] C_Android_arm64 Library/Bee/artifacts/Android/87lik/rpzoagkxx4kr.o
[209/497    1s] C_Android_arm64 Library/Bee/artifacts/Android/87lik/im0vkiktoicc.o
[210/497    6s] C_Android_arm64 Library/Bee/artifacts/Android/87lik/ark56k6fgywr.o
[211/497    5s] C_Android_arm64 Library/Bee/artifacts/Android/87lik/5uxv2tlo4ui6.o
[212/497    0s] C_Android_arm64 Library/Bee/artifacts/Android/87lik/x6jgugu7c8zk.o
[213/497    6s] C_Android_arm32 Library/Bee/artifacts/Android/x6ly2/n224mkpeqntq.o
[214/497    6s] C_Android_arm32 Library/Bee/artifacts/Android/x6ly2/3uoi45ipz0tq.o
[215/497    6s] C_Android_arm32 Library/Bee/artifacts/Android/x6ly2/1s6xl1t7ca15.o
[216/497    6s] C_Android_arm32 Library/Bee/artifacts/Android/x6ly2/s7obitgfofy5.o
[217/497    5s] C_Android_arm64 Library/Bee/artifacts/Android/87lik/o6o687lt1o4w.o
[218/497    6s] C_Android_arm32 Library/Bee/artifacts/Android/x6ly2/bvl7fxhreh44.o
[219/497    5s] C_Android_arm32 Library/Bee/artifacts/Android/x6ly2/1n1puc415jrp.o
[220/497    6s] C_Android_arm32 Library/Bee/artifacts/Android/x6ly2/h0mpwjkg6qr5.o
[221/497    6s] C_Android_arm32 Library/Bee/artifacts/Android/x6ly2/ehc7ubmcabbb.o
[222/497    0s] C_Android_arm64 Library/Bee/artifacts/Android/87lik/evs5n2t2feeu.o
[223/497    6s] C_Android_arm64 Library/Bee/artifacts/Android/87lik/jmvr87wz4hl6.o
[224/497    7s] C_Android_arm32 Library/Bee/artifacts/Android/x6ly2/f99m707ck0yz.o
[225/497    7s] C_Android_arm32 Library/Bee/artifacts/Android/x6ly2/ihfnfnt2fgff.o
[226/497    0s] C_Android_arm64 Library/Bee/artifacts/Android/87lik/b2pkrs5jez9s.o
[227/497    0s] C_Android_arm64 Library/Bee/artifacts/Android/87lik/mkwr3ark2xi0.o
[228/497    1s] C_Android_arm32 Library/Bee/artifacts/Android/x6ly2/07adqx9wvebz.o
[229/497    1s] C_Android_arm32 Library/Bee/artifacts/Android/x6ly2/k0ae3ly97eqd.o
[230/497    1s] C_Android_arm32 Library/Bee/artifacts/Android/x6ly2/5x3v037bz4vi.o
[231/497    1s] C_Android_arm32 Library/Bee/artifacts/Android/x6ly2/hwj2jj9rykp8.o
[232/497    2s] C_Android_arm64 Library/Bee/artifacts/Android/87lik/y3nl5gtzohcf.o
[233/497    1s] C_Android_arm64 Library/Bee/artifacts/Android/87lik/4r2ukhisa61n.o
[234/497    1s] C_Android_arm64 Library/Bee/artifacts/Android/87lik/48zbblli65pm.o
[235/497    7s] C_Android_arm64 Library/Bee/artifacts/Android/87lik/5af5d8x8aaf3.o
[236/497    1s] C_Android_arm32 Library/Bee/artifacts/Android/x6ly2/vqztj1ejkve0.o
[237/497    1s] C_Android_arm32 Library/Bee/artifacts/Android/x6ly2/ftw7udfuz86y.o
[238/497    7s] C_Android_arm32 Library/Bee/artifacts/Android/x6ly2/l4luuv2a8po0.o
[239/497    1s] C_Android_arm64 Library/Bee/artifacts/Android/87lik/83wyhdewdbu6.o
[240/497    1s] C_Android_arm64 Library/Bee/artifacts/Android/87lik/uyyrpzc56kwr.o
[241/497    7s] C_Android_arm32 Library/Bee/artifacts/Android/x6ly2/campt5gq3sq4.o
[242/497    8s] C_Android_arm32 Library/Bee/artifacts/Android/x6ly2/0be02xkl3kdw.o
[243/497    2s] C_Android_arm64 Library/Bee/artifacts/Android/87lik/qpupq9jmwu7d.o
[244/497    0s] C_Android_arm64 Library/Bee/artifacts/Android/87lik/uwx4jbtvgh5s.o
[245/497    1s] C_Android_arm64 Library/Bee/artifacts/Android/87lik/0puyvosb9ngf.o
[246/497    2s] C_Android_arm64 Library/Bee/artifacts/Android/87lik/rfo9nre1a5fx.o
[247/497    2s] C_Android_arm64 Library/Bee/artifacts/Android/87lik/ld8txq92q8dc.o
[248/497    1s] C_Android_arm32 Library/Bee/artifacts/Android/x6ly2/4pr345yujbgi.o
[249/497    1s] C_Android_arm32 Library/Bee/artifacts/Android/x6ly2/6d67our1792y.o
[250/497    1s] C_Android_arm64 Library/Bee/artifacts/Android/87lik/9ap01axyjmip.o
[251/497    2s] C_Android_arm64 Library/Bee/artifacts/Android/87lik/iuxbwibzusxh.o
[252/497    2s] C_Android_arm32 Library/Bee/artifacts/Android/x6ly2/9qb7rxim7caa.o
[253/497    2s] C_Android_arm64 Library/Bee/artifacts/Android/87lik/8fa9o18g3t1r.o
[254/497    1s] C_Android_arm64 Library/Bee/artifacts/Android/87lik/j6hcwk4gkqt5.o
[255/497    5s] UnityLinker C:/Users/josef/AppData/Local/Temp/opencode_p1s05/s05/viewer_unity/Library/Bee/artifacts/unitylinker_xy1a.traceevents
C:\Program Files\Unity\Hub\Editor\6000.5.10f1\Editor\Data\il2cpp\build\deploy\UnityLinker.exe @Library\Bee\artifacts\rsp\2035901535341824891.rsp
[256/497    0s] C_Android_arm64 Library/Bee/artifacts/Android/87lik/w3k43yxw88eb.o
[257/497    3s] C_Android_arm64 Library/Bee/artifacts/Android/87lik/4oz43497n2z2.o
[258/497    2s] C_Android_arm64 Library/Bee/artifacts/Android/87lik/zfqjcy4cyklf.o
[259/497    1s] C_Android_arm32 Library/Bee/artifacts/Android/x6ly2/bleh09vtgsgu.o
[260/497    2s] C_Android_arm32 Library/Bee/artifacts/Android/x6ly2/s9m6tvvojyu3.o
[261/497    9s] C_Android_arm32 Library/Bee/artifacts/Android/x6ly2/smaenpn3g18p.o
[262/497    2s] C_Android_arm64 Library/Bee/artifacts/Android/87lik/8o2koghyt736.o
[263/497    0s] C_Android_arm64 Library/Bee/artifacts/Android/dqdht/n07txkecebdg.o
[264/497    2s] C_Android_arm64 Library/Bee/artifacts/Android/87lik/z3kyk8354c16.o
[265/497    1s] C_Android_arm64 Library/Bee/artifacts/Android/87lik/iquoji0anmvk.o
[266/497    0s] C_Android_arm64 Library/Bee/artifacts/Android/zz99l/gn5oqd480gw4.o
[267/497    2s] C_Android_arm32 Library/Bee/artifacts/Android/x6ly2/puvt0149cmuk.o
[268/497    2s] C_Android_arm64 Library/Bee/artifacts/Android/87lik/t7gy18twx3gr.o
[269/497    1s] C_Android_arm64 Library/Bee/artifacts/Android/87lik/1z4lc8z9ejca.o
[270/497    1s] C_Android_arm32 Library/Bee/artifacts/Android/x6ly2/0ehqjat5pofh.o
[271/497    2s] C_Android_arm64 Library/Bee/artifacts/Android/87lik/50muvjtoq1dw.o
[272/497    0s] C_Android_arm32 Library/Bee/artifacts/Android/x6ly2/sqzz2r89nrs4.o
[273/497    2s] C_Android_arm64 Library/Bee/artifacts/Android/87lik/7cf5tmvn4te6.o
[274/497    1s] C_Android_arm32 Library/Bee/artifacts/Android/x6ly2/e9erjbv630p5.o
[275/497    2s] C_Android_arm64 Library/Bee/artifacts/Android/87lik/d4wbt478ruwg.o
[276/497    1s] C_Android_arm64 Library/Bee/artifacts/Android/87lik/arpcwhs2nsuu.o
[277/497    2s] C_Android_arm64 Library/Bee/artifacts/Android/87lik/wkagj0518wkc.o
[278/497    1s] C_Android_arm32 Library/Bee/artifacts/Android/x6ly2/0ve79dwvlo3f.o
[279/497    0s] C_Android_arm32 Library/Bee/artifacts/Android/x6ly2/y6iu1go5p9or.o
[280/497    2s] C_Android_arm64 Library/Bee/artifacts/Android/87lik/4t4msexj8dyb.o
[281/497    1s] C_Android_arm32 Library/Bee/artifacts/Android/x6ly2/ncek98uadnyk.o
[282/497    1s] C_Android_arm64 Library/Bee/artifacts/Android/87lik/odwi4snwswck.o
[283/497    1s] C_Android_arm64 Library/Bee/artifacts/Android/87lik/82c85coh4s2o.o
[284/497    2s] C_Android_arm64 Library/Bee/artifacts/Android/87lik/jbq9emkl4hlr.o
[285/497    0s] C_Android_arm64 Library/Bee/artifacts/Android/zz99l/u2wz44t7i089.o
[286/497    0s] C_Android_arm32 Library/Bee/artifacts/Android/4qqi9/u2wz44t7i089.o
[287/497    1s] C_Android_arm64 Library/Bee/artifacts/Android/87lik/o9j1gwqjt0n1.o
[288/497    1s] C_Android_arm64 Library/Bee/artifacts/Android/87lik/4kwhr4yjgwx5.o
[289/497   11s] C_Android_arm32 Library/Bee/artifacts/Android/x6ly2/by1ot3n8dvug.o
[290/497    1s] C_Android_arm64 Library/Bee/artifacts/Android/87lik/fyzl1glg1920.o
[291/497    2s] C_Android_arm32 Library/Bee/artifacts/Android/x6ly2/24pdu8w0crq3.o
[292/497    3s] C_Android_arm32 Library/Bee/artifacts/Android/x6ly2/mblbzt65g6dq.o
[293/497    3s] C_Android_arm64 Library/Bee/artifacts/Android/87lik/gn7tuc6coadb.o
[294/497    0s] C_Android_arm32 Library/Bee/artifacts/Android/x6ly2/k67d0hrph991.o
[295/497    1s] C_Android_arm32 Library/Bee/artifacts/Android/x6ly2/plbtuu1r1ed5.o
[296/497    2s] C_Android_arm32 Library/Bee/artifacts/Android/x6ly2/1hcr1mw1jdwz.o
[297/497    0s] C_Android_arm32 Library/Bee/artifacts/Android/x6ly2/gugbfr82b9nq.o
[298/497    2s] C_Android_arm32 Library/Bee/artifacts/Android/x6ly2/uq2g493c4zp8.o
[299/497    0s] C_Android_arm32 Library/Bee/artifacts/Android/x6ly2/gf12dis54gn4.o
[300/497    2s] C_Android_arm32 Library/Bee/artifacts/Android/x6ly2/kt3170w6g7hq.o
[301/497    1s] C_Android_arm64 Library/Bee/artifacts/Android/87lik/arrcq1gosrp5.o
[302/497    0s] C_Android_arm32 Library/Bee/artifacts/Android/x6ly2/r1hydxnczlxt.o
[303/497    0s] C_Android_arm64 Library/Bee/artifacts/Android/zz99l/whymu1nm8k1a.o
[304/497    2s] C_Android_arm64 Library/Bee/artifacts/Android/87lik/pdbai2gtwdig.o
[305/497    0s] C_Android_arm32 Library/Bee/artifacts/Android/x6ly2/n0dn3zjwtyzy.o
[306/497    0s] C_Android_arm32 Library/Bee/artifacts/Android/x6ly2/2t53f7xhti60.o
[307/497    1s] C_Android_arm64 Library/Bee/artifacts/Android/87lik/l946kqyej2bf.o
[308/497    0s] C_Android_arm32 Library/Bee/artifacts/Android/x6ly2/e09hlk2yrtg5.o
[309/497    0s] C_Android_arm32 Library/Bee/artifacts/Android/x6ly2/v3kjjq1u8nz2.o
[310/497    3s] C_Android_arm64 Library/Bee/artifacts/Android/87lik/qo6f00vs1n0w.o
[311/497    0s] C_Android_arm32 Library/Bee/artifacts/Android/x6ly2/00e44e31ce9y.o
[312/497    0s] C_Android_arm32 Library/Bee/artifacts/Android/x6ly2/8kpod9s888g2.o
[313/497    0s] C_Android_arm32 Library/Bee/artifacts/Android/x6ly2/szcw7chftv1g.o
[314/497    0s] C_Android_arm32 Library/Bee/artifacts/Android/x6ly2/q52psq6xdloz.o
[315/497    1s] C_Android_arm32 Library/Bee/artifacts/Android/x6ly2/0gjir77wnwb5.o
[316/497    0s] C_Android_arm32 Library/Bee/artifacts/Android/x6ly2/gixw32sc8jic.o
[317/497    0s] C_Android_arm32 Library/Bee/artifacts/Android/x6ly2/ejlu5d65lfo1.o
[318/497    2s] C_Android_arm64 Library/Bee/artifacts/Android/87lik/wm8av2kb4fha.o
[319/497    5s] C_Android_arm64 Library/Bee/artifacts/Android/87lik/wzviowcq1ivw.o
[320/497    2s] C_Android_arm64 Library/Bee/artifacts/Android/87lik/mu0rguip0x1l.o
[321/497    0s] C_Android_arm32 Library/Bee/artifacts/Android/x6ly2/b9jp3dbl8atg.o
[322/497    0s] C_Android_arm32 Library/Bee/artifacts/Android/x6ly2/x45yvrn2ennf.o
[323/497    0s] C_Android_arm32 Library/Bee/artifacts/Android/x6ly2/pu02tntpkukt.o
[324/497    0s] C_Android_arm32 Library/Bee/artifacts/Android/x6ly2/9k61b377j6zt.o
[325/497    0s] C_Android_arm32 Library/Bee/artifacts/Android/x6ly2/6bhqyjd1gb1o.o
[326/497    0s] C_Android_arm32 Library/Bee/artifacts/Android/x6ly2/cahl6bc2gme1.o
[327/497    0s] C_Android_arm32 Library/Bee/artifacts/Android/x6ly2/8ur87znbnmrh.o
[328/497    3s] C_Android_arm32 Library/Bee/artifacts/Android/x6ly2/1xt0c18lqssw.o
[329/497    0s] C_Android_arm32 Library/Bee/artifacts/Android/x6ly2/ed49usgr8usw.o
[330/497    0s] C_Android_arm32 Library/Bee/artifacts/Android/x6ly2/fo7ok1g5od0s.o
[331/497    0s] C_Android_arm32 Library/Bee/artifacts/Android/x6ly2/7a28oizylpbr.o
[332/497    0s] C_Android_arm32 Library/Bee/artifacts/Android/x6ly2/quk392eae7gz.o
[333/497    1s] C_Android_arm64 Library/Bee/artifacts/Android/87lik/t56d3idf8fsx.o
[334/497    0s] C_Android_arm32 Library/Bee/artifacts/Android/x6ly2/jveqq929xras.o
[335/497    1s] C_Android_arm32 Library/Bee/artifacts/Android/x6ly2/5mi9kttt63ft.o
[336/497   13s] C_Android_arm32 Library/Bee/artifacts/Android/x6ly2/9w9i7lfxrwqf.o
[337/497    1s] C_Android_arm32 Library/Bee/artifacts/Android/x6ly2/89swfbb71krm.o
[338/497    1s] C_Android_arm32 Library/Bee/artifacts/Android/x6ly2/d9ui7lh3vuxq.o
[339/497    1s] C_Android_arm32 Library/Bee/artifacts/Android/x6ly2/ojsngmpapwel.o
[340/497    2s] C_Android_arm32 Library/Bee/artifacts/Android/x6ly2/42o4nujuicfl.o
[341/497    2s] C_Android_arm32 Library/Bee/artifacts/Android/x6ly2/6dz05dhtvgal.o
[342/497    2s] C_Android_arm32 Library/Bee/artifacts/Android/x6ly2/fy44dfvyj0yk.o
[343/497    0s] C_Android_arm32 Library/Bee/artifacts/Android/x6ly2/ygp55xwhp2ab.o
[344/497    0s] C_Android_arm32 Library/Bee/artifacts/Android/x6ly2/5wqt3jea6kuc.o
[345/497    1s] C_Android_arm64 Library/Bee/artifacts/Android/87lik/chyo9wdk59do.o
[346/497    0s] C_Android_arm32 Library/Bee/artifacts/Android/x6ly2/21ux1j318503.o
[347/497    2s] C_Android_arm32 Library/Bee/artifacts/Android/x6ly2/3zt0sf60jcsz.o
[348/497    1s] C_Android_arm32 Library/Bee/artifacts/Android/x6ly2/dha3o078usy8.o
[349/497    0s] C_Android_arm32 Library/Bee/artifacts/Android/4qqi9/jagx42qgh9g7.o
[350/497    0s] C_Android_arm32 Library/Bee/artifacts/Android/4qqi9/5pdmnljo4kow.o
[351/497    2s] C_Android_arm64 Library/Bee/artifacts/Android/87lik/779m5c8bkigx.o
[352/497    0s] C_Android_arm32 Library/Bee/artifacts/Android/4qqi9/ddgfr57kphfl.o
[353/497    0s] C_Android_arm32 Library/Bee/artifacts/Android/4qqi9/qd02bc4nrqas.o
[354/497    0s] C_Android_arm32 Library/Bee/artifacts/Android/4qqi9/px9798hfxw7o.o
[355/497    0s] C_Android_arm32 Library/Bee/artifacts/Android/4qqi9/abpkej2dxngs.o
[356/497    0s] C_Android_arm32 Library/Bee/artifacts/Android/4qqi9/eqk53qrhkds1.o
[357/497    7s] C_Android_arm64 Library/Bee/artifacts/Android/87lik/fbntuadvychn.o
[358/497    0s] C_Android_arm32 Library/Bee/artifacts/Android/4qqi9/jw9vkh5fz9re.o
[359/497    0s] C_Android_arm32 Library/Bee/artifacts/Android/4qqi9/mk91fqaw4vly.o
[360/497    2s] C_Android_arm32 Library/Bee/artifacts/Android/ihupg/28kii5ceg8ct.o
[361/497    0s] C_Android_arm32 Library/Bee/artifacts/Android/4qqi9/hmx0o1rlgvxi.o
[362/497    1s] C_Android_arm32 Library/Bee/artifacts/Android/x6ly2/9o4sqw2r3w3i.o
[363/497    0s] C_Android_arm32 Library/Bee/artifacts/Android/ihupg/n07txkecebdg.o
[364/497    0s] C_Android_arm64 Library/Bee/artifacts/Android/87lik/k67d0hrph991.o
[365/497    1s] C_Android_arm32 Library/Bee/artifacts/Android/x6ly2/hbhixkek1qj3.o
[366/497    1s] C_Android_arm32 Library/Bee/artifacts/Android/x6ly2/4hyehiw9g7wa.o
[367/497    0s] C_Android_arm32 Library/Bee/artifacts/Android/4qqi9/whymu1nm8k1a.o
[368/497    0s] C_Android_arm64 Library/Bee/artifacts/Android/87lik/gf12dis54gn4.o
[369/497    0s] C_Android_arm64 Library/Bee/artifacts/Android/87lik/gugbfr82b9nq.o
[370/497    1s] C_Android_arm32 Library/Bee/artifacts/Android/x6ly2/horupyp7m246.o
[371/497    0s] C_Android_arm32 Library/Bee/artifacts/Android/4qqi9/wete2p9cl6jb.o
[372/497    2s] C_Android_arm64 Library/Bee/artifacts/Android/dqdht/28kii5ceg8ct.o
[373/497    1s] C_Android_arm32 Library/Bee/artifacts/Android/x6ly2/md052ajfn4ht.o
[374/497    1s] C_Android_arm32 Library/Bee/artifacts/Android/x6ly2/ubrc9hlhxl5j.o
[375/497    0s] C_Android_arm64 Library/Bee/artifacts/Android/87lik/r1hydxnczlxt.o
[376/497    0s] C_Android_arm32 Library/Bee/artifacts/Android/4qqi9/gn5oqd480gw4.o
[377/497    1s] C_Android_arm32 Library/Bee/artifacts/Android/x6ly2/m54akllvfgft.o
[378/497    1s] C_Android_arm32 Library/Bee/artifacts/Android/x6ly2/vxa2hhqe4szb.o
[379/497    1s] C_Android_arm32 Library/Bee/artifacts/Android/x6ly2/arpcwhs2nsuu.o
[380/497    0s] C_Android_arm64 Library/Bee/artifacts/Android/87lik/y6iu1go5p9or.o
[381/497    1s] C_Android_arm32 Library/Bee/artifacts/Android/x6ly2/wfokjj1vohfx.o
[382/497    0s] C_Android_arm64 Library/Bee/artifacts/Android/87lik/8kpod9s888g2.o
[383/497    0s] C_Android_arm64 Library/Bee/artifacts/Android/87lik/n0dn3zjwtyzy.o
[384/497    0s] C_Android_arm64 Library/Bee/artifacts/Android/87lik/b9jp3dbl8atg.o
[385/497    0s] C_Android_arm64 Library/Bee/artifacts/Android/87lik/szcw7chftv1g.o
[386/497    0s] C_Android_arm64 Library/Bee/artifacts/Android/87lik/q52psq6xdloz.o
[387/497    0s] C_Android_arm64 Library/Bee/artifacts/Android/87lik/pu02tntpkukt.o
[388/497    1s] C_Android_arm32 Library/Bee/artifacts/Android/x6ly2/16gf4m302vtm.o
[389/497    0s] C_Android_arm64 Library/Bee/artifacts/Android/87lik/e09hlk2yrtg5.o
[390/497    0s] C_Android_arm64 Library/Bee/artifacts/Android/87lik/2t53f7xhti60.o
[391/497    1s] C_Android_arm32 Library/Bee/artifacts/Android/x6ly2/vl9gck5bshpm.o
[392/497    0s] C_Android_arm64 Library/Bee/artifacts/Android/87lik/gixw32sc8jic.o
[393/497    0s] C_Android_arm64 Library/Bee/artifacts/Android/87lik/00e44e31ce9y.o
[394/497    0s] C_Android_arm64 Library/Bee/artifacts/Android/87lik/x45yvrn2ennf.o
[395/497    0s] C_Android_arm64 Library/Bee/artifacts/Android/87lik/cahl6bc2gme1.o
[396/497    0s] C_Android_arm64 Library/Bee/artifacts/Android/87lik/ed49usgr8usw.o
[397/497    1s] C_Android_arm32 Library/Bee/artifacts/Android/x6ly2/g4sefhlh0gl2.o
[398/497    0s] C_Android_arm64 Library/Bee/artifacts/Android/87lik/6bhqyjd1gb1o.o
[399/497    0s] C_Android_arm64 Library/Bee/artifacts/Android/87lik/v3kjjq1u8nz2.o
[400/497    0s] C_Android_arm64 Library/Bee/artifacts/Android/87lik/8ur87znbnmrh.o
[401/497    0s] C_Android_arm64 Library/Bee/artifacts/Android/87lik/ejlu5d65lfo1.o
[402/497    0s] C_Android_arm64 Library/Bee/artifacts/Android/87lik/fo7ok1g5od0s.o
[403/497    0s] C_Android_arm64 Library/Bee/artifacts/Android/87lik/9k61b377j6zt.o
[404/497    8s] C_Android_arm64 Library/Bee/artifacts/Android/87lik/davn8s4jcedm.o
[405/497    0s] C_Android_arm64 Library/Bee/artifacts/Android/87lik/ygp55xwhp2ab.o
[406/497    0s] C_Android_arm64 Library/Bee/artifacts/Android/87lik/5wqt3jea6kuc.o
[407/497    2s] C_Android_arm32 Library/Bee/artifacts/Android/x6ly2/3055gc4q55rj.o
[408/497    0s] C_Android_arm64 Library/Bee/artifacts/Android/87lik/21ux1j318503.o
[409/497    2s] C_Android_arm32 Library/Bee/artifacts/Android/x6ly2/hvgfuebqudf1.o
[410/497    1s] C_Android_arm32 Library/Bee/artifacts/Android/x6ly2/g2p93jf29qa2.o
[411/497    0s] C_Android_arm64 Library/Bee/artifacts/Android/87lik/quk392eae7gz.o
[412/497    0s] C_Android_arm64 Library/Bee/artifacts/Android/87lik/7a28oizylpbr.o
[413/497    1s] C_Android_arm32 Library/Bee/artifacts/Android/x6ly2/o9j1gwqjt0n1.o
[414/497    0s] C_Android_arm64 Library/Bee/artifacts/Android/zz99l/jagx42qgh9g7.o
[415/497    0s] C_Android_arm64 Library/Bee/artifacts/Android/zz99l/5pdmnljo4kow.o
[416/497    0s] C_Android_arm64 Library/Bee/artifacts/Android/87lik/jveqq929xras.o
[417/497    1s] C_Android_arm32 Library/Bee/artifacts/Android/x6ly2/zcjnp77h89t9.o
[418/497    1s] C_Android_arm32 Library/Bee/artifacts/Android/x6ly2/zpz1t9weqijs.o
[419/497    0s] C_Android_arm64 Library/Bee/artifacts/Android/zz99l/ddgfr57kphfl.o
[420/497    3s] C_Android_arm64 Library/Bee/artifacts/Android/87lik/ph7yv2rxs7a7.o
[421/497    0s] C_Android_arm64 Library/Bee/artifacts/Android/zz99l/qd02bc4nrqas.o
[422/497    0s] C_Android_arm64 Library/Bee/artifacts/Android/zz99l/abpkej2dxngs.o
[423/497    1s] C_Android_arm64 Library/Bee/artifacts/Android/87lik/5mi9kttt63ft.o
[424/497    1s] C_Android_arm64 Library/Bee/artifacts/Android/87lik/89swfbb71krm.o
[425/497    0s] C_Android_arm64 Library/Bee/artifacts/Android/zz99l/mk91fqaw4vly.o
[426/497    0s] C_Android_arm64 Library/Bee/artifacts/Android/zz99l/px9798hfxw7o.o
[427/497    0s] C_Android_arm64 Library/Bee/artifacts/Android/zz99l/eqk53qrhkds1.o
[428/497    0s] C_Android_arm64 Library/Bee/artifacts/Android/zz99l/jw9vkh5fz9re.o
[429/497    1s] C_Android_arm64 Library/Bee/artifacts/Android/87lik/d9ui7lh3vuxq.o
[430/497    0s] C_Android_arm64 Library/Bee/artifacts/Android/zz99l/hmx0o1rlgvxi.o
[431/497    1s] C_Android_arm64 Library/Bee/artifacts/Android/87lik/dha3o078usy8.o
[432/497    1s] C_Android_arm64 Library/Bee/artifacts/Android/87lik/ojsngmpapwel.o
[433/497    1s] C_Android_arm64 Library/Bee/artifacts/Android/87lik/4hyehiw9g7wa.o
[434/497    0s] C_Android_arm64 Library/Bee/artifacts/Android/zz99l/wete2p9cl6jb.o
[435/497    1s] C_Android_arm64 Library/Bee/artifacts/Android/87lik/wfokjj1vohfx.o
[436/497    1s] C_Android_arm64 Library/Bee/artifacts/Android/87lik/9o4sqw2r3w3i.o
[437/497    1s] C_Android_arm64 Library/Bee/artifacts/Android/87lik/horupyp7m246.o
[438/497    0s] Lib_Android_arm32 Library/Bee/artifacts/Android/x6ly2/il2cpp.a
[439/497    1s] C_Android_arm64 Library/Bee/artifacts/Android/87lik/md052ajfn4ht.o
[440/497    1s] C_Android_arm64 Library/Bee/artifacts/Android/87lik/vl9gck5bshpm.o
[441/497    1s] C_Android_arm64 Library/Bee/artifacts/Android/87lik/hbhixkek1qj3.o
[442/497    0s] C_Android_arm64 Library/Bee/artifacts/Android/87lik/ubrc9hlhxl5j.o
[443/497    0s] C_Android_arm64 Library/Bee/artifacts/Android/87lik/m54akllvfgft.o
[444/497    0s] C_Android_arm64 Library/Bee/artifacts/Android/87lik/vxa2hhqe4szb.o
[445/497    1s] C_Android_arm64 Library/Bee/artifacts/Android/87lik/16gf4m302vtm.o
[           0s] ComputeLeafInputSignature Lib_Android_arm32 Library/Bee/artifacts/Android/x6ly2/il2cpp.a [success 8027d2171e739d87afec6887bbb9911a]
[           0s] Lib_Android_arm32 Library/Bee/artifacts/Android/x6ly2/il2cpp.a [CacheWrite 8027d2171e739d87afec6887bbb9911a00000000000000000000000000000006]
[446/497    1s] C_Android_arm64 Library/Bee/artifacts/Android/87lik/g4sefhlh0gl2.o
[447/497    1s] C_Android_arm64 Library/Bee/artifacts/Android/87lik/zcjnp77h89t9.o
[448/497    1s] C_Android_arm64 Library/Bee/artifacts/Android/87lik/zpz1t9weqijs.o
[449/497    1s] C_Android_arm64 Library/Bee/artifacts/Android/87lik/g2p93jf29qa2.o
[450/497    1s] C_Android_arm64 Library/Bee/artifacts/Android/87lik/hvgfuebqudf1.o
[451/497    2s] C_Android_arm64 Library/Bee/artifacts/Android/87lik/3055gc4q55rj.o
[452/497    0s] Lib_Android_arm64 Library/Bee/artifacts/Android/87lik/il2cpp.a
[           0s] ComputeLeafInputSignature Lib_Android_arm64 Library/Bee/artifacts/Android/87lik/il2cpp.a [success cc947a3a2175b2c9205e2e0a299160bc]
[           0s] Lib_Android_arm64 Library/Bee/artifacts/Android/87lik/il2cpp.a [CacheWrite cc947a3a2175b2c9205e2e0a299160bc00000000000000000000000000000006]
*** Tundra requires additional run (21.78 seconds), 452 items updated, 497 evaluated
*** Additional run caused by: contents change of Library/Bee/artifacts/Android/ManagedStripped
Starting: C:\Program Files\Unity\Hub\Editor\6000.5.10f1\Editor\Data\netcorerun\netcorerun.exe "C:\Program Files\Unity\Hub\Editor\6000.5.10f1\Editor\Data\PlaybackEngines\AndroidPlayer\AndroidPlayerBuildProgram.exe" "C:/Program Files/Unity/Hub/Editor/6000.5.10f1/Editor/Data/PlaybackEngines/AndroidPlayer/Bee;C:/Program Files/Unity/Hub/Editor/6000.5.10f1/Editor/Data/Tools/BuildPipeline" "Library/Bee/Playerae43eee6.dag.json" "Library/Bee/Playerae43eee6-inputdata.json" "Library\Bee\buildprogram1.traceevents"
WorkingDir: C:/Users/josef/AppData/Local/Temp/opencode_p1s05/s05/viewer_unity
ExitCode: 4 Duration: 21s
ExitCode: 0 Duration: 0s477ms
Starting: C:\Program Files\Unity\Hub\Editor\6000.5.10f1\Editor\Data\Tools\BuildPipeline\bee_backend.exe --ipc --dagfile="Library/Bee/Playerae43eee6.dag" --dagfilejson="Library\Bee\Playerae43eee6.dag.json" --profile="Library/Bee/backend3.traceevents" Player
WorkingDir: C:/Users/josef/AppData/Local/Temp/opencode_p1s05/s05/viewer_unity
Finished compiling graph: 567 nodes, 1233 flattened edges (1229 ToBuild, 4 ToUse), maximum node priority 73
[           0s] Delete 1 artifact files that are no longer in use. (like Library\Bee\artifacts\csharpactions\dummy-FeaturesChecked.txt_emel.info)
[ 22/183    0s] WriteText Library/Bee/artifacts/csharpactions/UnityEngine.AudioModule-FeaturesChecked.txt_tbfa.info
[ 26/183    0s] WriteText Library/Bee/artifacts/csharpactions/UnityEngine.TextCoreTextEngineModule-FeaturesChecked.txt_el85.info
[ 68/183    0s] CopyFiles C:/Users/josef/AppData/Local/Temp/opencode_p1s05/s05/viewer_unity/Library/Bee/Android/Prj/IL2CPP/Gradle/unityLibrary/src/main/assets/bin/Data/level0
[ 69/183    0s] CopyFiles C:/Users/josef/AppData/Local/Temp/opencode_p1s05/s05/viewer_unity/Library/Bee/Android/Prj/IL2CPP/Gradle/unityLibrary/src/main/assets/bin/Data/sharedassets0.assets
[ 70/183    0s] CopyFiles C:/Users/josef/AppData/Local/Temp/opencode_p1s05/s05/viewer_unity/Library/Bee/Android/Prj/IL2CPP/Gradle/unityLibrary/src/main/assets/bin/Data/globalgamemanagers.assets.split0
[ 71/183    0s] CopyFiles C:/Users/josef/AppData/Local/Temp/opencode_p1s05/s05/viewer_unity/Library/Bee/Android/Prj/IL2CPP/Gradle/unityLibrary/src/main/assets/bin/Data/globalgamemanagers.assets.split2
[ 72/183    0s] WriteText Library/Bee/artifacts/csharpactions/UnityEngine.AndroidJNIModule-FeaturesChecked.txt_x3ln.info
[ 73/183    0s] CopyFiles C:/Users/josef/AppData/Local/Temp/opencode_p1s05/s05/viewer_unity/Library/Bee/Android/Prj/IL2CPP/Gradle/unityLibrary/src/main/assets/bin/Data/globalgamemanagers.assets.split1
[ 74/183    0s] WriteText Library/Bee/artifacts/csharpactions/UnityEngine.ContentLoadModule-FeaturesChecked.txt_23ys.info
[ 75/183    0s] WriteText Library/Bee/artifacts/csharpactions/UnityEngine.TextCoreFontEngineModule-FeaturesChecked.txt_4rfo.info
[ 76/183    0s] CopyFiles C:/Users/josef/AppData/Local/Temp/opencode_p1s05/s05/viewer_unity/Library/Bee/Android/Prj/IL2CPP/Il2CppBackup/Managed/UnityEngine.CoreModule.dll
[ 77/183    0s] CopyFiles C:/Users/josef/AppData/Local/Temp/opencode_p1s05/s05/viewer_unity/Library/Bee/Android/Prj/IL2CPP/Il2CppBackup/Managed/UnityEngine.IMGUIModule.dll
[ 78/183    0s] CopyFiles C:/Users/josef/AppData/Local/Temp/opencode_p1s05/s05/viewer_unity/Library/Bee/Android/Prj/IL2CPP/Il2CppBackup/Managed/UnityEngine.SharedInternalsModule.dll
[ 79/183    0s] WriteText Library/Bee/artifacts/csharpactions/UnityEngine.ScreenCaptureModule-FeaturesChecked.txt_dsz7.info
[ 80/183    0s] CopyFiles C:/Users/josef/AppData/Local/Temp/opencode_p1s05/s05/viewer_unity/Library/Bee/Android/Prj/IL2CPP/Il2CppBackup/Managed/UnityEngine.AudioModule.dll
[ 81/183    0s] CopyFiles C:/Users/josef/AppData/Local/Temp/opencode_p1s05/s05/viewer_unity/Library/Bee/Android/Prj/IL2CPP/Il2CppBackup/Managed/UnityEngine.InputLegacyModule.dll
[ 82/183    0s] CopyFiles C:/Users/josef/AppData/Local/Temp/opencode_p1s05/s05/viewer_unity/Library/Bee/Android/Prj/IL2CPP/Il2CppBackup/Managed/UnityEngine.TextCoreTextEngineModule.dll
[ 83/183    0s] WriteText Library/Bee/artifacts/csharpactions/UnityEngine.TextRenderingModule-FeaturesChecked.txt_ighi.info
[ 84/183    0s] CopyFiles C:/Users/josef/AppData/Local/Temp/opencode_p1s05/s05/viewer_unity/Library/Bee/Android/Prj/IL2CPP/Il2CppBackup/Managed/System.Configuration.dll
[ 85/183    0s] CopyFiles C:/Users/josef/AppData/Local/Temp/opencode_p1s05/s05/viewer_unity/Library/Bee/Android/Prj/IL2CPP/Il2CppBackup/Managed/UnityLinkerToEditorData.json
[ 86/183    0s] WriteText Library/Bee/artifacts/csharpactions/UnityEngine.ScriptingModule-FeaturesChecked.txt_ym60.info
[ 87/183    0s] WriteText Library/Bee/artifacts/csharpactions/UnityEngine.PhysicsModule-FeaturesChecked.txt_2l1t.info
[ 88/183    0s] WriteText Library/Bee/artifacts/csharpactions/UnityEngine.SharedInternalsModule-FeaturesChecked.txt_sm9d.info
[ 89/183    0s] CopyFiles C:/Users/josef/AppData/Local/Temp/opencode_p1s05/s05/viewer_unity/Library/Bee/Android/Prj/IL2CPP/Il2CppBackup/Managed/UnityEngine.AndroidJNIModule.dll
[ 90/183    0s] CopyFiles C:/Users/josef/AppData/Local/Temp/opencode_p1s05/s05/viewer_unity/Library/Bee/Android/Prj/IL2CPP/Il2CppBackup/Managed/Unity.Scripting.dll
[ 91/183    0s] CopyFiles C:/Users/josef/AppData/Local/Temp/opencode_p1s05/s05/viewer_unity/Library/Bee/Android/Prj/IL2CPP/Il2CppBackup/Managed/UnityEngine.TextCoreFontEngineModule.dll
[ 92/183    0s] CopyFiles C:/Users/josef/AppData/Local/Temp/opencode_p1s05/s05/viewer_unity/Library/Bee/Android/Prj/IL2CPP/Il2CppBackup/Managed/Assembly-CSharp.dll
[ 93/183    0s] CopyFiles C:/Users/josef/AppData/Local/Temp/opencode_p1s05/s05/viewer_unity/Library/Bee/Android/Prj/IL2CPP/Il2CppBackup/Managed/UnityEngine.ContentLoadModule.dll
[ 94/183    0s] CopyFiles C:/Users/josef/AppData/Local/Temp/opencode_p1s05/s05/viewer_unity/Library/Bee/Android/Prj/IL2CPP/Il2CppBackup/Managed/System.Xml.dll
[ 95/183    0s] CopyFiles C:/Users/josef/AppData/Local/Temp/opencode_p1s05/s05/viewer_unity/Library/Bee/Android/Prj/IL2CPP/Il2CppBackup/Managed/UnityEngine.PhysicsModule.dll
[ 96/183    0s] CopyFiles C:/Users/josef/AppData/Local/Temp/opencode_p1s05/s05/viewer_unity/Library/Bee/Android/Prj/IL2CPP/Il2CppBackup/Managed/analytics.json
[ 97/183    0s] WriteText Library/Bee/artifacts/csharpactions/UnityEngine.IMGUIModule-FeaturesChecked.txt_ufk2.info
[ 98/183    0s] WriteText Library/Bee/artifacts/csharpactions/Unity.Scripting-FeaturesChecked.txt_k2ts.info
[ 99/183    0s] CopyFiles C:/Users/josef/AppData/Local/Temp/opencode_p1s05/s05/viewer_unity/Library/Bee/Android/Prj/IL2CPP/Il2CppBackup/Managed/UnityEngine.TextRenderingModule.dll
[100/183    0s] CopyFiles C:/Users/josef/AppData/Local/Temp/opencode_p1s05/s05/viewer_unity/Library/Bee/Android/Prj/IL2CPP/Il2CppBackup/Managed/System.dll
[101/183    0s] WriteText Library/Bee/artifacts/csharpactions/UnityEngine.CoreModule-FeaturesChecked.txt_uimb.info
[102/183    0s] WriteText Library/Bee/artifacts/csharpactions/UnityEngine-FeaturesChecked.txt_x1ug.info
[103/183    0s] CopyFiles C:/Users/josef/AppData/Local/Temp/opencode_p1s05/s05/viewer_unity/Library/Bee/Android/Prj/IL2CPP/Il2CppBackup/Managed/UnityEngine.dll
[104/183    0s] CopyFiles C:/Users/josef/AppData/Local/Temp/opencode_p1s05/s05/viewer_unity/Library/Bee/Android/Prj/IL2CPP/Il2CppBackup/Managed/System.Core.dll
[105/183    0s] WriteText Library/Bee/artifacts/csharpactions/UnityEngine.InputLegacyModule-FeaturesChecked.txt_y5my.info
[106/183    0s] WriteText Library/Bee/artifacts/csharpactions/System.Xml-FeaturesChecked.txt_wnnz.info
[107/183    0s] WriteText Library/Bee/artifacts/csharpactions/System-FeaturesChecked.txt_v90b.info
[108/183    0s] WriteText Library/Bee/artifacts/csharpactions/System.Core-FeaturesChecked.txt_k2yd.info
[109/183    0s] CopyFiles C:/Users/josef/AppData/Local/Temp/opencode_p1s05/s05/viewer_unity/Library/Bee/Android/Prj/IL2CPP/Il2CppBackup/Managed/UnityEngine.ScreenCaptureModule.dll
[110/183    0s] CopyFiles C:/Users/josef/AppData/Local/Temp/opencode_p1s05/s05/viewer_unity/Library/Bee/Android/Prj/IL2CPP/Il2CppBackup/Managed/UnityEngine.ScriptingModule.dll
[111/183    0s] CopyFiles C:/Users/josef/AppData/Local/Temp/opencode_p1s05/s05/viewer_unity/Library/Bee/Android/Prj/IL2CPP/Il2CppBackup/Managed/Mono.Security.dll
[112/183    0s] CopyFiles C:/Users/josef/AppData/Local/Temp/opencode_p1s05/s05/viewer_unity/Library/Bee/Android/Prj/IL2CPP/Il2CppBackup/Managed/mscorlib.dll
[113/183    0s] WriteText Library/Bee/artifacts/csharpactions/mscorlib-FeaturesChecked.txt_pwj8.info
[114/183    0s] WriteText Library/Bee/artifacts/csharpactions/unity_app_guid_7t7t.info
[115/183    0s] WriteText Library/Bee/artifacts/csharpactions/Assembly-CSharp-FeaturesChecked.txt_ki5r.info
[116/183    0s] WriteText Library/Bee/artifacts/csharpactions/IntermediateLauncherManifestDiag.txt_4oyd.info
[117/183    0s] WriteText Library/Bee/artifacts/csharpactions/Mono.Security-FeaturesChecked.txt_pcel.info
[118/183    0s] WriteText Library/Bee/artifacts/csharpactions/System.Configuration-FeaturesChecked.txt_vfp9.info
[           0s] ComputeLeafInputSignature Lib_Android_arm32 Library/Bee/artifacts/Android/x6ly2/il2cpp.a [success 8027d2171e739d87afec6887bbb9911a]
[           0s] ComputeLeafInputSignature Lib_Android_arm64 Library/Bee/artifacts/Android/87lik/il2cpp.a [success cc947a3a2175b2c9205e2e0a299160bc]
[121/183    0s] GuidGenerator C:/Users/josef/AppData/Local/Temp/opencode_p1s05/s05/viewer_unity/Library/Bee/Android/Prj/IL2CPP/Gradle/unityLibrary/src/main/assets/bin/Data/unity_app_guid
[122/183    0s] ExtractUsedFeatures Library/Bee/artifacts/Android/Features/UnityEngine.ScreenCaptureModule-FeaturesChecked.txt
[123/183    0s] ExtractUsedFeatures Library/Bee/artifacts/Android/Features/UnityEngine.ContentLoadModule-FeaturesChecked.txt
[124/183    0s] ExtractUsedFeatures Library/Bee/artifacts/Android/Features/UnityEngine.TextCoreTextEngineModule-FeaturesChecked.txt
[125/183    0s] ExtractUsedFeatures Library/Bee/artifacts/Android/Features/UnityEngine.CoreModule-FeaturesChecked.txt
[126/183    0s] ExtractUsedFeatures Library/Bee/artifacts/Android/Features/UnityEngine.ScriptingModule-FeaturesChecked.txt
[127/183    0s] ExtractUsedFeatures Library/Bee/artifacts/Android/Features/UnityEngine.AndroidJNIModule-FeaturesChecked.txt
[128/183    0s] ExtractUsedFeatures Library/Bee/artifacts/Android/Features/UnityEngine-FeaturesChecked.txt
[129/183    0s] ExtractUsedFeatures Library/Bee/artifacts/Android/Features/UnityEngine.PhysicsModule-FeaturesChecked.txt
[130/183    0s] ExtractUsedFeatures Library/Bee/artifacts/Android/Features/UnityEngine.TextCoreFontEngineModule-FeaturesChecked.txt
[131/183    0s] ExtractUsedFeatures Library/Bee/artifacts/Android/Features/System.Xml-FeaturesChecked.txt
[132/183    0s] ExtractUsedFeatures Library/Bee/artifacts/Android/Features/UnityEngine.TextRenderingModule-FeaturesChecked.txt
[133/183    0s] ExtractUsedFeatures Library/Bee/artifacts/Android/Features/UnityEngine.InputLegacyModule-FeaturesChecked.txt
[134/183    0s] ExtractUsedFeatures Library/Bee/artifacts/Android/Features/UnityEngine.IMGUIModule-FeaturesChecked.txt
[135/183    0s] ExtractUsedFeatures Library/Bee/artifacts/Android/Features/System.Configuration-FeaturesChecked.txt
[136/183    0s] ExtractUsedFeatures Library/Bee/artifacts/Android/Features/System.Core-FeaturesChecked.txt
[137/183    0s] ExtractUsedFeatures Library/Bee/artifacts/Android/Features/System-FeaturesChecked.txt
[138/183    0s] ExtractUsedFeatures Library/Bee/artifacts/Android/Features/Mono.Security-FeaturesChecked.txt
[139/183    0s] ExtractUsedFeatures Library/Bee/artifacts/Android/Features/UnityEngine.AudioModule-FeaturesChecked.txt
[140/183    0s] ExtractUsedFeatures Library/Bee/artifacts/Android/Features/UnityEngine.SharedInternalsModule-FeaturesChecked.txt
[141/183    0s] ExtractUsedFeatures Library/Bee/artifacts/Android/Features/Unity.Scripting-FeaturesChecked.txt
[142/183    0s] ExtractUsedFeatures Library/Bee/artifacts/Android/Features/Assembly-CSharp-FeaturesChecked.txt
[143/183    0s] ExtractUsedFeatures Library/Bee/artifacts/Android/Features/mscorlib-FeaturesChecked.txt
[144/183    0s] ClassRegistrationGenerator C:/Users/josef/AppData/Local/Temp/opencode_p1s05/s05/viewer_unity/Library/Bee/artifacts/Android/il2cppOutput/UnityClassRegistration.cpp
[145/183    0s] Compile UnityClassRegistration Library/Bee/artifacts/Android/libunity/armeabi-v7a/UnityClassRegistration.o
clang++: warning: '-x c++' after last input file has no effect [-Wunused-command-line-argument]
[146/183    0s] Compile UnityClassRegistration Library/Bee/artifacts/Android/libunity/arm64-v8a/UnityClassRegistration.o
clang++: warning: '-x c++' after last input file has no effect [-Wunused-command-line-argument]
[147/183    0s] ICallRegistrationGenerator C:/Users/josef/AppData/Local/Temp/opencode_p1s05/s05/viewer_unity/Library/Bee/artifacts/Android/il2cppOutput/UnityICallRegistration.cpp
[148/183    0s] Compile UnityICallRegistration Library/Bee/artifacts/Android/libunity/arm64-v8a/UnityICallRegistration.o
clang++: warning: '-x c++' after last input file has no effect [-Wunused-command-line-argument]
[149/183    0s] Compile UnityICallRegistration Library/Bee/artifacts/Android/libunity/armeabi-v7a/UnityICallRegistration.o
clang++: warning: '-x c++' after last in[W] FindFirstFile() failed: C:\Users\josef\AppData\Local\Temp\opencode_p1s05\s05\viewer_unity\Library\Bee\artifacts\Android\il2cppOutput\cpp\Symbols
put file has no effect [-Wunused-command-line-argument]
[150/183    1s] IL2CPP_CodeGen C:/Users/josef/AppData/Local/Temp/opencode_p1s05/s05/viewer_unity/Library/Bee/artifacts/il2cpp_conv_esh2.traceevents
C:\Program Files\Unity\Hub\Editor\6000.5.10f1\Editor\Data\il2cpp\build\deploy\il2cpp.exe --convert-to-cpp --assembly=Library/Bee/artifacts/Android/ManagedStripped/Assembly-CSharp.dll --assembly=Library/Bee/artifacts/Android/ManagedStripped/Mono.Security.dll --assembly=Library/Bee/artifacts/Android/ManagedStripped/mscorlib.dll --assembly=Library/Bee/artifacts/Android/ManagedStripped/System.Configuration.dll --assembly=Library/Bee/artifacts/Android/ManagedStripped/System.Core.dll --assembly=Library/Bee/artifacts/Android/ManagedStripped/System.dll --assembly=Library/Bee/artifacts/Android/ManagedStripped/System.Xml.dll --assembly=Library/Bee/artifacts/Android/ManagedStripped/Unity.Scripting.dll --assembly=Library/Bee/artifacts/Android/ManagedStripped/UnityEngine.AndroidJNIModule.dll --assembly=Library/Bee/artifacts/Android/ManagedStripped/UnityEngine.AudioModule.dll --assembly=Library/Bee/artifacts/Android/ManagedStripped/UnityEngine.ContentLoadModule.dll --assembly=Library/Bee/artifacts/Android/ManagedStripped/UnityEngine.CoreModule.dll --assembly=Library/Bee/artifacts/Android/ManagedStripped/UnityEngine.dll --assembly=Library/Bee/artifacts/Android/ManagedStripped/UnityEngine.IMGUIModule.dll --assembly=Library/Bee/artifacts/Android/ManagedStripped/UnityEngine.InputLegacyModule.dll --assembly=Library/Bee/artifacts/Android/ManagedStripped/UnityEngine.PhysicsModule.dll --assembly=Library/Bee/artifacts/Android/ManagedStripped/UnityEngine.ScreenCaptureModule.dll --assembly=Library/Bee/artifacts/Android/ManagedStripped/UnityEngine.ScriptingModule.dll --assembly=Library/Bee/artifacts/Android/ManagedStripped/UnityEngine.SharedInternalsModule.dll --assembly=Library/Bee/artifacts/Android/ManagedStripped/UnityEngine.TextCoreFontEngineModule.dll --assembly=Library/Bee/artifacts/Android/ManagedStripped/UnityEngine.TextCoreTextEngineModule.dll --assembly=Library/Bee/artifacts/Android/ManagedStripped/UnityEngine.TextRenderingModule.dll --generatedcppdir=C:/Users/josef/AppData/Local/Temp/opencode_p1s05/s05/viewer_unity/Library/Bee/artifacts/Android/il2cppOutput/cpp --symbols-folder=C:/Users/josef/AppData/Local/Temp/opencode_p1s05/s05/viewer_unity/Library/Bee/artifacts/Android/il2cppOutput/cpp/Symbols --enable-analytics --emit-null-checks --enable-array-bounds-check --dotnetprofile=unityaot-linux --usymtool-path=C:/Program Files/Unity/Hub/Editor/6000.5.10f1/Editor/Data/Tools\usymtool.exe --profiler-report --profiler-output-file=C:/Users/josef/AppData/Local/Temp/opencode_p1s05/s05/viewer_unity/Library/Bee/artifacts/il2cpp_conv_esh2.traceevents --print-command-line --static-lib-il2-cpp --data-folder=C:/Users/josef/AppData/Local/Temp/opencode_p1s05/s05/viewer_unity/Library/Bee/artifacts/Android/il2cppOutput/data
[151/183    1s] Link libunity Library/Bee/artifacts/Android/libunity/armeabi-v7a/unstripped/libunity.so
[152/183    1s] Link libunity Library/Bee/artifacts/Android/libunity/arm64-v8a/unstripped/libunity.so
[153/183    0s] Stripping Library/Bee/artifacts/Android/libunity/arm64-v8a/unstripped/libunity.so -> Library/Bee/artifacts/Android/libunity/arm64-v8a/stripped/libunity.so Library/Bee/artifacts/Android/libunity/arm64-v8a/stripped/libunity.so
[154/183    0s] Stripping Library/Bee/artifacts/Android/libunity/armeabi-v7a/unstripped/libunity.so -> Library/Bee/artifacts/Android/libunity/armeabi-v7a/stripped/libunity.so Library/Bee/artifacts/Android/libunity/armeabi-v7a/stripped/libunity.so
[155/183    0s] Generate Library/Bee/artifacts/Android/libunity/arm64-v8a/libunity.dbg.so from Library/Bee/artifacts/Android/libunity/arm64-v8a/unstripped/libunity.so Library/Bee/artifacts/Android/libunity/arm64-v8a/libunity.dbg.so
[156/183    0s] Generate Library/Bee/artifacts/Android/libunity/armeabi-v7a/libunity.dbg.so from Library/Bee/artifacts/Android/libunity/armeabi-v7a/unstripped/libunity.so Library/Bee/artifacts/Android/libunity/armeabi-v7a/libunity.dbg.so
[157/183    0s] Generate Library/Bee/artifacts/Android/libunity/arm64-v8a/libunity.sym.so from Library/Bee/artifacts/Android/libunity/arm64-v8a/libunity.dbg.so Library/Bee/artifacts/Android/libunity/arm64-v8a/libunity.sym.so
[158/183    0s] Generate Library/Bee/artifacts/Android/libunity/armeabi-v7a/libunity.sym.so from Library/Bee/artifacts/Android/libunity/armeabi-v7a/libunity.dbg.so Library/Bee/artifacts/Android/libunity/armeabi-v7a/libunity.sym.so
[159/183    0s] Adding note Library/Bee/artifacts/Android/libunity/arm64-v8a/stripped/libunity.so -> C:/Users/josef/AppData/Local/Temp/opencode_p1s05/s05/viewer_unity/Library/Bee/Android/Prj/IL2CPP/Gradle/unityLibrary/src/main/jniLibs/arm64-v8a/libunity.so C:/Users/josef/AppData/Local/Temp/opencode_p1s05/s05/viewer_unity/Library/Bee/Android/Prj/IL2CPP/Gradle/unityLibrary/src/main/jniLibs/arm64-v8a/libunity.so
[160/183    0s] Adding note Library/Bee/artifacts/Android/libunity/armeabi-v7a/stripped/libunity.so -> C:/Users/josef/AppData/Local/Temp/opencode_p1s05/s05/viewer_unity/Library/Bee/Android/Prj/IL2CPP/Gradle/unityLibrary/src/main/jniLibs/armeabi-v7a/libunity.so C:/Users/josef/AppData/Local/Temp/opencode_p1s05/s05/viewer_unity/Library/Bee/Android/Prj/IL2CPP/Gradle/unityLibrary/src/main/jniLibs/armeabi-v7a/libunity.so
*** Tundra requires additional run (3.25 seconds), 93 items updated, 183 evaluated
*** Additional run caused by: timestamp change of Library/Bee/artifacts/Android/Features/UnityEngine-FeaturesChecked.txt
Starting: C:\Program Files\Unity\Hub\Editor\6000.5.10f1\Editor\Data\netcorerun\netcorerun.exe "C:\Program Files\Unity\Hub\Editor\6000.5.10f1\Editor\Data\PlaybackEngines\AndroidPlayer\AndroidPlayerBuildProgram.exe" "C:/Program Files/Unity/Hub/Editor/6000.5.10f1/Editor/Data/PlaybackEngines/AndroidPlayer/Bee;C:/Program Files/Unity/Hub/Editor/6000.5.10f1/Editor/Data/Tools/BuildPipeline" "Library/Bee/Playerae43eee6.dag.json" "Library/Bee/Playerae43eee6-inputdata.json" "Library\Bee\buildprogram2.traceevents"
WorkingDir: C:/Users/josef/AppData/Local/Temp/opencode_p1s05/s05/viewer_unity
ExitCode: 4 Duration: 3s269ms
ExitCode: 0 Duration: 0s497ms
Starting: C:\Program Files\Unity\Hub\Editor\6000.5.10f1\Editor\Data\Tools\BuildPipeline\bee_backend.exe --ipc --dagfile="Library/Bee/Playerae43eee6.dag" --dagfilejson="Library\Bee\Playerae43eee6.dag.json" --profile="Library/Bee/backend4.traceevents" Player
WorkingDir: C:/Users/josef/AppData/Local/Temp/opencode_p1s05/s05/viewer_unity
Finished compiling graph: 942 nodes, 2357 flattened edges (2351 ToBuild, 6 ToUse), maximum node priority 447
[ 93/558    0s] WriteText Library/Bee/artifacts/csharpactions/unity_app_guid_7t7t.info
[ 95/558    0s] WriteResponseFile Library/Bee/artifacts/rsp/12438370367218343051.rsp
[ 96/558    0s] WriteResponseFile Library/Bee/artifacts/rsp/8926815466332706443.rsp
[159/558    0s] CopyFiles C:/Users/josef/AppData/Local/Temp/opencode_p1s05/s05/viewer_unity/Library/Bee/Android/Prj/IL2CPP/Il2CppBackup/Managed/icallsummary.txt
[           0s] ComputeLeafInputSignature Lib_Android_arm64 Library/Bee/artifacts/Android/87lik/il2cpp.a [success cc947a3a2175b2c9205e2e0a299160bc]
[           0s] ComputeLeafInputSignature Lib_Android_arm32 Library/Bee/artifacts/Android/x6ly2/il2cpp.a [success 8027d2171e739d87afec6887bbb9911a]
[161/558    0s] C_Android_arm64 Library/Bee/artifacts/Android/d8kzr/3oyobt7j0x66.o
[162/558    0s] C_Android_arm32 Library/Bee/artifacts/Android/iz17e/azcqy7oly03a.o
[163/558    0s] C_Android_arm32 Library/Bee/artifacts/Android/iz17e/3oyobt7j0x66.o
[164/558    0s] C_Android_arm64 Library/Bee/artifacts/Android/d8kzr/azcqy7oly03a.o
[165/558    0s] Generate Manifests Library/Bee/artifacts/Android/Manifest/IntermediateLauncherManifestDiag.txt (+3 others)
[166/558    0s] C_Android_arm64 Library/Bee/artifacts/Android/d8kzr/s8qhc4cy9qqi.o
[167/558    0s] C_Android_arm32 Library/Bee/artifacts/Android/iz17e/s8qhc4cy9qqi.o
[168/558    0s] C_Android_arm32 Library/Bee/artifacts/Android/iz17e/6vojh8t9zx71.o
[169/558    0s] C_Android_arm64 Library/Bee/artifacts/Android/d8kzr/6vojh8t9zx71.o
[170/558    1s] C_Android_arm64 Library/Bee/artifacts/Android/d8kzr/kf5rwc5qv7ek.o
[171/558    1s] C_Android_arm32 Library/Bee/artifacts/Android/iz17e/kf5rwc5qv7ek.o
[172/558    1s] C_Android_arm32 Library/Bee/artifacts/Android/iz17e/ps3z8da824qm.o
[173/558    1s] C_Android_arm64 Library/Bee/artifacts/Android/d8kzr/ps3z8da824qm.o
[174/558    0s] C_Android_arm32 Library/Bee/artifacts/Android/iz17e/s1m3pa9bq2nu.o
[175/558    0s] C_Android_arm64 Library/Bee/artifacts/Android/d8kzr/s1m3pa9bq2nu.o
[176/558    1s] C_Android_arm32 Library/Bee/artifacts/Android/iz17e/rxw8g5gm1mkw.o
[177/558    0s] C_Android_arm32 Library/Bee/artifacts/Android/iz17e/4d9ze7srkfyk.o
[178/558    1s] C_Android_arm64 Library/Bee/artifacts/Android/d8kzr/rxw8g5gm1mkw.o
[179/558    0s] C_Android_arm64 Library/Bee/artifacts/Android/d8kzr/qy7hzxyqx0bs.o
[180/558    0s] C_Android_arm64 Library/Bee/artifacts/Android/d8kzr/4d9ze7srkfyk.o
[181/558    0s] C_Android_arm32 Library/Bee/artifacts/Android/iz17e/qy7hzxyqx0bs.o
[182/558    2s] C_Android_arm64 Library/Bee/artifacts/Android/d8kzr/mtukfe1zqwdr.o
[183/558    2s] C_Android_arm32 Library/Bee/artifacts/Android/iz17e/mtukfe1zqwdr.o
[184/558    0s] C_Android_arm32 Library/Bee/artifacts/Android/iz17e/eysdh44r1sib.o
[185/558    0s] C_Android_arm32 Library/Bee/artifacts/Android/iz17e/nyqq37qtc81s.o
[186/558    0s] C_Android_arm64 Library/Bee/artifacts/Android/d8kzr/nyqq37qtc81s.o
[187/558    0s] C_Android_arm64 Library/Bee/artifacts/Android/d8kzr/eysdh44r1sib.o
[188/558    0s] C_Android_arm64 Library/Bee/artifacts/Android/d8kzr/nf20yq5pkdem.o
[189/558    0s] C_Android_arm32 Library/Bee/artifacts/Android/iz17e/nf20yq5pkdem.o
[190/558    3s] C_Android_arm64 Library/Bee/artifacts/Android/d8kzr/etkmdky90t83.o
[191/558    0s] C_Android_arm64 Library/Bee/artifacts/Android/d8kzr/oz8nf8c769d6.o
[192/558    0s] C_Android_arm32 Library/Bee/artifacts/Android/iz17e/oz8nf8c769d6.o
[193/558    3s] C_Android_arm32 Library/Bee/artifacts/Android/iz17e/2y689ws69yyy.o
[194/558    3s] C_Android_arm64 Library/Bee/artifacts/Android/d8kzr/nsnlpfi13f39.o
[195/558    3s] C_Android_arm32 Library/Bee/artifacts/Android/iz17e/nsnlpfi13f39.o
[196/558    3s] C_Android_arm64 Library/Bee/artifacts/Android/d8kzr/2y689ws69yyy.o
[197/558    1s] C_Android_arm32 Library/Bee/artifacts/Android/iz17e/jkqo958nest6.o
[198/558    4s] C_Android_arm32 Library/Bee/artifacts/Android/iz17e/b0p2e6yb5v0x.o
[199/558    1s] C_Android_arm64 Library/Bee/artifacts/Android/d8kzr/jkqo958nest6.o
[200/558    4s] C_Android_arm64 Library/Bee/artifacts/Android/d8kzr/gbj497xa385z.o
[201/558    4s] C_Android_arm32 Library/Bee/artifacts/Android/iz17e/gbj497xa385z.o
[202/558    5s] C_Android_arm64 Library/Bee/artifacts/Android/d8kzr/b0p2e6yb5v0x.o
[203/558    5s] C_Android_arm32 Library/Bee/artifacts/Android/iz17e/ftijvt40cp9c.o
[204/558    1s] C_Android_arm32 Library/Bee/artifacts/Android/iz17e/44op82vdi2eb.o
[205/558    1s] C_Android_arm32 Library/Bee/artifacts/Android/iz17e/zbx34cfci9jt.o
[206/558    5s] C_Android_arm64 Library/Bee/artifacts/Android/d8kzr/ftijvt40cp9c.o
[207/558    0s] C_Android_arm64 Library/Bee/artifacts/Android/d8kzr/yv5fme1s61ly.o
[208/558    2s] C_Android_arm64 Library/Bee/artifacts/Android/d8kzr/zbx34cfci9jt.o
[209/558    0s] C_Android_arm32 Library/Bee/artifacts/Android/iz17e/yv5fme1s61ly.o
[210/558    5s] C_Android_arm64 Library/Bee/artifacts/Android/d8kzr/p67na3gyoo9x.o
[211/558    0s] C_Android_arm64 Library/Bee/artifacts/Android/d8kzr/oityfet8gkn1.o
[212/558    0s] C_Android_arm32 Library/Bee/artifacts/Android/iz17e/cgysohru13z8.o
[213/558    5s] C_Android_arm32 Library/Bee/artifacts/Android/iz17e/p67na3gyoo9x.o
[214/558    0s] C_Android_arm64 Library/Bee/artifacts/Android/d8kzr/cgysohru13z8.o
[215/558    5s] C_Android_arm64 Library/Bee/artifacts/Android/d8kzr/4q4zut20l0xe.o
[216/558    6s] C_Android_arm64 Library/Bee/artifacts/Android/d8kzr/j1vadzg8ollt.o
[217/558    0s] C_Android_arm64 Library/Bee/artifacts/Android/d8kzr/0b6vmpjs0kqa.o
[218/558    0s] C_Android_arm32 Library/Bee/artifacts/Android/iz17e/0b6vmpjs0kqa.o
[219/558    6s] C_Android_arm32 Library/Bee/artifacts/Android/iz17e/j1vadzg8ollt.o
[220/558    0s] C_Android_arm32 Library/Bee/artifacts/Android/iz17e/n8bnrly5avvq.o
[221/558    5s] C_Android_arm32 Library/Bee/artifacts/Android/iz17e/08l7a3iyfdlw.o
[222/558    0s] C_Android_arm64 Library/Bee/artifacts/Android/d8kzr/n8bnrly5avvq.o
[223/558    1s] C_Android_arm64 Library/Bee/artifacts/Android/d8kzr/44op82vdi2eb.o
[224/558    5s] C_Android_arm64 Library/Bee/artifacts/Android/d8kzr/08l7a3iyfdlw.o
[225/558    5s] C_Android_arm32 Library/Bee/artifacts/Android/iz17e/4q4zut20l0xe.o
[226/558    6s] C_Android_arm64 Library/Bee/artifacts/Android/d8kzr/k28n5pgup53e.o
[227/558    6s] C_Android_arm32 Library/Bee/artifacts/Android/iz17e/crh1ow45d3qu.o
[228/558    1s] C_Android_arm64 Library/Bee/artifacts/Android/d8kzr/ao0l3in4tp79.o
[229/558    4s] C_Android_arm32 Library/Bee/artifacts/Android/iz17e/znh266tdwecm.o
[230/558    1s] C_Android_arm32 Library/Bee/artifacts/Android/iz17e/ao0l3in4tp79.o
[231/558    6s] C_Android_arm32 Library/Bee/artifacts/Android/iz17e/k28n5pgup53e.o
[232/558    6s] C_Android_arm32 Library/Bee/artifacts/Android/iz17e/p1m648vosgz3.o
[233/558    0s] C_Android_arm32 Library/Bee/artifacts/Android/iz17e/isuhzlpzr9m9.o
[236/558    7s] C_Android_arm64 Library/Bee/artifacts/Android/d8kzr/crh1ow45d3qu.o
[237/558    4s] C_Android_arm64 Library/Bee/artifacts/Android/d8kzr/znh266tdwecm.o
[238/558    2s] C_Android_arm32 Library/Bee/artifacts/Android/iz17e/4yiln0om92ef.o
[239/558    0s] C_Android_arm64 Library/Bee/artifacts/Android/d8kzr/isuhzlpzr9m9.o
[240/558    2s] C_Android_arm64 Library/Bee/artifacts/Android/d8kzr/4yiln0om92ef.o
[241/558    7s] C_Android_arm64 Library/Bee/artifacts/Android/d8kzr/p1m648vosgz3.o
[242/558    1s] C_Android_arm32 Library/Bee/artifacts/Android/iz17e/3fhpvr1fu4to.o
[243/558    5s] C_Android_arm32 Library/Bee/artifacts/Android/iz17e/rc7jdd6z216q.o
[244/558    0s] C_Android_arm32 Library/Bee/artifacts/Android/iz17e/tnlt13wumqqv.o
[245/558    4s] C_Android_arm32 Library/Bee/artifacts/Android/iz17e/wftqufd97jch.o
[246/558    0s] C_Android_arm64 Library/Bee/artifacts/Android/d8kzr/tnlt13wumqqv.o
[247/558    1s] C_Android_arm32 Library/Bee/artifacts/Android/iz17e/k90v8cez15gd.o
[248/558    1s] C_Android_arm64 Library/Bee/artifacts/Android/d8kzr/k90v8cez15gd.o
[249/558    1s] C_Android_arm32 Library/Bee/artifacts/Android/iz17e/8m4fsa5bp4sh.o
[250/558    1s] C_Android_arm64 Library/Bee/artifacts/Android/d8kzr/8m4fsa5bp4sh.o
[251/558    0s] C_Android_arm32 Library/Bee/artifacts/Android/iz17e/mqf4qfr1vjdt.o
[252/558    5s] C_Android_arm64 Library/Bee/artifacts/Android/d8kzr/wftqufd97jch.o
[253/558    0s] C_Android_arm64 Library/Bee/artifacts/Android/d8kzr/mqf4qfr1vjdt.o
[254/558    0s] C_Android_arm32 Library/Bee/artifacts/Android/iz17e/oityfet8gkn1.o
[255/558    0s] C_Android_arm64 Library/Bee/artifacts/Android/d8kzr/culn6mlbxb3y.o
[256/558    0s] C_Android_arm32 Library/Bee/artifacts/Android/iz17e/culn6mlbxb3y.o
[257/558    0s] C_Android_arm32 Library/Bee/artifacts/Android/iz17e/8qd8p9er182a.o
[258/558    0s] C_Android_arm64 Library/Bee/artifacts/Android/d8kzr/8qd8p9er182a.o
[259/558    1s] C_Android_arm32 Library/Bee/artifacts/Android/iz17e/jed44w48vnhi.o
[260/558    1s] C_Android_arm64 Library/Bee/artifacts/Android/d8kzr/jed44w48vnhi.o
[261/558    0s] C_Android_arm64 Library/Bee/artifacts/Android/d8kzr/ab2meol6q0iw.o
[262/558    0s] C_Android_arm32 Library/Bee/artifacts/Android/iz17e/ab2meol6q0iw.o
[263/558    0s] C_Android_arm64 Library/Bee/artifacts/Android/d8kzr/9gtzg8hpblpg.o
[264/558    0s] C_Android_arm32 Library/Bee/artifacts/Android/iz17e/9gtzg8hpblpg.o
[265/558    1s] C_Android_arm64 Library/Bee/artifacts/Android/d8kzr/q2kff9f0b5fo.o
[266/558    1s] C_Android_arm32 Library/Bee/artifacts/Android/iz17e/q2kff9f0b5fo.o
[267/558    3s] C_Android_arm32 Library/Bee/artifacts/Android/iz17e/etkmdky90t83.o
[268/558    1s] C_Android_arm64 Library/Bee/artifacts/Android/d8kzr/zjbww020wo6r.o
[269/558    1s] C_Android_arm32 Library/Bee/artifacts/Android/iz17e/zjbww020wo6r.o
[270/558    2s] C_Android_arm64 Library/Bee/artifacts/Android/d8kzr/rbga61mnvs13.o
[271/558    2s] C_Android_arm32 Library/Bee/artifacts/Android/iz17e/rbga61mnvs13.o
[272/558    4s] C_Android_arm32 Library/Bee/artifacts/Android/iz17e/t27eo5afoaow.o
[273/558    4s] C_Android_arm64 Library/Bee/artifacts/Android/d8kzr/0v1irmac0gt1.o
[274/558    1s] C_Android_arm64 Library/Bee/artifacts/Android/d8kzr/ahqukiamv4an.o
[275/558    6s] C_Android_arm64 Library/Bee/artifacts/Android/d8kzr/8prqfvv72a5u.o
[276/558    4s] C_Android_arm64 Library/Bee/artifacts/Android/d8kzr/t27eo5afoaow.o
[277/558    4s] C_Android_arm32 Library/Bee/artifacts/Android/iz17e/0v1irmac0gt1.o
[278/558    0s] C_Android_arm64 Library/Bee/artifacts/Android/d8kzr/xg8sczltpo8m.o
[279/558    6s] C_Android_arm32 Library/Bee/artifacts/Android/iz17e/8prqfvv72a5u.o
[280/558    4s] C_Android_arm64 Library/Bee/artifacts/Android/d8kzr/epomaz1xruz6.o
[281/558    0s] C_Android_arm32 Library/Bee/artifacts/Android/iz17e/xg8sczltpo8m.o
[282/558    1s] C_Android_arm32 Library/Bee/artifacts/Android/iz17e/ahqukiamv4an.o
[283/558    7s] C_Android_arm32 Library/Bee/artifacts/Android/iz17e/pc2xeh4fy57y.o
[284/558    5s] C_Android_arm64 Library/Bee/artifacts/Android/d8kzr/nrne6jetyjq5.o
[285/558    5s] C_Android_arm32 Library/Bee/artifacts/Android/iz17e/epomaz1xruz6.o
[286/558    5s] C_Android_arm32 Library/Bee/artifacts/Android/iz17e/nrne6jetyjq5.o
[287/558    4s] C_Android_arm64 Library/Bee/artifacts/Android/d8kzr/t5uev4945yge.o
[288/558    4s] C_Android_arm32 Library/Bee/artifacts/Android/iz17e/t5uev4945yge.o
[289/558    1s] C_Android_arm64 Library/Bee/artifacts/Android/d8kzr/f03so2b0ozyp.o
[290/558    0s] C_Android_arm32 Library/Bee/artifacts/Android/iz17e/ryduzuk4j5pr.o
[291/558    8s] C_Android_arm64 Library/Bee/artifacts/Android/d8kzr/pc2xeh4fy57y.o
[292/558    5s] C_Android_arm64 Library/Bee/artifacts/Android/d8kzr/unvz9i3ewid1.o
[293/558    5s] C_Android_arm32 Library/Bee/artifacts/Android/iz17e/unvz9i3ewid1.o
[294/558    0s] C_Android_arm64 Library/Bee/artifacts/Android/d8kzr/tnas2k1egs5d.o
[295/558    0s] C_Android_arm64 Library/Bee/artifacts/Android/d8kzr/ryduzuk4j5pr.o
[296/558    0s] C_Android_arm32 Library/Bee/artifacts/Android/iz17e/tnas2k1egs5d.o
[297/558    1s] C_Android_arm32 Library/Bee/artifacts/Android/iz17e/f03so2b0ozyp.o
[298/558    5s] C_Android_arm32 Library/Bee/artifacts/Android/iz17e/lopvqcxvi1wf.o
[299/558    4s] C_Android_arm64 Library/Bee/artifacts/Android/d8kzr/p0fu8ndkoqdy.o
[300/558    5s] C_Android_arm64 Library/Bee/artifacts/Android/d8kzr/lopvqcxvi1wf.o
[301/558    0s] C_Android_arm32 Library/Bee/artifacts/Android/iz17e/uzjvdy0nj6ej.o
[302/558    0s] C_Android_arm64 Library/Bee/artifacts/Android/d8kzr/uzjvdy0nj6ej.o
[303/558    0s] C_Android_arm32 Library/Bee/artifacts/Android/iz17e/vxm9avqtaw0l.o
[304/558    0s] C_Android_arm64 Library/Bee/artifacts/Android/d8kzr/vxm9avqtaw0l.o
[305/558    4s] C_Android_arm32 Library/Bee/artifacts/Android/iz17e/p0fu8ndkoqdy.o
[306/558    4s] C_Android_arm32 Library/Bee/artifacts/Android/iz17e/yfyctbftcgb9.o
[307/558    1s] C_Android_arm64 Library/Bee/artifacts/Android/d8kzr/ux719ist6gf4.o
[308/558    1s] C_Android_arm32 Library/Bee/artifacts/Android/iz17e/ux719ist6gf4.o
[309/558    4s] C_Android_arm64 Library/Bee/artifacts/Android/d8kzr/yfyctbftcgb9.o
[310/558    1s] C_Android_arm64 Library/Bee/artifacts/Android/d8kzr/0o1qmlnol4xr.o
[311/558    1s] C_Android_arm32 Library/Bee/artifacts/Android/iz17e/0o1qmlnol4xr.o
[312/558    5s] C_Android_arm32 Library/Bee/artifacts/Android/iz17e/ylsmxp2amx99.o
[313/558    5s] C_Android_arm64 Library/Bee/artifacts/Android/d8kzr/ylsmxp2amx99.o
[314/558    1s] C_Android_arm64 Library/Bee/artifacts/Android/d8kzr/9rm17i4m1i56.o
[315/558    1s] C_Android_arm32 Library/Bee/artifacts/Android/iz17e/9rm17i4m1i56.o
[316/558    6s] C_Android_arm32 Library/Bee/artifacts/Android/iz17e/e8derxfgtq02.o
[317/558    3s] C_Android_arm64 Library/Bee/artifacts/Android/d8kzr/sewzmux2cj92.o
[318/558    4s] C_Android_arm32 Library/Bee/artifacts/Android/iz17e/sewzmux2cj92.o
[319/558    1s] C_Android_arm32 Library/Bee/artifacts/Android/iz17e/9oddvzoumr2i.o
[320/558    8s] C_Android_arm64 Library/Bee/artifacts/Android/d8kzr/2jp8bt9zetvi.o
[321/558    8s] C_Android_arm32 Library/Bee/artifacts/Android/iz17e/2jp8bt9zetvi.o
[322/558    4s] C_Android_arm64 Library/Bee/artifacts/Android/d8kzr/q3vtlm6orqko.o
[323/558    4s] C_Android_arm32 Library/Bee/artifacts/Android/iz17e/q3vtlm6orqko.o
[324/558    4s] C_Android_arm64 Library/Bee/artifacts/Android/d8kzr/mjpnrb5766l0.o
[325/558    4s] C_Android_arm32 Library/Bee/artifacts/Android/iz17e/mjpnrb5766l0.o
[326/558    1s] C_Android_arm64 Library/Bee/artifacts/Android/d8kzr/9oddvzoumr2i.o
[327/558    1s] C_Android_arm64 Library/Bee/artifacts/Android/d8kzr/3fhpvr1fu4to.o
[328/558    4s] C_Android_arm64 Library/Bee/artifacts/Android/d8kzr/f3ynpshcz6ok.o
[329/558    6s] C_Android_arm32 Library/Bee/artifacts/Android/iz17e/mw9bbsdum3dv.o
[330/558    4s] C_Android_arm32 Library/Bee/artifacts/Android/iz17e/f3ynpshcz6ok.o
[331/558    6s] C_Android_arm64 Library/Bee/artifacts/Android/d8kzr/mw9bbsdum3dv.o
[332/558    0s] C_Android_arm32 Library/Bee/artifacts/Android/iz17e/zpt2rnt5k05a.o
[333/558    0s] C_Android_arm64 Library/Bee/artifacts/Android/d8kzr/zpt2rnt5k05a.o
[334/558    5s] C_Android_arm64 Library/Bee/artifacts/Android/d8kzr/q4m3sxp1yzpb.o
[335/558    4s] C_Android_arm32 Library/Bee/artifacts/Android/iz17e/7bd0q1rrprpe.o
[336/558    4s] C_Android_arm64 Library/Bee/artifacts/Android/d8kzr/4c0bt4va0gf3.o
[337/558    6s] C_Android_arm32 Library/Bee/artifacts/Android/iz17e/x7dw8vyu8dut.o
[338/558    5s] C_Android_arm64 Library/Bee/artifacts/Android/d8kzr/7bd0q1rrprpe.o
[339/558    4s] C_Android_arm32 Library/Bee/artifacts/Android/iz17e/4c0bt4va0gf3.o
[340/558    5s] C_Android_arm32 Library/Bee/artifacts/Android/iz17e/q4m3sxp1yzpb.o
[341/558    0s] C_Android_arm64 Library/Bee/artifacts/Android/d8kzr/qv2u7dc0zi2u.o
[342/558    0s] C_Android_arm32 Library/Bee/artifacts/Android/iz17e/qv2u7dc0zi2u.o
[343/558    5s] C_Android_arm64 Library/Bee/artifacts/Android/d8kzr/i3gvu474ea5f.o
[344/558    5s] C_Android_arm32 Library/Bee/artifacts/Android/iz17e/8jxgbh8ptt6t.o
[345/558    6s] C_Android_arm64 Library/Bee/artifacts/Android/d8kzr/k8ohq3dulexl.o
[346/558    5s] C_Android_arm64 Library/Bee/artifacts/Android/d8kzr/8jxgbh8ptt6t.o
[347/558    6s] C_Android_arm64 Library/Bee/artifacts/Android/d8kzr/x7dw8vyu8dut.o
[348/558    5s] C_Android_arm32 Library/Bee/artifacts/Android/iz17e/i3gvu474ea5f.o
[349/558    6s] C_Android_arm32 Library/Bee/artifacts/Android/iz17e/k8ohq3dulexl.o
[350/558    0s] C_Android_arm32 Library/Bee/artifacts/Android/iz17e/qbi92oksjc1n.o
[351/558    0s] C_Android_arm64 Library/Bee/artifacts/Android/d8kzr/qbi92oksjc1n.o
[352/558    0s] C_Android_arm64 Library/Bee/artifacts/Android/d8kzr/kwy1o7u7w3es.o
[353/558    0s] C_Android_arm32 Library/Bee/artifacts/Android/iz17e/kwy1o7u7w3es.o
[354/558    6s] C_Android_arm64 Library/Bee/artifacts/Android/d8kzr/csa8smkx5pia.o
[355/558    0s] C_Android_arm64 Library/Bee/artifacts/Android/d8kzr/1q1gci03avjz.o
[356/558    7s] C_Android_arm32 Library/Bee/artifacts/Android/iz17e/csa8smkx5pia.o
[357/558    0s] C_Android_arm32 Library/Bee/artifacts/Android/iz17e/1q1gci03avjz.o
[358/558    7s] C_Android_arm32 Library/Bee/artifacts/Android/iz17e/abgsxm2jl2aj.o
[359/558    5s] C_Android_arm32 Library/Bee/artifacts/Android/iz17e/ely2aeo28msx.o
[360/558    8s] C_Android_arm64 Library/Bee/artifacts/Android/d8kzr/abgsxm2jl2aj.o
[361/558    0s] C_Android_arm32 Library/Bee/artifacts/Android/iz17e/qrcoymplqdmk.o
[362/558    0s] C_Android_arm64 Library/Bee/artifacts/Android/d8kzr/qrcoymplqdmk.o
[363/558    5s] C_Android_arm64 Library/Bee/artifacts/Android/d8kzr/ely2aeo28msx.o
[364/558    1s] C_Android_arm32 Library/Bee/artifacts/Android/iz17e/h5lqqwngevqp.o
[365/558    1s] C_Android_arm64 Library/Bee/artifacts/Android/d8kzr/h5lqqwngevqp.o
[366/558    5s] C_Android_arm64 Library/Bee/artifacts/Android/d8kzr/rc7jdd6z216q.o
[367/558    0s] C_Android_arm32 Library/Bee/artifacts/Android/iz17e/hpwc2k66db6g.o
[368/558    0s] C_Android_arm64 Library/Bee/artifacts/Android/d8kzr/hpwc2k66db6g.o
[369/558    5s] C_Android_arm32 Library/Bee/artifacts/Android/iz17e/1qmsphc85whj.o
[370/558    1s] C_Android_arm32 Library/Bee/artifacts/Android/iz17e/e2j4mjsyj911.o
[371/558    5s] C_Android_arm64 Library/Bee/artifacts/Android/d8kzr/xnd7evt7bmtw.o
[372/558    5s] C_Android_arm64 Library/Bee/artifacts/Android/d8kzr/1qmsphc85whj.o
[373/558    1s] C_Android_arm64 Library/Bee/artifacts/Android/d8kzr/e2j4mjsyj911.o
[374/558    5s] C_Android_arm32 Library/Bee/artifacts/Android/iz17e/xnd7evt7bmtw.o
[375/558    5s] C_Android_arm64 Library/Bee/artifacts/Android/d8kzr/lb566vo9244k.o
[376/558    1s] C_Android_arm32 Library/Bee/artifacts/Android/iz17e/4ldmmxzvk368.o
[377/558    7s] C_Android_arm64 Library/Bee/artifacts/Android/d8kzr/3ikjaem2hygz.o
[378/558    1s] C_Android_arm64 Library/Bee/artifacts/Android/d8kzr/4ldmmxzvk368.o
[379/558    0s] ModifyAndroidProjectCallback C:/Users/josef/AppData/Local/Temp/opencode_p1s05/s05/viewer_unity/Library/Bee/Android/Prj/IL2CPP/Gradle/launcher/src/main/AndroidManifest.xml (+8 others)
[380/558    0s] CopyFiles C:/Users/josef/AppData/Local/Temp/opencode_p1s05/s05/viewer_unity/Library/Bee/Android/Prj/IL2CPP/Il2CppBackup/il2cppOutput/Assembly-CSharp.cpp
[381/558    0s] CopyFiles C:/Users/josef/AppData/Local/Temp/opencode_p1s05/s05/viewer_unity/Library/Bee/Android/Prj/IL2CPP/Il2CppBackup/il2cppOutput/Il2CppGenericMethodPointerTable.c
[382/558    0s] CopyFiles C:/Users/josef/AppData/Local/Temp/opencode_p1s05/s05/viewer_unity/Library/Bee/Android/Prj/IL2CPP/Il2CppBackup/il2cppOutput/Unity.Scripting.cpp
[383/558    0s] CopyFiles C:/Users/josef/AppData/Local/Temp/opencode_p1s05/s05/viewer_unity/Library/Bee/Android/Prj/IL2CPP/Il2CppBackup/il2cppOutput/UnityEngine.AndroidJNIModule_CodeGen.c
[384/558    0s] CopyFiles C:/Users/josef/AppData/Local/Temp/opencode_p1s05/s05/viewer_unity/Library/Bee/Android/Prj/IL2CPP/Il2CppBackup/il2cppOutput/Il2CppCCFieldValuesTable.c
[385/558    0s] CopyFiles C:/Users/josef/AppData/Local/Temp/opencode_p1s05/s05/viewer_unity/Library/Bee/Android/Prj/IL2CPP/Il2CppBackup/il2cppOutput/UnityEngine.PhysicsModule.cpp
[386/558    0s] CopyFiles C:/Users/josef/AppData/Local/Temp/opencode_p1s05/s05/viewer_unity/Library/Bee/Android/Prj/IL2CPP/Il2CppBackup/il2cppOutput/UnityEngine.ScriptingModule_CodeGen.c
[387/558    0s] CopyFiles C:/Users/josef/AppData/Local/Temp/opencode_p1s05/s05/viewer_unity/Library/Bee/Android/Prj/IL2CPP/Il2CppBackup/il2cppOutput/mscorlib_CodeGen.c
[388/558    0s] CopyFiles C:/Users/josef/AppData/Local/Temp/opencode_p1s05/s05/viewer_unity/Library/Bee/Android/Prj/IL2CPP/Il2CppBackup/il2cppOutput/Il2CppInvokerTable.cpp
[389/558    0s] CopyFiles C:/Users/josef/AppData/Local/Temp/opencode_p1s05/s05/viewer_unity/Library/Bee/Android/Prj/IL2CPP/Il2CppBackup/il2cppOutput/UnityEngine.IMGUIModule_CodeGen.c
[390/558    0s] CopyFiles C:/Users/josef/AppData/Local/Temp/opencode_p1s05/s05/viewer_unity/Library/Bee/Android/Prj/IL2CPP/Il2CppBackup/il2cppOutput/Il2CppCodeRegistration.cpp
[391/558    0s] CopyFiles C:/Users/josef/AppData/Local/Temp/opencode_p1s05/s05/viewer_unity/Library/Bee/Android/Prj/IL2CPP/Il2CppBackup/il2cppOutput/UnityEngine.ContentLoadModule_CodeGen.c
[392/558    0s] CopyFiles C:/Users/josef/AppData/Local/Temp/opencode_p1s05/s05/viewer_unity/Library/Bee/Android/Prj/IL2CPP/Il2CppBackup/il2cppOutput/Il2CppInteropDataTable.cpp
[393/558    0s] CopyFiles C:/Users/josef/AppData/Local/Temp/opencode_p1s05/s05/viewer_unity/Library/Bee/Android/Prj/IL2CPP/Il2CppBackup/il2cppOutput/Il2CppCCalculateTypeValues.cpp
[394/558    0s] CopyFiles C:/Users/josef/AppData/Local/Temp/opencode_p1s05/s05/viewer_unity/Library/Bee/Android/Prj/IL2CPP/Il2CppBackup/il2cppOutput/UnityEngine.CoreModule_CodeGen.c
[395/558    0s] CopyFiles C:/Users/josef/AppData/Local/Temp/opencode_p1s05/s05/viewer_unity/Library/Bee/Android/Prj/IL2CPP/Il2CppBackup/il2cppOutput/UnityEngine.ScreenCaptureModule.cpp
[396/558    0s] CopyFiles C:/Users/josef/AppData/Local/Temp/opencode_p1s05/s05/viewer_unity/Library/Bee/Android/Prj/IL2CPP/Il2CppBackup/il2cppOutput/UnityEngine.ScreenCaptureModule_CodeGen.c
[397/558    0s] CopyFiles C:/Users/josef/AppData/Local/Temp/opencode_p1s05/s05/viewer_unity/Library/Bee/Android/Prj/IL2CPP/Il2CppBackup/il2cppOutput/GenericMethods__3.cpp
[398/558    0s] CopyFiles C:/Users/josef/AppData/Local/Temp/opencode_p1s05/s05/viewer_unity/Library/Bee/Android/Prj/IL2CPP/Il2CppBackup/il2cppOutput/GenericMethods__1.cpp
[399/558    0s] CopyFiles C:/Users/josef/AppData/Local/Temp/opencode_p1s05/s05/viewer_unity/Library/Bee/Android/Prj/IL2CPP/Il2CppBackup/il2cppOutput/UnityEngine.AndroidJNIModule.cpp
[400/558    0s] CopyFiles C:/Users/josef/AppData/Local/Temp/opencode_p1s05/s05/viewer_unity/Library/Bee/Android/Prj/IL2CPP/Il2CppBackup/il2cppOutput/UnityEngine.SharedInternalsModule_CodeGen.c
[401/558    0s] CopyFiles C:/Users/josef/AppData/Local/Temp/opencode_p1s05/s05/viewer_unity/Library/Bee/Android/Prj/IL2CPP/Il2CppBackup/il2cppOutput/UnityEngine.SharedInternalsModule.cpp
[402/558    0s] CopyFiles C:/Users/josef/AppData/Local/Temp/opencode_p1s05/s05/viewer_unity/Library/Bee/Android/Prj/IL2CPP/Il2CppBackup/il2cppOutput/UnityEngine.InputLegacyModule_CodeGen.c
[403/558    0s] CopyFiles C:/Users/josef/AppData/Local/Temp/opencode_p1s05/s05/viewer_unity/Library/Bee/Android/Prj/IL2CPP/Il2CppBackup/il2cppOutput/Assembly-CSharp__1.cpp
[404/558    0s] CopyFiles C:/Users/josef/AppData/Local/Temp/opencode_p1s05/s05/viewer_unity/Library/Bee/Android/Prj/IL2CPP/Il2CppBackup/il2cppOutput/UnityEngine.IMGUIModule__1.cpp
[405/558    0s] CopyFiles C:/Users/josef/AppData/Local/Temp/opencode_p1s05/s05/viewer_unity/Library/Bee/Android/Prj/IL2CPP/Il2CppBackup/il2cppOutput/Il2CppGenericInstDefinitions.c
[406/558    0s] CopyFiles C:/Users/josef/AppData/Local/Temp/opencode_p1s05/s05/viewer_unity/Library/Bee/Android/Prj/IL2CPP/Il2CppBackup/il2cppOutput/System.Xml.cpp
[407/558    0s] CopyFiles C:/Users/josef/AppData/Local/Temp/opencode_p1s05/s05/viewer_unity/Library/Bee/Android/Prj/IL2CPP/Il2CppBackup/il2cppOutput/UnityEngine.PhysicsModule_CodeGen.c
[408/558    0s] CopyFiles C:/Users/josef/AppData/Local/Temp/opencode_p1s05/s05/viewer_unity/Library/Bee/Android/Prj/IL2CPP/Il2CppBackup/il2cppOutput/UnityEngine.AudioModule_CodeGen.c
[409/558    0s] CopyFiles C:/Users/josef/AppData/Local/Temp/opencode_p1s05/s05/viewer_unity/Library/Bee/Android/Prj/IL2CPP/Il2CppBackup/il2cppOutput/Il2CppMetadataUsage.c
[410/558    0s] CopyFiles C:/Users/josef/AppData/Local/Temp/opencode_p1s05/s05/viewer_unity/Library/Bee/Android/Prj/IL2CPP/Il2CppBackup/il2cppOutput/UnityEngine.TextCoreFontEngineModule.cpp
[411/558    0s] CopyFiles C:/Users/josef/AppData/Local/Temp/opencode_p1s05/s05/viewer_unity/Library/Bee/Android/Prj/IL2CPP/Il2CppBackup/il2cppOutput/UnityEngine.TextCoreFontEngineModule_CodeGen.c
[412/558    0s] CopyFiles C:/Users/josef/AppData/Local/Temp/opencode_p1s05/s05/viewer_unity/Library/Bee/Android/Prj/IL2CPP/Il2CppBackup/il2cppOutput/Assembly-CSharp__2.cpp
[413/558    0s] CopyFiles C:/Users/josef/AppData/Local/Temp/opencode_p1s05/s05/viewer_unity/Library/Bee/Android/Prj/IL2CPP/Il2CppBackup/il2cppOutput/GenericMethods.cpp
[414/558    0s] CopyFiles C:/Users/josef/AppData/Local/Temp/opencode_p1s05/s05/viewer_unity/Library/Bee/Android/Prj/IL2CPP/Il2CppBackup/il2cppOutput/Il2CppCCTypeValuesTable.c
[415/558    0s] CopyFiles C:/Users/josef/AppData/Local/Temp/opencode_p1s05/s05/viewer_unity/Library/Bee/Android/Prj/IL2CPP/Il2CppBackup/il2cppOutput/Il2CppRgctxTable.c
[416/558    0s] CopyFiles C:/Users/josef/AppData/Local/Temp/opencode_p1s05/s05/viewer_unity/Library/Bee/Android/Prj/IL2CPP/Il2CppBackup/il2cppOutput/UnityEngine.ScriptingModule.cpp
[417/558    0s] CopyFiles C:/Users/josef/AppData/Local/Temp/opencode_p1s05/s05/viewer_unity/Library/Bee/Android/Prj/IL2CPP/Il2CppBackup/il2cppOutput/GenericMethods__4.cpp
[418/558    0s] CopyFiles C:/Users/josef/AppData/Local/Temp/opencode_p1s05/s05/viewer_unity/Library/Bee/Android/Prj/IL2CPP/Il2CppBackup/il2cppOutput/Il2CppReversePInvokeWrapperTable.cpp
[419/558    0s] CopyFiles C:/Users/josef/AppData/Local/Temp/opencode_p1s05/s05/viewer_unity/Library/Bee/Android/Prj/IL2CPP/Il2CppBackup/il2cppOutput/GenericMethods__5.cpp
[420/558    0s] CopyFiles C:/Users/josef/AppData/Local/Temp/opencode_p1s05/s05/viewer_unity/Library/Bee/Android/Prj/IL2CPP/Il2CppBackup/il2cppOutput/analytics.json
[421/558    0s] CopyFiles C:/Users/josef/AppData/Local/Temp/opencode_p1s05/s05/viewer_unity/Library/Bee/Android/Prj/IL2CPP/Gradle/unityLibrary/src/main/assets/bin/Data/Managed/Resources/mscorlib.dll-resources.dat
[422/558    7s] C_Android_arm64 Library/Bee/artifacts/Android/d8kzr/5ns55csro284.o
[423/558    0s] CopyFiles C:/Users/josef/AppData/Local/Temp/opencode_p1s05/s05/viewer_unity/Library/Bee/Android/Prj/IL2CPP/Il2CppBackup/il2cppOutput/System.Configuration.cpp
[424/558    0s] CopyFiles C:/Users/josef/AppData/Local/Temp/opencode_p1s05/s05/viewer_unity/Library/Bee/Android/Prj/IL2CPP/Il2CppBackup/il2cppOutput/UnityEngine.CoreModule.cpp
[425/558    0s] CopyFiles C:/Users/josef/AppData/Local/Temp/opencode_p1s05/s05/viewer_unity/Library/Bee/artifacts/Android/il2cppOutput/build/armeabi-v7a/Data/Resources/mscorlib.dll-resources.dat
[426/558    0s] CopyFiles C:/Users/josef/AppData/Local/Temp/opencode_p1s05/s05/viewer_unity/Library/Bee/Android/Prj/IL2CPP/Il2CppBackup/il2cppOutput/Il2CppCCalculateFieldValues.cpp
[427/558    0s] CopyFiles C:/Users/josef/AppData/Local/Temp/opencode_p1s05/s05/viewer_unity/Library/Bee/Android/Prj/IL2CPP/Gradle/unityLibrary/src/main/assets/bin/Data/Managed/Metadata/global-metadata.dat
[428/558    0s] CopyFiles C:/Users/josef/AppData/Local/Temp/opencode_p1s05/s05/viewer_unity/Library/Bee/Android/Prj/IL2CPP/Il2CppBackup/il2cppOutput/UnityEngine.CoreModule__1.cpp
[429/558    0s] CopyFiles C:/Users/josef/AppData/Local/Temp/opencode_p1s05/s05/viewer_unity/Library/Bee/Android/Prj/IL2CPP/Il2CppBackup/il2cppOutput/mscorlib__7.cpp
[430/558    0s] CopyFiles C:/Users/josef/AppData/Local/Temp/opencode_p1s05/s05/viewer_unity/Library/Bee/Android/Prj/IL2CPP/Il2CppBackup/il2cppOutput/Generics__6.cpp
[431/558    0s] CopyFiles C:/Users/josef/AppData/Local/Temp/opencode_p1s05/s05/viewer_unity/Library/Bee/Android/Prj/IL2CPP/Il2CppBackup/il2cppOutput/__Generated.cpp
[432/558    0s] CopyFiles C:/Users/josef/AppData/Local/Temp/opencode_p1s05/s05/viewer_unity/Library/Bee/Android/Prj/IL2CPP/Il2CppBackup/il2cppOutput/mscorlib__3.cpp
[433/558    0s] CopyFiles C:/Users/josef/AppData/Local/Temp/opencode_p1s05/s05/viewer_unity/Library/Bee/Android/Prj/IL2CPP/Il2CppBackup/il2cppOutput/Generics__8.cpp
[434/558    0s] CopyFiles C:/Users/josef/AppData/Local/Temp/opencode_p1s05/s05/viewer_unity/Library/Bee/Android/Prj/IL2CPP/Il2CppBackup/il2cppOutput/Generics__9.cpp
[435/558    0s] CopyFiles C:/Users/josef/AppData/Local/Temp/opencode_p1s05/s05/viewer_unity/Library/Bee/Android/Prj/IL2CPP/Il2CppBackup/il2cppOutput/mscorlib__8.cpp
[436/558    0s] CopyFiles C:/Users/josef/AppData/Local/Temp/opencode_p1s05/s05/viewer_unity/Library/Bee/Android/Prj/IL2CPP/Il2CppBackup/il2cppOutput/Generics__3.cpp
[437/558    0s] CopyFiles C:/Users/josef/AppData/Local/Temp/opencode_p1s05/s05/viewer_unity/Library/Bee/Android/Prj/IL2CPP/Il2CppBackup/il2cppOutput/mscorlib__6.cpp
[438/558    0s] CopyFiles C:/Users/josef/AppData/Local/Temp/opencode_p1s05/s05/viewer_unity/Library/Bee/Android/Prj/IL2CPP/Il2CppBackup/il2cppOutput/mscorlib__9.cpp
[439/558    0s] CopyFiles C:/Users/josef/AppData/Local/Temp/opencode_p1s05/s05/viewer_unity/Library/Bee/Android/Prj/IL2CPP/Il2CppBackup/il2cppOutput/System.Core.cpp
[440/558    7s] C_Android_arm32 Library/Bee/artifacts/Android/iz17e/3ikjaem2hygz.o
[441/558    0s] CopyFiles C:/Users/josef/AppData/Local/Temp/opencode_p1s05/s05/viewer_unity/Library/Bee/Android/Prj/IL2CPP/Il2CppBackup/il2cppOutput/mscorlib__4.cpp
[442/558    0s] CopyFiles C:/Users/josef/AppData/Local/Temp/opencode_p1s05/s05/viewer_unity/Library/Bee/Android/Prj/IL2CPP/Il2CppBackup/il2cppOutput/mscorlib__1.cpp
[443/558    0s] CopyFiles C:/Users/josef/AppData/Local/Temp/opencode_p1s05/s05/viewer_unity/Library/Bee/Android/Prj/IL2CPP/Il2CppBackup/il2cppOutput/Generics__2.cpp
[444/558    0s] CopyFiles C:/Users/josef/AppData/Local/Temp/opencode_p1s05/s05/viewer_unity/Library/Bee/Android/Prj/IL2CPP/Il2CppBackup/il2cppOutput/Generics__5.cpp
[445/558    0s] CopyFiles C:/Users/josef/AppData/Local/Temp/opencode_p1s05/s05/viewer_unity/Library/Bee/Android/Prj/IL2CPP/Il2CppBackup/il2cppOutput/mscorlib__2.cpp
[446/558    0s] CopyFiles C:/Users/josef/AppData/Local/Temp/opencode_p1s05/s05/viewer_unity/Library/Bee/Android/Prj/IL2CPP/Il2CppBackup/il2cppOutput/Generics__1.cpp
[447/558    0s] CopyFiles C:/Users/josef/AppData/Local/Temp/opencode_p1s05/s05/viewer_unity/Library/Bee/Android/Prj/IL2CPP/Il2CppBackup/il2cppOutput/Generics__4.cpp
[448/558    0s] CopyFiles C:/Users/josef/AppData/Local/Temp/opencode_p1s05/s05/viewer_unity/Library/Bee/Android/Prj/IL2CPP/Il2CppBackup/il2cppOutput/Generics__7.cpp
[449/558    0s] CopyFiles C:/Users/josef/AppData/Local/Temp/opencode_p1s05/s05/viewer_unity/Library/Bee/Android/Prj/IL2CPP/Il2CppBackup/il2cppOutput/mscorlib__5.cpp
[450/558    0s] CopyFiles C:/Users/josef/AppData/Local/Temp/opencode_p1s05/s05/viewer_unity/Library/Bee/Android/Prj/IL2CPP/Il2CppBackup/il2cppOutput/UnityEngine.cpp
[451/558    0s] CopyFiles C:/Users/josef/AppData/Local/Temp/opencode_p1s05/s05/viewer_unity/Library/Bee/Android/Prj/IL2CPP/Il2CppBackup/il2cppOutput/Generics__19.cpp
[452/558    0s] CopyFiles C:/Users/josef/AppData/Local/Temp/opencode_p1s05/s05/viewer_unity/Library/Bee/Android/Prj/IL2CPP/Il2CppBackup/il2cppOutput/mscorlib__11.cpp
[453/558    0s] CopyFiles C:/Users/josef/AppData/Local/Temp/opencode_p1s05/s05/viewer_unity/Library/Bee/Android/Prj/IL2CPP/Il2CppBackup/il2cppOutput/mscorlib__14.cpp
[454/558    0s] CopyFiles C:/Users/josef/AppData/Local/Temp/opencode_p1s05/s05/viewer_unity/Library/Bee/Android/Prj/IL2CPP/Il2CppBackup/il2cppOutput/Generics__23.cpp
[455/558    0s] CopyFiles C:/Users/josef/AppData/Local/Temp/opencode_p1s05/s05/viewer_unity/Library/Bee/Android/Prj/IL2CPP/Il2CppBackup/il2cppOutput/mscorlib__18.cpp
[456/558    0s] CopyFiles C:/Users/josef/AppData/Local/Temp/opencode_p1s05/s05/viewer_unity/Library/Bee/Android/Prj/IL2CPP/Il2CppBackup/il2cppOutput/mscorlib__13.cpp
[457/558    0s] CopyFiles C:/Users/josef/AppData/Local/Temp/opencode_p1s05/s05/viewer_unity/Library/Bee/Android/Prj/IL2CPP/Il2CppBackup/il2cppOutput/mscorlib__17.cpp
[458/558    0s] CopyFiles C:/Users/josef/AppData/Local/Temp/opencode_p1s05/s05/viewer_unity/Library/Bee/Android/Prj/IL2CPP/Il2CppBackup/il2cppOutput/Generics__22.cpp
[459/558    0s] CopyFiles C:/Users/josef/AppData/Local/Temp/opencode_p1s05/s05/viewer_unity/Library/Bee/Android/Prj/IL2CPP/Il2CppBackup/il2cppOutput/Generics__11.cpp
[460/558    0s] CopyFiles C:/Users/josef/AppData/Local/Temp/opencode_p1s05/s05/viewer_unity/Library/Bee/Android/Prj/IL2CPP/Il2CppBackup/il2cppOutput/Generics__15.cpp
[461/558    0s] CopyFiles C:/Users/josef/AppData/Local/Temp/opencode_p1s05/s05/viewer_unity/Library/Bee/Android/Prj/IL2CPP/Il2CppBackup/il2cppOutput/mscorlib__10.cpp
[462/558    0s] CopyFiles C:/Users/josef/AppData/Local/Temp/opencode_p1s05/s05/viewer_unity/Library/Bee/Android/Prj/IL2CPP/Il2CppBackup/il2cppOutput/Generics__21.cpp
[463/558    0s] CopyFiles C:/Users/josef/AppData/Local/Temp/opencode_p1s05/s05/viewer_unity/Library/Bee/Android/Prj/IL2CPP/Il2CppBackup/il2cppOutput/Generics__18.cpp
[464/558    0s] CopyFiles C:/Users/josef/AppData/Local/Temp/opencode_p1s05/s05/viewer_unity/Library/Bee/Android/Prj/IL2CPP/Il2CppBackup/il2cppOutput/Generics__10.cpp
[465/558    0s] CopyFiles C:/Users/josef/AppData/Local/Temp/opencode_p1s05/s05/viewer_unity/Library/Bee/Android/Prj/IL2CPP/Il2CppBackup/il2cppOutput/Generics__20.cpp
[466/558    0s] CopyFiles C:/Users/josef/AppData/Local/Temp/opencode_p1s05/s05/viewer_unity/Library/Bee/Android/Prj/IL2CPP/Il2CppBackup/il2cppOutput/Generics__13.cpp
[467/558    0s] CopyFiles C:/Users/josef/AppData/Local/Temp/opencode_p1s05/s05/viewer_unity/Library/Bee/Android/Prj/IL2CPP/Il2CppBackup/il2cppOutput/Generics__17.cpp
[468/558    0s] CopyFiles C:/Users/josef/AppData/Local/Temp/opencode_p1s05/s05/viewer_unity/Library/Bee/Android/Prj/IL2CPP/Il2CppBackup/il2cppOutput/mscorlib__12.cpp
[469/558    0s] CopyFiles C:/Users/josef/AppData/Local/Temp/opencode_p1s05/s05/viewer_unity/Library/Bee/Android/Prj/IL2CPP/Il2CppBackup/il2cppOutput/mscorlib__15.cpp
[470/558    0s] CopyFiles C:/Users/josef/AppData/Local/Temp/opencode_p1s05/s05/viewer_unity/Library/Bee/Android/Prj/IL2CPP/Il2CppBackup/il2cppOutput/Generics__12.cpp
[471/558    0s] CopyFiles C:/Users/josef/AppData/Local/Temp/opencode_p1s05/s05/viewer_unity/Library/Bee/Android/Prj/IL2CPP/Il2CppBackup/il2cppOutput/Generics__14.cpp
[472/558    0s] CopyFiles C:/Users/josef/AppData/Local/Temp/opencode_p1s05/s05/viewer_unity/Library/Bee/Android/Prj/IL2CPP/Il2CppBackup/il2cppOutput/mscorlib__16.cpp
[473/558    0s] CopyFiles C:/Users/josef/AppData/Local/Temp/opencode_p1s05/s05/viewer_unity/Library/Bee/Android/Prj/IL2CPP/Il2CppBackup/il2cppOutput/Generics__16.cpp
[474/558    0s] CopyFiles C:/Users/josef/AppData/Local/Temp/opencode_p1s05/s05/viewer_unity/Library/Bee/Android/Prj/IL2CPP/Il2CppBackup/il2cppOutput/Il2CppGenericAdjustorThunkTable.c
[475/558    0s] CopyFiles C:/Users/josef/AppData/Local/Temp/opencode_p1s05/s05/viewer_unity/Library/Bee/Android/Prj/IL2CPP/Il2CppBackup/il2cppOutput/Il2CppGenericClassTable.c
[476/558    0s] CopyFiles C:/Users/josef/AppData/Local/Temp/opencode_p1s05/s05/viewer_unity/Library/Bee/Android/Prj/IL2CPP/Il2CppBackup/il2cppOutput/System.Core_CodeGen.c
[477/558    0s] CopyFiles C:/Users/josef/AppData/Local/Temp/opencode_p1s05/s05/viewer_unity/Library/Bee/Android/Prj/IL2CPP/Il2CppBackup/il2cppOutput/System.Configuration_CodeGen.c
[478/558    0s] CopyFiles C:/Users/josef/AppData/Local/Temp/opencode_p1s05/s05/viewer_unity/Library/Bee/Android/Prj/IL2CPP/Il2CppBackup/il2cppOutput/__Generated_CodeGen.c
[479/558    0s] CopyFiles C:/Users/josef/AppData/Local/Temp/opencode_p1s05/s05/viewer_unity/Library/Bee/Android/Prj/IL2CPP/Il2CppBackup/il2cppOutput/System_CodeGen.c
[480/558    0s] CopyFiles C:/Users/josef/AppData/Local/Temp/opencode_p1s05/s05/viewer_unity/Library/Bee/Android/Prj/IL2CPP/Il2CppBackup/il2cppOutput/UnityEngine_CodeGen.c
[481/558    0s] CopyFiles C:/Users/josef/AppData/Local/Temp/opencode_p1s05/s05/viewer_unity/Library/Bee/Android/Prj/IL2CPP/Il2CppBackup/il2cppOutput/Assembly-CSharp_CodeGen.c
[482/558    0s] CopyFiles C:/Users/josef/AppData/Local/Temp/opencode_p1s05/s05/viewer_unity/Library/Bee/Android/Prj/IL2CPP/Il2CppBackup/il2cppOutput/System.Xml_CodeGen.c
[483/558    0s] CopyFiles C:/Users/josef/AppData/Local/Temp/opencode_p1s05/s05/viewer_unity/Library/Bee/Android/Prj/IL2CPP/Il2CppBackup/il2cppOutput/Il2CppMetadataRegistration.c
[484/558    0s] CopyFiles C:/Users/josef/AppData/Local/Temp/opencode_p1s05/s05/viewer_unity/Library/Bee/Android/Prj/IL2CPP/Il2CppBackup/il2cppOutput/UnityEngine.TextCoreTextEngineModule_CodeGen.c
[485/558    0s] CopyFiles C:/Users/josef/AppData/Local/Temp/opencode_p1s05/s05/viewer_unity/Library/Bee/Android/Prj/IL2CPP/Il2CppBackup/il2cppOutput/UnityEngine.TextCoreTextEngineModule.cpp
[486/558    0s] CopyFiles C:/Users/josef/AppData/Local/Temp/opencode_p1s05/s05/viewer_unity/Library/Bee/Android/Prj/IL2CPP/Il2CppBackup/il2cppOutput/UnityEngine.TextCoreTextEngineModule__2.cpp
[487/558    0s] CopyFiles C:/Users/josef/AppData/Local/Temp/opencode_p1s05/s05/viewer_unity/Library/Bee/Android/Prj/IL2CPP/Il2CppBackup/il2cppOutput/UnityEngine.TextCoreTextEngineModule__3.cpp
[488/558    0s] CopyFiles C:/Users/josef/AppData/Local/Temp/opencode_p1s05/s05/viewer_unity/Library/Bee/Android/Prj/IL2CPP/Il2CppBackup/il2cppOutput/UnityEngine.TextCoreTextEngineModule__1.cpp
[489/558    0s] CopyFiles C:/Users/josef/AppData/Local/Temp/opencode_p1s05/s05/viewer_unity/Library/Bee/Android/Prj/IL2CPP/Il2CppBackup/il2cppOutput/Il2CppGenericMethodDefinitions.c
[490/558    0s] CopyFiles C:/Users/josef/AppData/Local/Temp/opencode_p1s05/s05/viewer_unity/Library/Bee/Android/Prj/IL2CPP/Il2CppBackup/il2cppOutput/UnityEngine.InputLegacyModule.cpp
[491/558    0s] CopyFiles C:/Users/josef/AppData/Local/Temp/opencode_p1s05/s05/viewer_unity/Library/Bee/Android/Prj/IL2CPP/Il2CppBackup/il2cppOutput/System__2.cpp
[492/558    0s] CopyFiles C:/Users/josef/AppData/Local/Temp/opencode_p1s05/s05/viewer_unity/Library/Bee/Android/Prj/IL2CPP/Il2CppBackup/il2cppOutput/Mono.Security_CodeGen.c
[493/558    0s] CopyFiles C:/Users/josef/AppData/Local/Temp/opencode_p1s05/s05/viewer_unity/Library/Bee/Android/Prj/IL2CPP/Il2CppBackup/il2cppOutput/System__1.cpp
[494/558    0s] CopyFiles C:/Users/josef/AppData/Local/Temp/opencode_p1s05/s05/viewer_unity/Library/Bee/Android/Prj/IL2CPP/Il2CppBackup/il2cppOutput/Il2CppGenericMethodTable.c
[495/558    0s] CopyFiles C:/Users/josef/AppData/Local/Temp/opencode_p1s05/s05/viewer_unity/Library/Bee/Android/Prj/IL2CPP/Il2CppBackup/il2cppOutput/UnityEngine.AudioModule.cpp
[496/558    0s] CopyFiles C:/Users/josef/AppData/Local/Temp/opencode_p1s05/s05/viewer_unity/Library/Bee/Android/Prj/IL2CPP/Il2CppBackup/il2cppOutput/UnityEngine.CoreModule__2.cpp
[497/558    0s] CopyFiles C:/Users/josef/AppData/Local/Temp/opencode_p1s05/s05/viewer_unity/Library/Bee/Android/Prj/IL2CPP/Il2CppBackup/il2cppOutput/Il2CppUnresolvedIndirectCallStubs.cpp
[498/558    0s] CopyFiles C:/Users/josef/AppData/Local/Temp/opencode_p1s05/s05/viewer_unity/Library/Bee/Android/Prj/IL2CPP/Il2CppBackup/il2cppOutput/Mono.Security.cpp
[499/558    0s] CopyFiles C:/Users/josef/AppData/Local/Temp/opencode_p1s05/s05/viewer_unity/Library/Bee/Android/Prj/IL2CPP/Il2CppBackup/il2cppOutput/GenericMethods__2.cpp
[500/558    0s] CopyFiles C:/Users/josef/AppData/Local/Temp/opencode_p1s05/s05/viewer_unity/Library/Bee/Android/Prj/IL2CPP/Il2CppBackup/il2cppOutput/Unity.Scripting_CodeGen.c
[501/558    0s] CopyFiles C:/Users/josef/AppData/Local/Temp/opencode_p1s05/s05/viewer_unity/Library/Bee/artifacts/Android/il2cppOutput/build/armeabi-v7a/Data/Metadata/global-metadata.dat
[502/558    0s] CopyFiles C:/Users/josef/AppData/Local/Temp/opencode_p1s05/s05/viewer_unity/Library/Bee/Android/Prj/IL2CPP/Il2CppBackup/il2cppOutput/UnityEngine.ContentLoadModule.cpp
[503/558    0s] CopyFiles C:/Users/josef/AppData/Local/Temp/opencode_p1s05/s05/viewer_unity/Library/Bee/Android/Prj/IL2CPP/Il2CppBackup/il2cppOutput/Il2CppTypeDefinitions.c
[504/558    0s] CopyFiles C:/Users/josef/AppData/Local/Temp/opencode_p1s05/s05/viewer_unity/Library/Bee/Android/Prj/IL2CPP/Il2CppBackup/il2cppOutput/mscorlib.cpp
[505/558    0s] CopyFiles C:/Users/josef/AppData/Local/Temp/opencode_p1s05/s05/viewer_unity/Library/Bee/Android/Prj/IL2CPP/Il2CppBackup/il2cppOutput/UnityEngine.TextRenderingModule.cpp
[506/558    0s] CopyFiles C:/Users/josef/AppData/Local/Temp/opencode_p1s05/s05/viewer_unity/Library/Bee/Android/Prj/IL2CPP/Il2CppBackup/il2cppOutput/Generics.cpp
[507/558    0s] CopyFiles C:/Users/josef/AppData/Local/Temp/opencode_p1s05/s05/viewer_unity/Library/Bee/Android/Prj/IL2CPP/Il2CppBackup/il2cppOutput/UnityEngine.TextRenderingModule_CodeGen.c
[508/558    0s] CopyFiles C:/Users/josef/AppData/Local/Temp/opencode_p1s05/s05/viewer_unity/Library/Bee/Android/Prj/IL2CPP/Il2CppBackup/il2cppOutput/UnityEngine.IMGUIModule.cpp
[509/558    0s] CopyFiles C:/Users/josef/AppData/Local/Temp/opencode_p1s05/s05/viewer_unity/Library/Bee/Android/Prj/IL2CPP/Il2CppBackup/il2cppOutput/System.cpp
[510/558    0s] GuidGenerator C:/Users/josef/AppData/Local/Temp/opencode_p1s05/s05/viewer_unity/Library/Bee/Android/Prj/IL2CPP/Gradle/unityLibrary/src/main/assets/bin/Data/unity_app_guid
[511/558    5s] C_Android_arm32 Library/Bee/artifacts/Android/iz17e/lb566vo9244k.o
[512/558    5s] C_Android_arm64 Library/Bee/artifacts/Android/d8kzr/8x5luv2aiofr.o
[513/558    1s] C_Android_arm64 Library/Bee/artifacts/Android/d8kzr/xksazsnxx5j7.o
[514/558    1s] C_Android_arm32 Library/Bee/artifacts/Android/iz17e/xksazsnxx5j7.o
[515/558    5s] C_Android_arm32 Library/Bee/artifacts/Android/iz17e/8x5luv2aiofr.o
[516/558    7s] C_Android_arm32 Library/Bee/artifacts/Android/iz17e/5ns55csro284.o
[517/558    5s] C_Android_arm64 Library/Bee/artifacts/Android/d8kzr/2ckx95330rrq.o
[518/558    7s] C_Android_arm32 Library/Bee/artifacts/Android/iz17e/as5luqid1tji.o
[519/558    7s] C_Android_arm64 Library/Bee/artifacts/Android/d8kzr/as5luqid1tji.o
[520/558    5s] C_Android_arm32 Library/Bee/artifacts/Android/iz17e/xd85camcivsu.o
[521/558    5s] C_Android_arm32 Library/Bee/artifacts/Android/iz17e/2ckx95330rrq.o
[522/558    5s] C_Android_arm32 Library/Bee/artifacts/Android/iz17e/4gzys8u5r9wc.o
[523/558    6s] C_Android_arm64 Library/Bee/artifacts/Android/d8kzr/xd85camcivsu.o
[524/558    6s] C_Android_arm64 Library/Bee/artifacts/Android/d8kzr/f9x26b9qigm8.o
[525/558    6s] C_Android_arm64 Library/Bee/artifacts/Android/d8kzr/4gzys8u5r9wc.o
[526/558    5s] C_Android_arm32 Library/Bee/artifacts/Android/iz17e/nu25xowqrjse.o
[527/558    6s] C_Android_arm32 Library/Bee/artifacts/Android/iz17e/f9x26b9qigm8.o
[528/558    2s] C_Android_arm64 Library/Bee/artifacts/Android/d8kzr/8flcpuka5ebm.o
[529/558    2s] C_Android_arm32 Library/Bee/artifacts/Android/iz17e/8flcpuka5ebm.o
[530/558    5s] C_Android_arm64 Library/Bee/artifacts/Android/d8kzr/7ysb7kj59uxj.o
[531/558    6s] C_Android_arm32 Library/Bee/artifacts/Android/iz17e/7ysb7kj59uxj.o
[532/558    5s] C_Android_arm64 Library/Bee/artifacts/Android/d8kzr/nu25xowqrjse.o
[533/558    5s] C_Android_arm64 Library/Bee/artifacts/Android/d8kzr/5ojfdob4vbes.o
[534/558    4s] C_Android_arm32 Library/Bee/artifacts/Android/iz17e/5ojfdob4vbes.o
[535/558    3s] C_Android_arm32 Library/Bee/artifacts/Android/iz17e/tmgg79d1glqi.o
[536/558    3s] C_Android_arm64 Library/Bee/artifacts/Android/d8kzr/tmgg79d1glqi.o
[537/558    4s] C_Android_arm64 Library/Bee/artifacts/Android/d8kzr/e8derxfgtq02.o
[538/558    4s] C_Android_arm64 Library/Bee/artifacts/Android/d8kzr/34fv8ofcweyn.o
[539/558    0s] Link_Android_arm64 Library/Bee/artifacts/Android/d8kzr/libil2cpp.so
[540/558    0s] CopyFiles C:/Users/josef/AppData/Local/Temp/opencode_p1s05/s05/viewer_unity/Library/Bee/artifacts/Android/il2cppOutput/build/arm64-v8a/libil2cpp.dbg.so
[541/558    0s] CopyFiles Library/Bee/artifacts/objcopy_5lmi/libil2cpp.dbg.so
[542/558    0s] NdkObjCopy Library/Bee/artifacts/objcopy_5lmi/stripped/libil2cpp.so
[543/558    0s] NdkObjCopy Library/Bee/artifacts/objcopy_5lmi/libil2cpp.sym.so
[544/558    0s] CopyFiles C:/Users/josef/AppData/Local/Temp/opencode_p1s05/s05/viewer_unity/Library/Bee/artifacts/Android/il2cppOutput/build/arm64-v8a/libil2cpp.sym.so
[545/558    0s] NdkObjCopy Library/Bee/artifacts/objcopy_5lmi/libil2cpp.so
[546/558    0s] CopyFiles C:/Users/josef/AppData/Local/Temp/opencode_p1s05/s05/viewer_unity/Library/Bee/Android/Prj/IL2CPP/Gradle/unityLibrary/src/main/jniLibs/arm64-v8a/libil2cpp.so
[547/558    0s] CopyFiles C:/Users/josef/AppData/Local/Temp/opencode_p1s05/s05/viewer_unity/Library/Bee/artifacts/Android/il2cppOutput/build/arm64-v8a/libil2cpp.so
[548/558    5s] C_Android_arm32 Library/Bee/artifacts/Android/iz17e/34fv8ofcweyn.o
[549/558    0s] Link_Android_arm32 Library/Bee/artifacts/Android/iz17e/libil2cpp.so
[550/558    0s] CopyFiles C:/Users/josef/AppData/Local/Temp/opencode_p1s05/s05/viewer_unity/Library/Bee/artifacts/Android/il2cppOutput/build/armeabi-v7a/libil2cpp.dbg.so
[551/558    0s] CopyFiles Library/Bee/artifacts/objcopy_b9ry/libil2cpp.dbg.so
[552/558    0s] NdkObjCopy Library/Bee/artifacts/objcopy_b9ry/stripped/libil2cpp.so
[553/558    0s] NdkObjCopy Library/Bee/artifacts/objcopy_b9ry/libil2cpp.sym.so
[554/558    0s] CopyFiles C:/Users/josef/AppData/Local/Temp/opencode_p1s05/s05/viewer_unity/Library/Bee/artifacts/Android/il2cppOutput/build/armeabi-v7a/libil2cpp.sym.so
[555/558    0s] NdkObjCopy Library/Bee/artifacts/objcopy_b9ry/libil2cpp.so
[556/558    0s] CopyFiles C:/Users/josef/AppData/Local/Temp/opencode_p1s05/s05/viewer_unity/Library/Bee/Android/Prj/IL2CPP/Gradle/unityLibrary/src/main/jniLibs/armeabi-v7a/libil2cpp.so
[557/558    0s] CopyFiles C:/Users/josef/AppData/Local/Temp/opencode_p1s05/s05/viewer_unity/Library/Bee/artifacts/Android/il2cppOutput/build/armeabi-v7a/libil2cpp.so
*** Tundra build success (28.91 seconds), 399 items updated, 558 evaluated
ExitCode: 0 Duration: 28s
Total cache size 76066136
Total cache size after purge 76066136, took 00:00:00.0382998
DisplayProgressbar: Calling IPostGenerateGradleAndroidProject callbacks
Calling IPostGenerateGradleAndroidProject callbacks on 'C:\Users\josef\AppData\Local\Temp\opencode_p1s05\s05\viewer_unity\Library\Bee\Android\Prj\IL2CPP\Gradle\unityLibrary':
Android PostProcess task "Calling IPostGenerateGradleAndroidProject callbacks" took 1.3914 ms
DisplayProgressbar: Validate Gradle Project
Android PostProcess task "Validate Gradle Project" took 0.9296 ms
Android PostProcess task "Unity Services Symbol Upload" took 0.3253 ms
DisplayProgressbar: Building Gradle project
Starting: C:\Program Files\Unity\Hub\Editor\6000.5.10f1\Editor\Data\PlaybackEngines\AndroidPlayer\OpenJDK\bin\java.exe -classpath "C:\Program Files\Unity\Hub\Editor\6000.5.10f1\Editor\Data\PlaybackEngines\AndroidPlayer\Tools\gradle\lib\gradle-launcher-9.1.0.jar" org.gradle.launcher.GradleMain "-Dorg.gradle.jvmargs=-Xmx4096m" "assembleRelease" 
WorkingDir: C:/Users/josef/AppData/Local/Temp/opencode_p1s05/s05/viewer_unity/Library/Bee/Android/Prj/IL2CPP/Gradle\launcher
Build log was saved at 'C:\Users\josef\AppData\Local\Temp\opencode_p1s05\s05\viewer_unity\Library\Bee\Android\Prj\IL2CPP\Gradle\launcher\build\outputs\logs\unity-assembleRelease-build.log'
Android PostProcess task "Building Gradle project" took 80220.6172 ms
DisplayProgressbar: Building Gradle Symbols
Android PostProcess task "Building Gradle Symbols" took 0.227 ms
DisplayProgressbar: Processing Mapping File
Android PostProcess task "Processing Mapping File" took 0.256 ms
DisplayProgressbar: Moving output package(s)
Copy 'C:/Users/josef/AppData/Local/Temp/opencode_p1s05/s05/viewer_unity/Library/Bee/Android/Prj/IL2CPP/Gradle\launcher\build\outputs\apk\release\launcher-release.apk' -> 
 'C:/Users/josef/AppData/Local/Temp/opencode_p1s05/s05/artifacts/android/lab-viewer-inicial.apk'
Android PostProcess task "Moving output package(s)" took 22.2544 ms
Android PostProcess task "Checking Symbols size" took 0.7171 ms
[Licensing::Client] Successfully resolved entitlement details
[Licensing::Client] Successfully resolved entitlement details
[Licensing::Client] Successfully resolved entitlement details

-------------------------------------------------------------------------------
Build Report
Uncompressed usage by category (Percentages based on user generated assets only):
Textures               3.2 mb	 99.4% 
Meshes                 0.0 kb	 0.0% 
Animations             0.0 kb	 0.0% 
Sounds                 0.0 kb	 0.0% 
Shaders                14.2 kb	 0.4% 
Other Assets           1.4 kb	 0.0% 
Levels                 2.6 kb	 0.1% 
File headers           1.2 kb	 0.0% 
Total User Assets      3.2 mb	 100.0% 
Complete build size    272.5 mb
Used Assets and files from the Resources folder, sorted by uncompressed size:
 2.7 mb	 1.0% Built-in Texture2D: Splash Screen Unity Logo
 527.0 kb	 0.2% Resources/unity_builtin_extra
 0.4 kb	 0.0% Built-in Sprite: 
 0.2 kb	 0.0% Packages/com.unity.multiplayer.center/Common/IOnboardingSectionAnalyticsProvider.cs
 0.1 kb	 0.0% Packages/com.unity.multiplayer.center/Common/SelectedSolutionsData.cs
 0.1 kb	 0.0% Packages/com.unity.multiplayer.center/Common/IOnboardingSection.cs
 0.1 kb	 0.0% Packages/com.unity.multiplayer.center/Common/StyleConstants.cs
 0.1 kb	 0.0% Packages/com.unity.multiplayer.center/Common/AnswerData.cs
 0.1 kb	 0.0% Assets/Scripts/EsfuerzosController.cs
 0.1 kb	 0.0% Assets/Scripts/ViewerController.cs
 0.1 kb	 0.0% Assets/Scripts/InteraccionUI.cs
 0.1 kb	 0.0% Assets/Scripts/CameraController.cs
 0.1 kb	 0.0% Assets/Scripts/Triangulator.cs
 0.1 kb	 0.0% Assets/Scripts/LabLoader.cs
 0.1 kb	 0.0% Assets/Scripts/LabModel.cs
 0.1 kb	 0.0% Assets/Scripts/Json.cs
-------------------------------------------------------------------------------
Unloading 4 Unused Serialized files (Serialized files now loaded: 0)
Unloading 4 unused Assets / (6.8 KB). Loaded Objects now: 922.
Memory consumption went from 217.0 MB to 217.0 MB.
Total: 6.582900 ms (FindLiveObjects: 0.056700 ms CreateObjectMapping: 0.008900 ms MarkObjects: 6.466000 ms  DeleteObjects: 0.050400 ms)

DisplayProgressNotification: Build Successful
Build Finished, Result: Success.
##utp:{"success":true,"type":"PlayerBuildInfo","version":2,"phase":"Immediate","time":1789937446944,"processId":48700,"steps":[{"description":"Preprocess Player","duration":7},{"description":"Prepare For Build","duration":2540},{"description":"ProducePlayerScriptAssemblies","duration":2928},{"description":"Verify Build setup","duration":13},{"description":"Prepare assets for target platform","duration":2},{"description":"Prepare splash screen","duration":719},{"description":"Build scripts DLLs","duration":84},{"description":"Building scenes","duration":50},{"description":"Build GlobalGameManagers file","duration":186},{"description":"Writing asset files","duration":523},{"description":"Building Resources/unity_builtin_extra","duration":5273},{"description":"Write data build dirty tracking information","duration":8},{"description":"Postprocess built player","duration":137026}],"duration":149359}
Unloading 0 Unused Serialized files (Serialized files now loaded: 0)
Loaded scene 'Temp/__Backupscenes/0.backup'
	Deserialize:            1.114 ms
	Integration:            5.344 ms
	Integration of assets:  0.002 ms
	Thread Wait Time:       0.009 ms
	Total Operation Time:   6.469 ms
Unloading 0 unused Assets / (0 B). Loaded Objects now: 915.
Memory consumption went from 218.3 MB to 218.3 MB.
Total: 6.149800 ms (FindLiveObjects: 0.055600 ms CreateObjectMapping: 0.009000 ms MarkObjects: 6.081900 ms  DeleteObjects: 0.002700 ms)

[LabAndroidBuild] Resultado registrado en C:\Users\josef\AppData\Local\Temp\opencode_p1s05\s05\evidence\android_build_inicial_resultado.json
UnityEngine.Debug:ExtractStackTraceNoAlloc (byte*,int,string)
UnityEngine.StackTraceUtility:ExtractStackTrace ()
UnityEngine.DebugLogHandler:Internal_Log (UnityEngine.LogType,UnityEngine.LogOption,string,UnityEngine.Object)
UnityEngine.DebugLogHandler:LogFormat (UnityEngine.LogType,UnityEngine.Object,string,object[])
UnityEngine.Logger:Log (UnityEngine.LogType,object)
UnityEngine.Debug:Log (object)
LabViewer.EditorTools.LabAndroidBuild:Registrar (System.Collections.Generic.Dictionary`2<string, object>) (at Assets/Editor/LabAndroidBuild.cs:121)
LabViewer.EditorTools.LabAndroidBuild:BuildInicialAPK () (at Assets/Editor/LabAndroidBuild.cs:97)

(Filename: Assets/Editor/LabAndroidBuild.cs Line: 121)

MonoPathRemapper: Attempts to remap: 2591; Successful remaps: 10
Serialized file version minimum: 23, current 23
Starting: C:\Program Files\Unity\Hub\Editor\6000.5.10f1\Editor\Data\PlaybackEngines\AndroidPlayer\OpenJDK\bin\java.exe -classpath "C:\Program Files\Unity\Hub\Editor\6000.5.10f1\Editor\Data\PlaybackEngines\AndroidPlayer\Tools\gradle\lib\gradle-launcher-9.1.0.jar" org.gradle.launcher.GradleMain "-Dorg.gradle.jvmargs=-Xmx4096m" "--stop" 
WorkingDir: 
Build log was saved at 'C:\Users\josef\AppData\Local\Temp\opencode_p1s05\s05\viewer_unity\build\outputs\logs\unity---stop-build.log'
Killing ADB server in 2.072695 seconds.
[Physics::Module] Cleanup current backend.
[Physics::Module] Id: 0xf2b8ea05
Input System module state changed to: ShutdownInProgress.
Input Polling Thread exited.
Input System module state changed to: Shutdown.
[Licensing::IpcConnector] LicenseClient-josef-notifications channel disconnected successfully.
[Licensing::IpcConnector] LicenseClient-josef channel disconnected successfully.
Lingering sessions upon destruction of worker manager
AcceleratorClientConnectionCallback - disconnected - :0
Cleanup mono
CodeReloadManager destroyed
abort_threads: Failed aborting id: 0000000000008E3C, mono_thread_manage will ignore it

abort_threads: Failed aborting id: 000000000000D0D8, mono_thread_manage will ignore it

abort_threads: Failed aborting id: 0000000000008E3C, mono_thread_manage will ignore it

abort_threads: Failed aborting id: 000000000000D0D8, mono_thread_manage will ignore it

debugger-agent: Unable to listen on 3656
[usbmuxd] Stop listen thread
[usbmuxd] Listen thread exiting
Checking for leaked weakptr:
  Found no leaked weakptrs.
[Package Manager] Server process was shutdown
##utp:{"type":"MemoryLeaks","version":2,"phase":"Immediate","time":1789937453458,"processId":48700,"allocatedMemory":12271944,"memoryLabels":[{"Default":181524},{"Permanent":15516},{"NewDelete":67979},{"Thread":4197560},{"Manager":39013},{"VertexData":8},{"Geometry":816},{"Texture":24},{"Shader":1505978},{"Material":24},{"GfxDevice":55328},{"Animation":952},{"Audio":968},{"FreeType":8},{"FontEngine":736},{"Physics":2146},{"Physics2D":16},{"Serialization":1176},{"Input":42840},{"JobScheduler":256},{"TextLib":280},{"Mono":48},{"ScriptingNativeRuntime":689868},{"BaseObject":1623128},{"Resource":1208},{"Renderer":3080},{"Transform":4685},{"File":3997},{"WebCam":616},{"Culling":32},{"Terrain":11442},{"Wind":24},{"STL":40},{"String":21944},{"StaticString":3808},{"Utility":2675958},{"Curl":2498},{"PoolAlloc":2168},{"AI":80},{"TypeTree":23229},{"CodeReload":448},{"RuntimeInitializeOnLoadManager":64},{"Sprites":102},{"SpriteAtlas":120},{"GI":7816},{"Director":8296},{"CloudService":9224},{"WebRequest":552},{"VR":47114},{"SceneManager":608},{"Video":64},{"LazyScriptCache":32},{"Camera":17},{"Secure":2377},{"SerializationCache":1576},{"APIUpdating":10320},{"Subsystems":336},{"VirtualTexturing":57888},{"StaticSafetyDebugInfo":278528},{"Analytics":728},{"Hierarchy":1176},{"UIElements":72},{"CoreStats":13688},{"Identifiers":6768},{"Gui":128},{"EditorUtility":97981},{"VersionControl":8},{"Undo":931},{"AssetDatabase":475928},{"AssetImporter":40},{"EditorGi":328},{"UnityConnect":38905},{"Upm":1912},{"UpmDiagnostics":8},{"AssetCompliance":64},{"DrivenProperties":72},{"LocalIPC":260},{"ProfilerEditor":9746},{"CoreBusinessMetrics":3502},{"Windowing":456},{"Licensing":12800},{"AssetReference":32},{"IPCStream":32}]}
~StackAllocator(ALLOC_TEMP_MAIN) m_LastAlloc not NULL. Did you forget to call FreeAllStackAllocations()? To get more information, run app with -diag-temp-memory-leak-validation cmd line argument
